dsim_gene_id	dsim_symbol	dsim_symbol_clean	dmel_gene_id	dmel_symbol	match_status
FBgn0012820	Dsim\Acp26Aa	Acp26Aa	FBgn0002855	Acp26Aa	matched
FBgn0012821	Dsim\Acp26Ab	Acp26Ab	FBgn0002856	Acp26Ab	matched
FBgn0012823	Dsim\Act88F	Act88F	FBgn0000047	Act88F	matched
FBgn0012824	Dsim\Adh	Adh	FBgn0000055	Adh	matched
FBgn0012825	Dsim\Adhr	Adhr	FBgn0000056	Adhr	matched
FBgn0012826	Dsim\Amy-d	Amy-d	FBgn0000078	Amy-d	matched
FBgn0012827	Dsim\Amy-p	Amy-p	FBgn0000079	Amy-p	matched
FBgn0012832	Dsim\Est-6	Est-6	FBgn0000592	Est-6	matched
FBgn0012837	Dsim\Gpdh	Gpdh			unmatched
FBgn0012838	Dsim\GstD1	GstD1	FBgn0001149	GstD1	matched
FBgn0012840	Dsim\Hsp83	Hsp83	FBgn0001233	Hsp83	matched
FBgn0012844	Dsim\Mlc1	Mlc1	FBgn0002772	Mlc1	matched
FBgn0012845	Dsim\MtnA	MtnA	FBgn0002868	MtnA	matched
FBgn0012846	Dsim\N	N	FBgn0004647	N	matched
FBgn0012849	Dsim\Pgd	Pgd	FBgn0004654	Pgd	matched
FBgn0012851	Dsim\Rdl	Rdl	FBgn0004244	Rdl	matched
FBgn0012854	Dsim\Sod	Sod			unmatched
FBgn0012859	Dsim\Yp2	Yp2	FBgn0005391	Yp2	matched
FBgn0012860	Dsim\Zw	Zw			unmatched
FBgn0012864	Dsim\bcd	bcd	FBgn0000166	bcd	matched
FBgn0012866	Dsim\ci	ci	FBgn0004859	ci	matched
FBgn0012868	Dsim\dec-1	dec-1			unmatched
FBgn0012892	Dsim\sala	sala	FBgn0003313	sala	matched
FBgn0012893	Dsim\sc	sc	FBgn0004170	sc	matched
FBgn0012901	Dsim\tra	tra	FBgn0003741	tra	matched
FBgn0012902	Dsim\w	w	FBgn0003996	w	matched
FBgn0012903	Dsim\y	y	FBgn0004034	y	matched
FBgn0012904	Dsim\z	z	FBgn0004050	z	matched
FBgn0013875	Dsim\Gld	Gld	FBgn0001112	Gld	matched
FBgn0013883	Dsim\ref(2)P	ref(2)P	FBgn0003231	ref(2)P	matched
FBgn0013884	Dsim\v	v	FBgn0003965	v	matched
FBgn0014814	Dsim\Dl	Dl			unmatched
FBgn0014820	Dsim\Ubx	Ubx	FBgn0003944	Ubx	matched
FBgn0015169	Dsim\r	r	FBgn0003189	r	matched
FBgn0015670	Dsim\Top2	Top2	FBgn0284220	Top2	matched
FBgn0015673	Dsim\dpp	dpp	FBgn0000490	dpp	matched
FBgn0016334	Dsim\Ddc	Ddc	FBgn0000422	Ddc	matched
FBgn0016340	Dsim\Lsp1gamma	Lsp1gamma	FBgn0002564	Lsp1gamma	matched
FBgn0016343	Dsim\Sxl	Sxl	FBgn0264270	Sxl	matched
FBgn0016346	Dsim\h	h			unmatched
FBgn0016348	Dsim\janA	janA	FBgn0001280	janA	matched
FBgn0016352	Dsim\run	run	FBgn0003300	run	matched
FBgn0016353	Dsim\ry	ry	FBgn0003308	ry	matched
FBgn0016355	Dsim\twi	twi	FBgn0003900	twi	matched
FBgn0018225	Dsim\up	up	FBgn0004169	up	matched
FBgn0018281	Dsim\ey	ey	FBgn0005558	ey	matched
FBgn0018282	Dsim\dy	dy	FBgn0004511	dy	matched
FBgn0018304	Dsim\amd	amd	FBgn0000075	amd	matched
FBgn0018327	Dsim\Acph-1	Acph-1	FBgn0000032	Acph-1	matched
FBgn0020076	Dsim\tim	tim	FBgn0014396	tim	matched
FBgn0020078	Dsim\boss	boss	FBgn0000206	boss	matched
FBgn0020081	Dsim\Sry-alpha	Sry-alpha	FBgn0003510	Sry-alpha	matched
FBgn0020697	Dsim\ftz	ftz	FBgn0001077	ftz	matched
FBgn0020700	Dsim\Men	Men	FBgn0002719	Men	matched
FBgn0021123	Dsim\Hex-C	Hex-C	FBgn0001187	Hex-C	matched
FBgn0021128	Dsim\Amyrel	Amyrel	FBgn0020506	Amyrel	matched
FBgn0021129	Dsim\Acp70A	Acp70A			unmatched
FBgn0022481	Dsim\Hsp70Ab	Hsp70Ab	FBgn0013276	Hsp70Ab	matched
FBgn0022482	Dsim\Hsp70Aa	Hsp70Aa	FBgn0013275	Hsp70Aa	matched
FBgn0022505	Dsim\Cat	Cat	FBgn0000261	Cat	matched
FBgn0022516	Dsim\Ace	Ace	FBgn0000024	Ace	matched
FBgn0022517	Dsim\ATPsyn-beta	ATPsyn-beta			unmatched
FBgn0024395	Dsim\Cyp4d2	Cyp4d2	FBgn0011576	Cyp4d2	matched
FBgn0024396	Dsim\Cyp4d1	Cyp4d1	FBgn0005670	Cyp4d1	matched
FBgn0024778	Dsim\prod	prod	FBgn0014269	prod	matched
FBgn0024781	Dsim\Fbp2	Fbp2	FBgn0000640	Fbp2	matched
FBgn0025027	Dsim\tin	tin	FBgn0004110	tin	matched
FBgn0025029	Dsim\sima	sima	FBgn0266411	sima	matched
FBgn0025030	Dsim\pros	pros	FBgn0004595	pros	matched
FBgn0025031	Dsim\pnt	pnt	FBgn0003118	pnt	matched
FBgn0025032	Dsim\nos	nos			unmatched
FBgn0025033	Dsim\msi	msi	FBgn0011666	msi	matched
FBgn0025034	Dsim\Tpi	Tpi	FBgn0086355	Tpi	matched
FBgn0025035	Dsim\Src64B	Src64B	FBgn0262733	Src64B	matched
FBgn0025036	Dsim\LanB2	LanB2	FBgn0267348	LanB2	matched
FBgn0025037	Dsim\Eh	Eh	FBgn0000564	Eh	matched
FBgn0025038	Dsim\CecB	CecB	FBgn0000278	CecB	matched
FBgn0025039	Dsim\CecA1	CecA1	FBgn0000276	CecA1	matched
FBgn0025042	Dsim\Cdc37	Cdc37	FBgn0011573	Cdc37	matched
FBgn0025043	Dsim\Abd-B	Abd-B	FBgn0000015	Abd-B	matched
FBgn0025409	Dsim\l(1)sc	l(1)sc	FBgn0002561	l(1)sc	matched
FBgn0025411	Dsim\Anp	Anp	FBgn0000094	Anp	matched
FBgn0025651	Dsim\GD24185	GD24185			unmatched
FBgn0027417	Dsim\Su(H)	Su(H)	FBgn0004837	Su(H)	matched
FBgn0027418	Dsim\Acp29AB	Acp29AB	FBgn0015583	Acp29AB	matched
FBgn0027801	Dsim\anon-EST:fe1E9	anon-EST:fe1E9			unmatched
FBgn0027802	Dsim\anon-EST:fe1A3	anon-EST:fe1A3			unmatched
FBgn0027803	Dsim\Desat1	Desat1	FBgn0086687	Desat1	matched
FBgn0027804	Dsim\alpha-Est6	alpha-Est6	FBgn0015574	alpha-Est6	matched
FBgn0027806	Dsim\alpha-Est4	alpha-Est4	FBgn0015572	alpha-Est4	matched
FBgn0028445	Dsim\GD14652	GD14652			unmatched
FBgn0028446	Dsim\Su(P)	Su(P)			unmatched
FBgn0028769	Dsim\Tl	Tl	FBgn0262473	Tl	matched
FBgn0028770	Dsim\Tehao	Tehao	FBgn0026760	Tehao	matched
FBgn0029243	Dsim\sta	sta	FBgn0003517	sta	matched
FBgn0029245	Dsim\Rel	Rel	FBgn0014018	Rel	matched
FBgn0029246	Dsim\Ras85D	Ras85D	FBgn0003205	Ras85D	matched
FBgn0029247	Dsim\Ras64B	Ras64B	FBgn0003206	Ras64B	matched
FBgn0029248	Dsim\R	R			unmatched
FBgn0040413	Dsim\plu	plu	FBgn0003114	plu	matched
FBgn0040418	Dsim\RpL32	RpL32	FBgn0002626	RpL32	matched
FBgn0041268	Dsim\janB	janB	FBgn0001281	janB	matched
FBgn0041270	Dsim\crm	crm	FBgn0000376	crm	matched
FBgn0041655	Dsim\tld	tld	FBgn0003719	tld	matched
FBgn0041656	Dsim\sqh	sqh	FBgn0003514	sqh	matched
FBgn0041657	Dsim\sog	sog	FBgn0003463	sog	matched
FBgn0041658	Dsim\pit	pit	FBgn0266581	pit	matched
FBgn0041659	Dsim\otu	otu	FBgn0003023	otu	matched
FBgn0041661	Dsim\mira	mira	FBgn0021776	mira	matched
FBgn0041662	Dsim\mei-9	mei-9	FBgn0002707	mei-9	matched
FBgn0041663	Dsim\mei-218	mei-218	FBgn0002709	mei-218	matched
FBgn0041664	Dsim\hyd	hyd	FBgn0002431	hyd	matched
FBgn0041665	Dsim\fzo	fzo	FBgn0011596	fzo	matched
FBgn0041666	Dsim\bnb	bnb	FBgn0001090	bnb	matched
FBgn0041667	Dsim\T-cp1	T-cp1			unmatched
FBgn0041668	Dsim\Osbp	Osbp	FBgn0020626	Osbp	matched
FBgn0041669	Dsim\Hsc70-4	Hsc70-4	FBgn0266599	Hsc70-4	matched
FBgn0041670	Dsim\Cen190	Cen190			unmatched
FBgn0041673	Dsim\AP-50	AP-50			unmatched
FBgn0041892	Dsim\Pbprp3	Pbprp3			unmatched
FBgn0041931	Dsim\Acp36DE	Acp36DE	FBgn0011559	Acp36DE	matched
FBgn0042853	Dsim\Hsp70Bb	Hsp70Bb	FBgn0013278	Hsp70Bb	matched
FBgn0042854	Dsim\Hsp70Ba	Hsp70Ba	FBgn0013277	Hsp70Ba	matched
FBgn0042855	Dsim\Hex-t2	Hex-t2			unmatched
FBgn0042856	Dsim\Hex-t1	Hex-t1			unmatched
FBgn0042857	Dsim\EG:EG0007.9	EG:EG0007.9			unmatched
FBgn0042858	Dsim\EG:EG0007.7	EG:EG0007.7			unmatched
FBgn0042859	Dsim\EG:EG0007.10	EG:EG0007.10			unmatched
FBgn0042860	Dsim\BG:DS07721.6	BG:DS07721.6			unmatched
FBgn0042861	Dsim\GD22005	GD22005			unmatched
FBgn0042864	Dsim\BG:BACR44L22.4	BG:BACR44L22.4			unmatched
FBgn0043394	Dsim\mth	mth	FBgn0023000	mth	matched
FBgn0043395	Dsim\fru	fru	FBgn0004652	fru	matched
FBgn0043398	Dsim\Acp76A	Acp76A	FBgn0015586	Acp76A	matched
FBgn0043399	Dsim\Acp63F	Acp63F	FBgn0015585	Acp63F	matched
FBgn0043400	Dsim\Acp62F	Acp62F	FBgn0020509	Acp62F	matched
FBgn0043401	Dsim\Acp53Ea	Acp53Ea	FBgn0015584	Acp53Ea	matched
FBgn0043403	Dsim\Acp32CD	Acp32CD	FBgn0023415	Acp32CD	matched
FBgn0043621	Dsim\ocn	ocn	FBgn0041102	ocn	matched
FBgn0044187	Dsim\kni	kni	FBgn0001320	kni	matched
FBgn0044189	Dsim\en	en	FBgn0000577	en	matched
FBgn0044191	Dsim\cid	cid	FBgn0040477	cid	matched
FBgn0044193	Dsim\Sr-CIII	Sr-CIII	FBgn0020376	Sr-CIII	matched
FBgn0044194	Dsim\Sr-CII	Sr-CII	FBgn0020377	Sr-CII	matched
FBgn0044195	Dsim\Sr-CI	Sr-CI	FBgn0014033	Sr-CI	matched
FBgn0044199	Dsim\Idgf3	Idgf3	FBgn0020414	Idgf3	matched
FBgn0044200	Dsim\Idgf1	Idgf1	FBgn0020416	Idgf1	matched
FBgn0045530	Dsim\lectin-46Ca	lectin-46Ca	FBgn0040093	lectin-46Ca	matched
FBgn0045541	Dsim\Vha68-1	Vha68-1	FBgn0265262	Vha68-1	matched
FBgn0045545	Dsim\Sry-delta	Sry-delta	FBgn0003512	Sry-delta	matched
FBgn0045558	Dsim\RNaseX25	RNaseX25	FBgn0010406	RNaseX25	matched
FBgn0045567	Dsim\Hem	Hem	FBgn0011771	Hem	matched
FBgn0045574	Dsim\GD18020	GD18020			unmatched
FBgn0045586	Dsim\GD23509	GD23509			unmatched
FBgn0045589	Dsim\GD25632	GD25632			unmatched
FBgn0045603	Dsim\GD14875	GD14875			unmatched
FBgn0045604	Dsim\GD12810	GD12810			unmatched
FBgn0045605	Dsim\BG642287	BG642287			unmatched
FBgn0045611	Dsim\trus	trus	FBgn0038055	trus	matched
FBgn0045613	Dsim\GD11280	GD11280			unmatched
FBgn0045627	Dsim\GD20911	GD20911			unmatched
FBgn0045629	Dsim\GD25810	GD25810			unmatched
FBgn0045644	Dsim\GD22660	GD22660			unmatched
FBgn0045657	Dsim\GD25493	GD25493			unmatched
FBgn0045660	Dsim\GD19871	GD19871			unmatched
FBgn0046909	Dsim\rux	rux	FBgn0003302	rux	matched
FBgn0046913	Dsim\Gel	Gel	FBgn0010225	Gel	matched
FBgn0046914	Dsim\CkIIalpha	CkIIalpha	FBgn0264492	CkIIalpha	matched
FBgn0046915	Dsim\CecC	CecC	FBgn0000279	CecC	matched
FBgn0046916	Dsim\AttC	AttC	FBgn0041579	AttC	matched
FBgn0046917	Dsim\AttB	AttB	FBgn0041581	AttB	matched
FBgn0046918	Dsim\AttA	AttA	FBgn0012042	AttA	matched
FBgn0046919	Dsim\Ama	Ama	FBgn0000071	Ama	matched
FBgn0061237	Dsim\plexA	plexA			unmatched
FBgn0061239	Dsim\Sox102F	Sox102F	FBgn0039938	Sox102F	matched
FBgn0061243	Dsim\GD24370	GD24370			unmatched
FBgn0062291	Dsim\Sry-beta	Sry-beta	FBgn0003511	Sry-beta	matched
FBgn0063982	Dsim\phl	phl			unmatched
FBgn0063983	Dsim\ksr	ksr	FBgn0015402	ksr	matched
FBgn0063984	Dsim\drk	drk	FBgn0004638	drk	matched
FBgn0063988	Dsim\GD13352	GD13352			unmatched
FBgn0063990	Dsim\Syx4	Syx4	FBgn0024980	Syx4	matched
FBgn0063991	Dsim\Sos	Sos	FBgn0001965	Sos	matched
FBgn0063992	Dsim\EG:100G7.6	EG:100G7.6			unmatched
FBgn0063993	Dsim\EG:100G10.2	EG:100G10.2			unmatched
FBgn0063994	Dsim\Dsor1	Dsor1	FBgn0010269	Dsor1	matched
FBgn0063995	Dsim\GD16624	GD16624			unmatched
FBgn0063996	Dsim\GD24605	GD24605			unmatched
FBgn0063997	Dsim\BcDNA:GH10711	BcDNA:GH10711			unmatched
FBgn0064354	Dsim\rhi	rhi	FBgn0004400	rhi	matched
FBgn0064355	Dsim\mus209	mus209			unmatched
FBgn0064356	Dsim\crq	crq	FBgn0015924	crq	matched
FBgn0064360	Dsim\RpS18	RpS18	FBgn0010411	RpS18	matched
FBgn0064364	Dsim\Crz	Crz	FBgn0013767	Crz	matched
FBgn0064367	Dsim\GD10957	GD10957			unmatched
FBgn0066160	Dsim\Nup98	Nup98			unmatched
FBgn0066161	Dsim\Mtk	Mtk	FBgn0014865	Mtk	matched
FBgn0066162	Dsim\Hsf	Hsf	FBgn0001222	Hsf	matched
FBgn0066163	Dsim\Hop	Hop			unmatched
FBgn0066164	Dsim\Hmr	Hmr	FBgn0001206	Hmr	matched
FBgn0066165	Dsim\Dro	Dro	FBgn0010388	Dro	matched
FBgn0066166	Dsim\DnaJ-1	DnaJ-1	FBgn0263106	DnaJ-1	matched
FBgn0066167	Dsim\Def	Def	FBgn0010385	Def	matched
FBgn0066168	Dsim\CHIP	CHIP			unmatched
FBgn0066169	Dsim\GD22122	GD22122			unmatched
FBgn0066170	Dsim\GD16651	GD16651			unmatched
FBgn0067157	Dsim\Trap100	Trap100			unmatched
FBgn0067158	Dsim\Os-E	Os-E			unmatched
FBgn0067172	Dsim\CoVa	CoVa			unmatched
FBgn0067177	Dsim\GD23418	GD23418			unmatched
FBgn0067487	Dsim\tub	tub	FBgn0003882	tub	matched
FBgn0067488	Dsim\spz	spz	FBgn0003495	spz	matched
FBgn0067492	Dsim\pho	pho	FBgn0002521	pho	matched
FBgn0067493	Dsim\pan	pan	FBgn0085432	pan	matched
FBgn0067495	Dsim\nec	nec	FBgn0002930	nec	matched
FBgn0067496	Dsim\key	key	FBgn0041205	key	matched
FBgn0067497	Dsim\ird5	ird5			unmatched
FBgn0067498	Dsim\imd	imd	FBgn0013983	imd	matched
FBgn0067500	Dsim\dl	dl	FBgn0260632	dl	matched
FBgn0067503	Dsim\cact	cact	FBgn0000250	cact	matched
FBgn0067504	Dsim\bap	bap	FBgn0004862	bap	matched
FBgn0067505	Dsim\TpnC47D	TpnC47D	FBgn0010423	TpnC47D	matched
FBgn0067508	Dsim\Thor	Thor	FBgn0261560	Thor	matched
FBgn0067509	Dsim\Tep1	Tep1	FBgn0041183	Tep1	matched
FBgn0067510	Dsim\Tak1	Tak1	FBgn0026323	Tak1	matched
FBgn0067513	Dsim\RhoGAP1A	RhoGAP1A	FBgn0025836	RhoGAP1A	matched
FBgn0067514	Dsim\PGRP-SD	PGRP-SD	FBgn0035806	PGRP-SD	matched
FBgn0067515	Dsim\PGRP-SC1b	PGRP-SC1b	FBgn0033327	PGRP-SC1b	matched
FBgn0067516	Dsim\PGRP-SA	PGRP-SA	FBgn0030310	PGRP-SA	matched
FBgn0067517	Dsim\PGRP-LA	PGRP-LA	FBgn0035975	PGRP-LA	matched
FBgn0067519	Dsim\Mvl	Mvl	FBgn0011672	Mvl	matched
FBgn0067520	Dsim\Lectin-galC1	Lectin-galC1	FBgn0016675	Lectin-galC1	matched
FBgn0067521	Dsim\Hsp68	Hsp68	FBgn0001230	Hsp68	matched
FBgn0067523	Dsim\GNBP1	GNBP1	FBgn0040323	GNBP1	matched
FBgn0067524	Dsim\Dredd	Dredd	FBgn0020381	Dredd	matched
FBgn0067525	Dsim\Dif	Dif	FBgn0011274	Dif	matched
FBgn0067526	Dsim\GD16500	GD16500			unmatched
FBgn0067527	Dsim\Sr-CIV	Sr-CIV	FBgn0031547	Sr-CIV	matched
FBgn0067529	Dsim\GD16488	GD16488			unmatched
FBgn0067531	Dsim\GD18001	GD18001			unmatched
FBgn0067532	Dsim\18w	18w	FBgn0287775	18w	matched
FBgn0067533	Dsim\kappaB-Ras	kappaB-Ras	FBgn0040513	kappaB-Ras	matched
FBgn0068582	Dsim\wapl	wapl	FBgn0004655	wapl	matched
FBgn0068584	Dsim\sws	sws	FBgn0003656	sws	matched
FBgn0068585	Dsim\shi	shi	FBgn0003392	shi	matched
FBgn0068586	Dsim\sbr	sbr	FBgn0003321	sbr	matched
FBgn0068590	Dsim\mmd	mmd	FBgn0259110	mmd	matched
FBgn0068592	Dsim\hop	hop	FBgn0004864	hop	matched
FBgn0068599	Dsim\GD17182	GD17182			unmatched
FBgn0068607	Dsim\GD17138	GD17138			unmatched
FBgn0068611	Dsim\GD15892	GD15892			unmatched
FBgn0068618	Dsim\GD16017	GD16017			unmatched
FBgn0068632	Dsim\GD16657	GD16657			unmatched
FBgn0068641	Dsim\Tbh	Tbh	FBgn0010329	Tbh	matched
FBgn0068643	Dsim\Ptp10D	Ptp10D	FBgn0004370	Ptp10D	matched
FBgn0068644	Dsim\GD16842	GD16842			unmatched
FBgn0068645	Dsim\PGRP-SC2	PGRP-SC2	FBgn0043575	PGRP-SC2	matched
FBgn0068647	Dsim\PGRP-SB2	PGRP-SB2	FBgn0043577	PGRP-SB2	matched
FBgn0068648	Dsim\PGRP-SB1	PGRP-SB1	FBgn0043578	PGRP-SB1	matched
FBgn0068651	Dsim\Ntf-2r	Ntf-2r	FBgn0032680	Ntf-2r	matched
FBgn0068654	Dsim\Mct1	Mct1	FBgn0023549	Mct1	matched
FBgn0068655	Dsim\Lim1	Lim1	FBgn0026411	Lim1	matched
FBgn0068656	Dsim\Imp	Imp	FBgn0285926	Imp	matched
FBgn0068659	Dsim\HDAC6	HDAC6	FBgn0026428	HDAC6	matched
FBgn0068661	Dsim\Est-P	Est-P	FBgn0000594	Est-P	matched
FBgn0068662	Dsim\EG:30B8.6	EG:30B8.6			unmatched
FBgn0068665	Dsim\Cyp6a26	Cyp6a26			unmatched
FBgn0068666	Dsim\Cyp4g15	Cyp4g15	FBgn0030304	Cyp4g15	matched
FBgn0068668	Dsim\Crag	Crag	FBgn0025864	Crag	matched
FBgn0068670	Dsim\GD15785	GD15785			unmatched
FBgn0068671	Dsim\GD15405	GD15405			unmatched
FBgn0068672	Dsim\GD17377	GD17377			unmatched
FBgn0068673	Dsim\GD17454	GD17454			unmatched
FBgn0068674	Dsim\GD17193	GD17193			unmatched
FBgn0068685	Dsim\GD16604	GD16604			unmatched
FBgn0068686	Dsim\GD24700	GD24700			unmatched
FBgn0068687	Dsim\GD16650	GD16650			unmatched
FBgn0068689	Dsim\GD17083	GD17083			unmatched
FBgn0068694	Dsim\GD16870	GD16870			unmatched
FBgn0068696	Dsim\GD24583	GD24583			unmatched
FBgn0068697	Dsim\GD17174	GD17174			unmatched
FBgn0068698	Dsim\GD15836	GD15836			unmatched
FBgn0068703	Dsim\BCL7-like	BCL7-like	FBgn0026149	BCL7-like	matched
FBgn0068704	Dsim\Axn	Axn	FBgn0026597	Axn	matched
FBgn0069472	Dsim\unc-13	unc-13	FBgn0025726	unc-13	matched
FBgn0069480	Dsim\ort	ort	FBgn0003011	ort	matched
FBgn0069483	Dsim\ms(3)K81	ms(3)K81	FBgn0002838	ms(3)K81	matched
FBgn0069486	Dsim\lectin-30A	lectin-30A	FBgn0040097	lectin-30A	matched
FBgn0069487	Dsim\lectin-29Ca	lectin-29Ca	FBgn0040098	lectin-29Ca	matched
FBgn0069498	Dsim\Rad23	Rad23	FBgn0026777	Rad23	matched
FBgn0069499	Dsim\Pros28.1B	Pros28.1B			unmatched
FBgn0069500	Dsim\Pros28.1A	Pros28.1A			unmatched
FBgn0069504	Dsim\Mst98Cb	Mst98Cb	FBgn0004171	Mst98Cb	matched
FBgn0069515	Dsim\GD18296	GD18296			unmatched
FBgn0069516	Dsim\GD18777	GD18777			unmatched
FBgn0069519	Dsim\Acyp	Acyp	FBgn0025115	Acyp	matched
FBgn0069520	Dsim\Acp53C14c	Acp53C14c	FBgn0053530	Acp53C14c	matched
FBgn0069521	Dsim\Acp53C14b	Acp53C14b	FBgn0034153	Acp53C14b	matched
FBgn0069522	Dsim\Acp53C14a	Acp53C14a	FBgn0034152	Acp53C14a	matched
FBgn0082400	Dsim\pav	pav	FBgn0011692	pav	matched
FBgn0082402	Dsim\mitch	mitch			unmatched
FBgn0082717	Dsim\ppk6	ppk6	FBgn0034489	ppk6	matched
FBgn0082719	Dsim\m6	m6			unmatched
FBgn0082720	Dsim\m4	m4			unmatched
FBgn0082722	Dsim\m1	m1			unmatched
FBgn0082723	Dsim\malpha	malpha			unmatched
FBgn0082734	Dsim\HLHm7	HLHm7			unmatched
FBgn0082735	Dsim\HLHm5	HLHm5			unmatched
FBgn0082736	Dsim\HLHm3	HLHm3			unmatched
FBgn0082737	Dsim\HLHmgamma	HLHmgamma			unmatched
FBgn0082738	Dsim\HLHmdelta	HLHmdelta			unmatched
FBgn0082739	Dsim\HLHmbeta	HLHmbeta			unmatched
FBgn0082740	Dsim\E(spl)	E(spl)			unmatched
FBgn0082742	Dsim\CkIIbeta2	CkIIbeta2	FBgn0026136	CkIIbeta2	matched
FBgn0082743	Dsim\GD25294	GD25294			unmatched
FBgn0082745	Dsim\GD25287	GD25287			unmatched
FBgn0082746	Dsim\GD25285	GD25285			unmatched
FBgn0082750	Dsim\GD25286	GD25286			unmatched
FBgn0082752	Dsim\GD25297	GD25297			unmatched
FBgn0082753	Dsim\GD11503	GD11503			unmatched
FBgn0082754	Dsim\GD25296	GD25296			unmatched
FBgn0082755	Dsim\GD11497	GD11497			unmatched
FBgn0082756	Dsim\GD11499	GD11499			unmatched
FBgn0082757	Dsim\GD11498	GD11498			unmatched
FBgn0082758	Dsim\GD25290	GD25290			unmatched
FBgn0082760	Dsim\Ate1	Ate1	FBgn0025720	Ate1	matched
FBgn0083414	Dsim\tok	tok	FBgn0004885	tok	matched
FBgn0083415	Dsim\rut	rut			unmatched
FBgn0083416	Dsim\mRpS11	mRpS11	FBgn0038474	mRpS11	matched
FBgn0083417	Dsim\lic	lic	FBgn0261524	lic	matched
FBgn0083419	Dsim\chic	chic	FBgn0000308	chic	matched
FBgn0083425	Dsim\Sap-r	Sap-r	FBgn0000416	Sap-r	matched
FBgn0083426	Dsim\Rlb1	Rlb1	FBgn0014022	Rlb1	matched
FBgn0083428	Dsim\Hf	Hf	FBgn0014000	Hf	matched
FBgn0083429	Dsim\Obp57e	Obp57e	FBgn0050145	Obp57e	matched
FBgn0083431	Dsim\ImpL2	ImpL2	FBgn0001257	ImpL2	matched
FBgn0083432	Dsim\Hrb27C	Hrb27C	FBgn0004838	Hrb27C	matched
FBgn0083433	Dsim\Hmgs	Hmgs	FBgn0010611	Hmgs	matched
FBgn0083434	Dsim\Hk	Hk	FBgn0263220	Hk	matched
FBgn0083435	Dsim\Fas2	Fas2	FBgn0000635	Fas2	matched
FBgn0083436	Dsim\ERp60	ERp60	FBgn0033663	ERp60	matched
FBgn0083437	Dsim\Cp16	Cp16	FBgn0000356	Cp16	matched
FBgn0083440	Dsim\GD17354	GD17354			unmatched
FBgn0083441	Dsim\GD14730	GD14730			unmatched
FBgn0083442	Dsim\GD22186	GD22186			unmatched
FBgn0083446	Dsim\GD16059	GD16059			unmatched
FBgn0083452	Dsim\GD14244	GD14244			unmatched
FBgn0083453	Dsim\GD21644	GD21644			unmatched
FBgn0083454	Dsim\GD18362	GD18362			unmatched
FBgn0083455	Dsim\GD20903	GD20903			unmatched
FBgn0083456	Dsim\GD19887	GD19887			unmatched
FBgn0083458	Dsim\GD13807	GD13807			unmatched
FBgn0083459	Dsim\GD22299	GD22299			unmatched
FBgn0083461	Dsim\GD10684	GD10684			unmatched
FBgn0083463	Dsim\GD18799	GD18799			unmatched
FBgn0083464	Dsim\GD21558	GD21558			unmatched
FBgn0083467	Dsim\GD17470	GD17470			unmatched
FBgn0083468	Dsim\GD21426	GD21426			unmatched
FBgn0083469	Dsim\CAH1	CAH1	FBgn0027844	CAH1	matched
FBgn0083470	Dsim\Atg9	Atg9	FBgn0034110	Atg9	matched
FBgn0083471	Dsim\Atg5	Atg5	FBgn0029943	Atg5	matched
FBgn0083472	Dsim\AlstR	AlstR			unmatched
FBgn0083473	Dsim\Acp54A1	Acp54A1	FBgn0083936	Acp54A1	matched
FBgn0083474	Dsim\Acp24A4	Acp24A4	FBgn0051779	Acp24A4	matched
FBgn0084053	Dsim\GD21428	GD21428			unmatched
FBgn0084063	Dsim\GD16908	GD16908			unmatched
FBgn0084073	Dsim\GD11609	GD11609			unmatched
FBgn0084076	Dsim\GD19598	GD19598			unmatched
FBgn0084078	Dsim\GD22095	GD22095			unmatched
FBgn0084090	Dsim\dro6	dro6			unmatched
FBgn0084108	Dsim\Mcm3	Mcm3	FBgn0284442	Mcm3	matched
FBgn0084111	Dsim\GD25724	GD25724			unmatched
FBgn0084138	Dsim\GD14532	GD14532			unmatched
FBgn0084168	Dsim\GD23074	GD23074			unmatched
FBgn0084221	Dsim\GD13707	GD13707			unmatched
FBgn0084228	Dsim\r2d2	r2d2	FBgn0031951	r2d2	matched
FBgn0084229	Dsim\beta4GalT7	beta4GalT7	FBgn0039258	beta4GalT7	matched
FBgn0084247	Dsim\dro3	dro3			unmatched
FBgn0084321	Dsim\Rh50	Rh50	FBgn0028699	Rh50	matched
FBgn0084332	Dsim\Catsup	Catsup	FBgn0002022	Catsup	matched
FBgn0084335	Dsim\GD19270	GD19270			unmatched
FBgn0084346	Dsim\dro1	dro1			unmatched
FBgn0084420	Dsim\dro2	dro2			unmatched
FBgn0084450	Dsim\aly	aly	FBgn0004372	aly	matched
FBgn0084451	Dsim\AGO2	AGO2	FBgn0087035	AGO2	matched
FBgn0084466	Dsim\bam	bam	FBgn0000158	bam	matched
FBgn0084471	Dsim\GD13634	GD13634			unmatched
FBgn0084524	Dsim\GD24453	GD24453			unmatched
FBgn0084546	Dsim\AGO1	AGO1	FBgn0262739	AGO1	matched
FBgn0084576	Dsim\Dcr-2	Dcr-2	FBgn0034246	Dcr-2	matched
FBgn0084596	Dsim\dj	dj	FBgn0019828	dj	matched
FBgn0084620	Dsim\GD10785	GD10785			unmatched
FBgn0084635	Dsim\Cyp28c1	Cyp28c1	FBgn0030339	Cyp28c1	matched
FBgn0084645	Dsim\Fur2	Fur2	FBgn0004598	Fur2	matched
FBgn0084648	Dsim\GD22528	GD22528			unmatched
FBgn0084735	Dsim\GD24033	GD24033			unmatched
FBgn0084777	Dsim\CHKov2	CHKov2	FBgn0039328	CHKov2	matched
FBgn0084784	Dsim\Dcr-1	Dcr-1	FBgn0039016	Dcr-1	matched
FBgn0084788	Dsim\GD24188	GD24188			unmatched
FBgn0084799	Dsim\loqs	loqs	FBgn0032515	loqs	matched
FBgn0084802	Dsim\oxt	oxt			unmatched
FBgn0084820	Dsim\GD12242	GD12242			unmatched
FBgn0084823	Dsim\GD23986	GD23986			unmatched
FBgn0084845	Dsim\dro5	dro5			unmatched
FBgn0084862	Dsim\GD24567	GD24567			unmatched
FBgn0084867	Dsim\Drs	Drs	FBgn0283461	Drs	matched
FBgn0084877	Dsim\GD17014	GD17014			unmatched
FBgn0084900	Dsim\GD10399	GD10399			unmatched
FBgn0084925	Dsim\GD15629	GD15629			unmatched
FBgn0084931	Dsim\GD14130	GD14130			unmatched
FBgn0084941	Dsim\GD24728	GD24728			unmatched
FBgn0084945	Dsim\GD11482	GD11482			unmatched
FBgn0084946	Dsim\GD17180	GD17180			unmatched
FBgn0084971	Dsim\GD10612	GD10612			unmatched
FBgn0085004	Dsim\GD12549	GD12549			unmatched
FBgn0085026	Dsim\GD19379	GD19379			unmatched
FBgn0085048	Dsim\GD23783	GD23783			unmatched
FBgn0085065	Dsim\GD18309	GD18309			unmatched
FBgn0085074	Dsim\GD11211	GD11211			unmatched
FBgn0085095	Dsim\dro4	dro4			unmatched
FBgn0085116	Dsim\GD16131	GD16131			unmatched
FBgn0085134	Dsim\GD22974	GD22974			unmatched
FBgn0085140	Dsim\GD14139	GD14139			unmatched
FBgn0085141	Dsim\GD20877	GD20877			unmatched
FBgn0085149	Dsim\GD13004	GD13004			unmatched
FBgn0085859	Dsim\CoVb	CoVb			unmatched
FBgn0085863	Dsim\ST6Gal	ST6Gal			unmatched
FBgn0085876	Dsim\GD16432	GD16432			unmatched
FBgn0085901	Dsim\GD16508	GD16508			unmatched
FBgn0085902	Dsim\l(1)1Bi	l(1)1Bi			unmatched
FBgn0085905	Dsim\Nup170	Nup170			unmatched
FBgn0085907	Dsim\GD24570	GD24570			unmatched
FBgn0085925	Dsim\CoVIa	CoVIa			unmatched
FBgn0085929	Dsim\GD24571	GD24571			unmatched
FBgn0085943	Dsim\qjt	qjt	FBgn0036730	qjt	matched
FBgn0085956	Dsim\CoIV	CoIV			unmatched
FBgn0085957	Dsim\CoVIb	CoVIb			unmatched
FBgn0085958	Dsim\CoVIII	CoVIII			unmatched
FBgn0085960	Dsim\GD16494	GD16494			unmatched
FBgn0085962	Dsim\Nup133	Nup133	FBgn0039004	Nup133	matched
FBgn0085963	Dsim\CoVIIc	CoVIIc			unmatched
FBgn0085966	Dsim\GD23456	GD23456			unmatched
FBgn0085967	Dsim\GD16158	GD16158			unmatched
FBgn0085969	Dsim\Nup75	Nup75	FBgn0034310	Nup75	matched
FBgn0085973	Dsim\GD16898	GD16898			unmatched
FBgn0085975	Dsim\GD24290	GD24290			unmatched
FBgn0085986	Dsim\dor	dor	FBgn0000482	dor	matched
FBgn0085995	Dsim\GD23460	GD23460			unmatched
FBgn0086002	Dsim\Nup153	Nup153	FBgn0061200	Nup153	matched
FBgn0181808	Dsim\GD10033	GD10033			unmatched
FBgn0181810	Dsim\GD10035	GD10035			unmatched
FBgn0181811	Dsim\GD10036	GD10036			unmatched
FBgn0181812	Dsim\GD10037	GD10037			unmatched
FBgn0181814	Dsim\GD10039	GD10039			unmatched
FBgn0181815	Dsim\GD10040	GD10040			unmatched
FBgn0181816	Dsim\GD10041	GD10041			unmatched
FBgn0181818	Dsim\GD10043	GD10043			unmatched
FBgn0181819	Dsim\GD10044	GD10044			unmatched
FBgn0181821	Dsim\GD10046	GD10046			unmatched
FBgn0181822	Dsim\GD10047	GD10047			unmatched
FBgn0181823	Dsim\GD10048	GD10048			unmatched
FBgn0181824	Dsim\GD10049	GD10049			unmatched
FBgn0181825	Dsim\GD10050	GD10050			unmatched
FBgn0181826	Dsim\GD10051	GD10051			unmatched
FBgn0181827	Dsim\GD10052	GD10052			unmatched
FBgn0181828	Dsim\GD10053	GD10053			unmatched
FBgn0181829	Dsim\GD10054	GD10054			unmatched
FBgn0181830	Dsim\GD10055	GD10055			unmatched
FBgn0181832	Dsim\GD10057	GD10057			unmatched
FBgn0181833	Dsim\GD10058	GD10058			unmatched
FBgn0181834	Dsim\GD10059	GD10059			unmatched
FBgn0181836	Dsim\GD10061	GD10061			unmatched
FBgn0181837	Dsim\GD10062	GD10062			unmatched
FBgn0181839	Dsim\GD10064	GD10064			unmatched
FBgn0181842	Dsim\GD10067	GD10067			unmatched
FBgn0181843	Dsim\GD10068	GD10068			unmatched
FBgn0181845	Dsim\GD10070	GD10070			unmatched
FBgn0181846	Dsim\GD10071	GD10071			unmatched
FBgn0181847	Dsim\GD10072	GD10072			unmatched
FBgn0181848	Dsim\GD10073	GD10073			unmatched
FBgn0181850	Dsim\GD10075	GD10075			unmatched
FBgn0181851	Dsim\GD10076	GD10076			unmatched
FBgn0181852	Dsim\GD10077	GD10077			unmatched
FBgn0181853	Dsim\GD10078	GD10078			unmatched
FBgn0181854	Dsim\GD10079	GD10079			unmatched
FBgn0181856	Dsim\GD10081	GD10081			unmatched
FBgn0181857	Dsim\GD10082	GD10082			unmatched
FBgn0181858	Dsim\GD10083	GD10083			unmatched
FBgn0181860	Dsim\GD10085	GD10085			unmatched
FBgn0181861	Dsim\GD10086	GD10086			unmatched
FBgn0181863	Dsim\GD10088	GD10088			unmatched
FBgn0181864	Dsim\GD10089	GD10089			unmatched
FBgn0181865	Dsim\GD10090	GD10090			unmatched
FBgn0181866	Dsim\GD10091	GD10091			unmatched
FBgn0181867	Dsim\GD10092	GD10092			unmatched
FBgn0181870	Dsim\GD10095	GD10095			unmatched
FBgn0181871	Dsim\GD10096	GD10096			unmatched
FBgn0181873	Dsim\GD10098	GD10098			unmatched
FBgn0181874	Dsim\GD10099	GD10099			unmatched
FBgn0181875	Dsim\GD10100	GD10100			unmatched
FBgn0181876	Dsim\GD10101	GD10101			unmatched
FBgn0181877	Dsim\GD10102	GD10102			unmatched
FBgn0181878	Dsim\GD10103	GD10103			unmatched
FBgn0181879	Dsim\GD10104	GD10104			unmatched
FBgn0181880	Dsim\GD10105	GD10105			unmatched
FBgn0181881	Dsim\GD10106	GD10106			unmatched
FBgn0181882	Dsim\GD10107	GD10107			unmatched
FBgn0181883	Dsim\GD10108	GD10108			unmatched
FBgn0181884	Dsim\GD10109	GD10109			unmatched
FBgn0181885	Dsim\GD10110	GD10110			unmatched
FBgn0181886	Dsim\GD10111	GD10111			unmatched
FBgn0181887	Dsim\GD10112	GD10112			unmatched
FBgn0181888	Dsim\GD10113	GD10113			unmatched
FBgn0181889	Dsim\GD10114	GD10114			unmatched
FBgn0181891	Dsim\GD10116	GD10116			unmatched
FBgn0181893	Dsim\GD10118	GD10118			unmatched
FBgn0181895	Dsim\GD10120	GD10120			unmatched
FBgn0181896	Dsim\GD10121	GD10121			unmatched
FBgn0181897	Dsim\GD10122	GD10122			unmatched
FBgn0181898	Dsim\GD10123	GD10123			unmatched
FBgn0181899	Dsim\GD10124	GD10124			unmatched
FBgn0181900	Dsim\GD10125	GD10125			unmatched
FBgn0181902	Dsim\GD10127	GD10127			unmatched
FBgn0181903	Dsim\GD10128	GD10128			unmatched
FBgn0181904	Dsim\GD10129	GD10129			unmatched
FBgn0181905	Dsim\GD10130	GD10130			unmatched
FBgn0181906	Dsim\GD10131	GD10131			unmatched
FBgn0181908	Dsim\GD10133	GD10133			unmatched
FBgn0181909	Dsim\GD10134	GD10134			unmatched
FBgn0181913	Dsim\GD10138	GD10138			unmatched
FBgn0181914	Dsim\GD10139	GD10139			unmatched
FBgn0181915	Dsim\GD10140	GD10140			unmatched
FBgn0181916	Dsim\GD10141	GD10141			unmatched
FBgn0181919	Dsim\GD10144	GD10144			unmatched
FBgn0181921	Dsim\GD10146	GD10146			unmatched
FBgn0181923	Dsim\GD10148	GD10148			unmatched
FBgn0181924	Dsim\GD10149	GD10149			unmatched
FBgn0181927	Dsim\GD10152	GD10152			unmatched
FBgn0181929	Dsim\GD10154	GD10154			unmatched
FBgn0181930	Dsim\GD10155	GD10155			unmatched
FBgn0181931	Dsim\GD10156	GD10156			unmatched
FBgn0181932	Dsim\GD10157	GD10157			unmatched
FBgn0181935	Dsim\GD10160	GD10160			unmatched
FBgn0181941	Dsim\GD10166	GD10166			unmatched
FBgn0181942	Dsim\GD10167	GD10167			unmatched
FBgn0181944	Dsim\Mal-A1	Mal-A1	FBgn0002570	Mal-A1	matched
FBgn0181945	Dsim\GD10170	GD10170			unmatched
FBgn0181946	Dsim\GD10171	GD10171			unmatched
FBgn0181947	Dsim\GD10172	GD10172			unmatched
FBgn0181948	Dsim\GD10173	GD10173			unmatched
FBgn0181949	Dsim\GD10174	GD10174			unmatched
FBgn0181951	Dsim\GD10176	GD10176			unmatched
FBgn0181952	Dsim\GD10177	GD10177			unmatched
FBgn0181953	Dsim\GD10178	GD10178			unmatched
FBgn0181954	Dsim\GD10179	GD10179			unmatched
FBgn0181956	Dsim\GD10181	GD10181			unmatched
FBgn0181957	Dsim\GD10182	GD10182			unmatched
FBgn0181958	Dsim\GD10183	GD10183			unmatched
FBgn0181960	Dsim\Obp44a	Obp44a	FBgn0033268	Obp44a	matched
FBgn0181962	Dsim\GD10187	GD10187			unmatched
FBgn0181963	Dsim\GD10188	GD10188			unmatched
FBgn0181965	Dsim\GD10190	GD10190			unmatched
FBgn0181967	Dsim\GD10192	GD10192			unmatched
FBgn0181969	Dsim\GD10194	GD10194			unmatched
FBgn0181972	Dsim\GD10197	GD10197			unmatched
FBgn0181973	Dsim\GD10198	GD10198			unmatched
FBgn0181975	Dsim\GD10200	GD10200			unmatched
FBgn0181976	Dsim\GD10201	GD10201			unmatched
FBgn0181977	Dsim\GD10202	GD10202			unmatched
FBgn0181978	Dsim\GD10203	GD10203			unmatched
FBgn0181979	Dsim\GD10204	GD10204			unmatched
FBgn0181983	Dsim\GD10208	GD10208			unmatched
FBgn0181984	Dsim\GD10209	GD10209			unmatched
FBgn0181985	Dsim\GD10210	GD10210			unmatched
FBgn0181986	Dsim\GD10211	GD10211			unmatched
FBgn0181987	Dsim\GD10212	GD10212			unmatched
FBgn0181988	Dsim\GD10213	GD10213			unmatched
FBgn0181989	Dsim\GD10214	GD10214			unmatched
FBgn0181990	Dsim\GD10215	GD10215			unmatched
FBgn0181991	Dsim\GD10216	GD10216			unmatched
FBgn0181992	Dsim\GD10217	GD10217			unmatched
FBgn0181993	Dsim\GD10218	GD10218			unmatched
FBgn0181994	Dsim\GD10219	GD10219			unmatched
FBgn0181997	Dsim\GD10222	GD10222			unmatched
FBgn0181998	Dsim\GD10223	GD10223			unmatched
FBgn0181999	Dsim\GD10224	GD10224			unmatched
FBgn0182001	Dsim\GD10226	GD10226			unmatched
FBgn0182002	Dsim\GD10227	GD10227			unmatched
FBgn0182003	Dsim\GD10228	GD10228			unmatched
FBgn0182004	Dsim\GD10229	GD10229			unmatched
FBgn0182005	Dsim\GD10230	GD10230			unmatched
FBgn0182006	Dsim\GD10231	GD10231			unmatched
FBgn0182008	Dsim\GD10233	GD10233			unmatched
FBgn0182010	Dsim\GD10235	GD10235			unmatched
FBgn0182011	Dsim\GD10236	GD10236			unmatched
FBgn0182012	Dsim\GD10237	GD10237			unmatched
FBgn0182013	Dsim\GD10238	GD10238			unmatched
FBgn0182014	Dsim\GD10239	GD10239			unmatched
FBgn0182015	Dsim\GD10240	GD10240			unmatched
FBgn0182017	Dsim\GD10242	GD10242			unmatched
FBgn0182018	Dsim\GD10243	GD10243			unmatched
FBgn0182019	Dsim\GD10244	GD10244			unmatched
FBgn0182020	Dsim\GD10245	GD10245			unmatched
FBgn0182021	Dsim\GD10246	GD10246			unmatched
FBgn0182025	Dsim\GD10250	GD10250			unmatched
FBgn0182027	Dsim\GD10252	GD10252			unmatched
FBgn0182028	Dsim\GD10253	GD10253			unmatched
FBgn0182029	Dsim\GD10254	GD10254			unmatched
FBgn0182031	Dsim\GD10256	GD10256			unmatched
FBgn0182032	Dsim\GD10257	GD10257			unmatched
FBgn0182034	Dsim\GD10260	GD10260			unmatched
FBgn0182035	Dsim\GD10261	GD10261			unmatched
FBgn0182036	Dsim\GD10262	GD10262			unmatched
FBgn0182037	Dsim\GD10263	GD10263			unmatched
FBgn0182038	Dsim\GD10264	GD10264			unmatched
FBgn0182039	Dsim\GD10265	GD10265			unmatched
FBgn0182040	Dsim\GD10266	GD10266			unmatched
FBgn0182041	Dsim\GD10267	GD10267			unmatched
FBgn0182042	Dsim\GD10268	GD10268			unmatched
FBgn0182043	Dsim\GD10270	GD10270			unmatched
FBgn0182044	Dsim\GD10271	GD10271			unmatched
FBgn0182045	Dsim\GD10272	GD10272			unmatched
FBgn0182046	Dsim\GD10273	GD10273			unmatched
FBgn0182047	Dsim\GD10274	GD10274			unmatched
FBgn0182048	Dsim\GD10275	GD10275			unmatched
FBgn0182049	Dsim\GD10276	GD10276			unmatched
FBgn0182050	Dsim\GD10277	GD10277			unmatched
FBgn0182051	Dsim\GD10278	GD10278			unmatched
FBgn0182052	Dsim\GD10279	GD10279			unmatched
FBgn0182053	Dsim\GD10280	GD10280			unmatched
FBgn0182055	Dsim\GD10282	GD10282			unmatched
FBgn0182056	Dsim\GD10283	GD10283			unmatched
FBgn0182058	Dsim\GD10285	GD10285			unmatched
FBgn0182059	Dsim\GD10286	GD10286			unmatched
FBgn0182061	Dsim\GD10288	GD10288			unmatched
FBgn0182062	Dsim\GD10289	GD10289			unmatched
FBgn0182063	Dsim\GD10290	GD10290			unmatched
FBgn0182064	Dsim\GD10291	GD10291			unmatched
FBgn0182065	Dsim\GD10292	GD10292			unmatched
FBgn0182067	Dsim\GD10294	GD10294			unmatched
FBgn0182068	Dsim\GD10295	GD10295			unmatched
FBgn0182069	Dsim\GD10296	GD10296			unmatched
FBgn0182070	Dsim\GD10297	GD10297			unmatched
FBgn0182071	Dsim\GD10298	GD10298			unmatched
FBgn0182074	Dsim\GD10302	GD10302			unmatched
FBgn0182075	Dsim\GD10303	GD10303			unmatched
FBgn0182076	Dsim\GD10304	GD10304			unmatched
FBgn0182079	Dsim\GD10307	GD10307			unmatched
FBgn0182081	Dsim\GD10309	GD10309			unmatched
FBgn0182082	Dsim\GD10310	GD10310			unmatched
FBgn0182083	Dsim\GD10311	GD10311			unmatched
FBgn0182084	Dsim\GD10312	GD10312			unmatched
FBgn0182085	Dsim\GD10313	GD10313			unmatched
FBgn0182086	Dsim\GD10314	GD10314			unmatched
FBgn0182087	Dsim\GD10315	GD10315			unmatched
FBgn0182088	Dsim\GD10316	GD10316			unmatched
FBgn0182089	Dsim\GD10317	GD10317			unmatched
FBgn0182091	Dsim\GD10319	GD10319			unmatched
FBgn0182092	Dsim\GD10320	GD10320			unmatched
FBgn0182093	Dsim\GD10321	GD10321			unmatched
FBgn0182095	Dsim\GD10323	GD10323			unmatched
FBgn0182096	Dsim\GD10324	GD10324			unmatched
FBgn0182098	Dsim\GD10326	GD10326			unmatched
FBgn0182100	Dsim\GD10328	GD10328			unmatched
FBgn0182101	Dsim\GD10329	GD10329			unmatched
FBgn0182102	Dsim\GD10330	GD10330			unmatched
FBgn0182103	Dsim\GD10331	GD10331			unmatched
FBgn0182104	Dsim\GD10332	GD10332			unmatched
FBgn0182105	Dsim\GD10333	GD10333			unmatched
FBgn0182106	Dsim\GD10334	GD10334			unmatched
FBgn0182107	Dsim\GD10335	GD10335			unmatched
FBgn0182108	Dsim\GD10336	GD10336			unmatched
FBgn0182109	Dsim\GD10337	GD10337			unmatched
FBgn0182110	Dsim\GD10338	GD10338			unmatched
FBgn0182111	Dsim\GD10339	GD10339			unmatched
FBgn0182113	Dsim\GD10341	GD10341			unmatched
FBgn0182114	Dsim\GD10342	GD10342			unmatched
FBgn0182116	Dsim\GD10344	GD10344			unmatched
FBgn0182117	Dsim\GD10345	GD10345			unmatched
FBgn0182118	Dsim\GD10346	GD10346			unmatched
FBgn0182119	Dsim\GD10347	GD10347			unmatched
FBgn0182120	Dsim\GD10348	GD10348			unmatched
FBgn0182121	Dsim\GD10349	GD10349			unmatched
FBgn0182122	Dsim\GD10350	GD10350			unmatched
FBgn0182124	Dsim\GD10352	GD10352			unmatched
FBgn0182125	Dsim\GD10353	GD10353			unmatched
FBgn0182126	Dsim\GD10354	GD10354			unmatched
FBgn0182127	Dsim\GD10355	GD10355			unmatched
FBgn0182128	Dsim\GD10356	GD10356			unmatched
FBgn0182129	Dsim\GD10357	GD10357			unmatched
FBgn0182131	Dsim\GD10359	GD10359			unmatched
FBgn0182132	Dsim\GD10360	GD10360			unmatched
FBgn0182133	Dsim\GD10361	GD10361			unmatched
FBgn0182135	Dsim\GD10363	GD10363			unmatched
FBgn0182136	Dsim\GD10364	GD10364			unmatched
FBgn0182137	Dsim\GD10365	GD10365			unmatched
FBgn0182142	Dsim\GD10370	GD10370			unmatched
FBgn0182143	Dsim\GD10371	GD10371			unmatched
FBgn0182144	Dsim\GD10372	GD10372			unmatched
FBgn0182145	Dsim\GD10373	GD10373			unmatched
FBgn0182147	Dsim\GD10375	GD10375			unmatched
FBgn0182148	Dsim\GD10376	GD10376			unmatched
FBgn0182151	Dsim\GD10379	GD10379			unmatched
FBgn0182152	Dsim\GD10380	GD10380			unmatched
FBgn0182153	Dsim\GD10381	GD10381			unmatched
FBgn0182154	Dsim\GD10382	GD10382			unmatched
FBgn0182155	Dsim\GD10383	GD10383			unmatched
FBgn0182156	Dsim\GD10384	GD10384			unmatched
FBgn0182157	Dsim\GD10385	GD10385			unmatched
FBgn0182158	Dsim\GD10386	GD10386			unmatched
FBgn0182159	Dsim\GD10387	GD10387			unmatched
FBgn0182161	Dsim\GD10389	GD10389			unmatched
FBgn0182162	Dsim\GD10390	GD10390			unmatched
FBgn0182163	Dsim\GD10391	GD10391			unmatched
FBgn0182164	Dsim\GD10392	GD10392			unmatched
FBgn0182165	Dsim\GD10393	GD10393			unmatched
FBgn0182166	Dsim\GD10394	GD10394			unmatched
FBgn0182167	Dsim\GD10395	GD10395			unmatched
FBgn0182169	Dsim\GD10397	GD10397			unmatched
FBgn0182170	Dsim\GD10398	GD10398			unmatched
FBgn0182171	Dsim\GD10400	GD10400			unmatched
FBgn0182172	Dsim\GD10401	GD10401			unmatched
FBgn0182173	Dsim\GD10402	GD10402			unmatched
FBgn0182174	Dsim\GD10403	GD10403			unmatched
FBgn0182175	Dsim\GD10404	GD10404			unmatched
FBgn0182181	Dsim\GD10410	GD10410			unmatched
FBgn0182182	Dsim\GD10411	GD10411			unmatched
FBgn0182183	Dsim\GD10412	GD10412			unmatched
FBgn0182184	Dsim\GD10413	GD10413			unmatched
FBgn0182185	Dsim\GD10414	GD10414			unmatched
FBgn0182186	Dsim\GD10415	GD10415			unmatched
FBgn0182187	Dsim\GD10416	GD10416			unmatched
FBgn0182188	Dsim\GD10417	GD10417			unmatched
FBgn0182189	Dsim\GD10418	GD10418			unmatched
FBgn0182190	Dsim\GD10419	GD10419			unmatched
FBgn0182191	Dsim\GD10420	GD10420			unmatched
FBgn0182192	Dsim\GD10421	GD10421			unmatched
FBgn0182193	Dsim\GD10422	GD10422			unmatched
FBgn0182194	Dsim\GD10423	GD10423			unmatched
FBgn0182196	Dsim\GD10425	GD10425			unmatched
FBgn0182197	Dsim\GD10426	GD10426			unmatched
FBgn0182200	Dsim\GD10429	GD10429			unmatched
FBgn0182201	Dsim\GD10430	GD10430			unmatched
FBgn0182203	Dsim\GD10432	GD10432			unmatched
FBgn0182204	Dsim\GD10433	GD10433			unmatched
FBgn0182205	Dsim\GD10434	GD10434			unmatched
FBgn0182206	Dsim\GD10435	GD10435			unmatched
FBgn0182207	Dsim\GD10436	GD10436			unmatched
FBgn0182208	Dsim\GD10437	GD10437			unmatched
FBgn0182210	Dsim\GD10439	GD10439			unmatched
FBgn0182211	Dsim\GD10440	GD10440			unmatched
FBgn0182212	Dsim\GD10441	GD10441			unmatched
FBgn0182213	Dsim\GD10442	GD10442			unmatched
FBgn0182214	Dsim\GD10443	GD10443			unmatched
FBgn0182215	Dsim\GD10444	GD10444			unmatched
FBgn0182216	Dsim\GD10445	GD10445			unmatched
FBgn0182217	Dsim\GD10446	GD10446			unmatched
FBgn0182218	Dsim\GD10447	GD10447			unmatched
FBgn0182219	Dsim\GD10448	GD10448			unmatched
FBgn0182221	Dsim\GD10450	GD10450			unmatched
FBgn0182222	Dsim\GD10451	GD10451			unmatched
FBgn0182223	Dsim\GD10452	GD10452			unmatched
FBgn0182225	Dsim\GD10454	GD10454			unmatched
FBgn0182226	Dsim\GD10455	GD10455			unmatched
FBgn0182227	Dsim\GD10456	GD10456			unmatched
FBgn0182229	Dsim\GD10458	GD10458			unmatched
FBgn0182230	Dsim\GD10459	GD10459			unmatched
FBgn0182231	Dsim\GD10460	GD10460			unmatched
FBgn0182232	Dsim\GD10461	GD10461			unmatched
FBgn0182233	Dsim\GD10462	GD10462			unmatched
FBgn0182234	Dsim\GD10463	GD10463			unmatched
FBgn0182236	Dsim\GD10465	GD10465			unmatched
FBgn0182238	Dsim\GD10467	GD10467			unmatched
FBgn0182240	Dsim\GD10469	GD10469			unmatched
FBgn0182242	Dsim\GD10471	GD10471			unmatched
FBgn0182243	Dsim\GD10472	GD10472			unmatched
FBgn0182244	Dsim\GD10473	GD10473			unmatched
FBgn0182248	Dsim\GD10477	GD10477			unmatched
FBgn0182250	Dsim\GD10479	GD10479			unmatched
FBgn0182251	Dsim\GD10480	GD10480			unmatched
FBgn0182252	Dsim\GD10481	GD10481			unmatched
FBgn0182254	Dsim\GD10483	GD10483			unmatched
FBgn0182256	Dsim\GD10485	GD10485			unmatched
FBgn0182257	Dsim\GD10486	GD10486			unmatched
FBgn0182259	Dsim\GD10488	GD10488			unmatched
FBgn0182260	Dsim\GD10489	GD10489			unmatched
FBgn0182262	Dsim\GD10491	GD10491			unmatched
FBgn0182263	Dsim\GD10492	GD10492			unmatched
FBgn0182265	Dsim\GD10494	GD10494			unmatched
FBgn0182266	Dsim\GD10495	GD10495			unmatched
FBgn0182268	Dsim\GD10497	GD10497			unmatched
FBgn0182269	Dsim\GD10498	GD10498			unmatched
FBgn0182270	Dsim\GD10499	GD10499			unmatched
FBgn0182271	Dsim\GD10500	GD10500			unmatched
FBgn0182272	Dsim\GD10501	GD10501			unmatched
FBgn0182274	Dsim\GD10503	GD10503			unmatched
FBgn0182275	Dsim\GD10504	GD10504			unmatched
FBgn0182276	Dsim\GD10505	GD10505			unmatched
FBgn0182279	Dsim\GD10508	GD10508			unmatched
FBgn0182282	Dsim\GD10511	GD10511			unmatched
FBgn0182283	Dsim\GD10512	GD10512			unmatched
FBgn0182284	Dsim\GD10513	GD10513			unmatched
FBgn0182285	Dsim\GD10514	GD10514			unmatched
FBgn0182286	Dsim\GD10515	GD10515			unmatched
FBgn0182287	Dsim\GD10516	GD10516			unmatched
FBgn0182288	Dsim\GD10517	GD10517			unmatched
FBgn0182290	Dsim\GD10519	GD10519			unmatched
FBgn0182291	Dsim\GD10520	GD10520			unmatched
FBgn0182293	Dsim\GD10522	GD10522			unmatched
FBgn0182295	Dsim\GD10524	GD10524			unmatched
FBgn0182296	Dsim\GD10525	GD10525			unmatched
FBgn0182298	Dsim\GD10527	GD10527			unmatched
FBgn0182299	Dsim\GD10528	GD10528			unmatched
FBgn0182300	Dsim\GD10529	GD10529			unmatched
FBgn0182301	Dsim\GD10530	GD10530			unmatched
FBgn0182304	Dsim\GD10533	GD10533			unmatched
FBgn0182305	Dsim\GD10534	GD10534			unmatched
FBgn0182308	Dsim\GD10537	GD10537			unmatched
FBgn0182309	Dsim\GD10538	GD10538			unmatched
FBgn0182310	Dsim\GD10539	GD10539			unmatched
FBgn0182311	Dsim\GD10540	GD10540			unmatched
FBgn0182313	Dsim\GD10542	GD10542			unmatched
FBgn0182314	Dsim\GD10543	GD10543			unmatched
FBgn0182315	Dsim\GD10544	GD10544			unmatched
FBgn0182316	Dsim\GD10545	GD10545			unmatched
FBgn0182317	Dsim\GD10546	GD10546			unmatched
FBgn0182318	Dsim\GD10547	GD10547			unmatched
FBgn0182319	Dsim\GD10548	GD10548			unmatched
FBgn0182321	Dsim\GD10550	GD10550			unmatched
FBgn0182324	Dsim\GD10553	GD10553			unmatched
FBgn0182325	Dsim\GD10554	GD10554			unmatched
FBgn0182326	Dsim\GD10555	GD10555			unmatched
FBgn0182328	Dsim\GD10557	GD10557			unmatched
FBgn0182330	Dsim\GD10559	GD10559			unmatched
FBgn0182332	Dsim\GD10561	GD10561			unmatched
FBgn0182334	Dsim\GD10563	GD10563			unmatched
FBgn0182336	Dsim\GD10565	GD10565			unmatched
FBgn0182338	Dsim\GD10567	GD10567			unmatched
FBgn0182340	Dsim\Mal-A6	Mal-A6	FBgn0050360	Mal-A6	matched
FBgn0182341	Dsim\Mal-A8	Mal-A8	FBgn0033297	Mal-A8	matched
FBgn0182345	Dsim\GD10574	GD10574			unmatched
FBgn0182346	Dsim\GD10575	GD10575			unmatched
FBgn0182347	Dsim\GD10576	GD10576			unmatched
FBgn0182349	Dsim\GD10578	GD10578			unmatched
FBgn0182351	Dsim\GD10580	GD10580			unmatched
FBgn0182352	Dsim\GD10581	GD10581			unmatched
FBgn0182353	Dsim\GD10582	GD10582			unmatched
FBgn0182354	Dsim\GD10583	GD10583			unmatched
FBgn0182356	Dsim\GD10585	GD10585			unmatched
FBgn0182359	Dsim\GD10588	GD10588			unmatched
FBgn0182360	Dsim\GD10589	GD10589			unmatched
FBgn0182361	Dsim\GD10590	GD10590			unmatched
FBgn0182363	Dsim\GD10592	GD10592			unmatched
FBgn0182365	Dsim\GD10597	GD10597			unmatched
FBgn0182366	Dsim\GD10598	GD10598			unmatched
FBgn0182369	Dsim\GD10601	GD10601			unmatched
FBgn0182372	Dsim\GD10604	GD10604			unmatched
FBgn0182373	Dsim\GD10605	GD10605			unmatched
FBgn0182374	Dsim\GD10606	GD10606			unmatched
FBgn0182375	Dsim\GD10607	GD10607			unmatched
FBgn0182376	Dsim\GD10608	GD10608			unmatched
FBgn0182377	Dsim\GD10609	GD10609			unmatched
FBgn0182378	Dsim\GD10610	GD10610			unmatched
FBgn0182379	Dsim\GD10611	GD10611			unmatched
FBgn0182380	Dsim\GD10613	GD10613			unmatched
FBgn0182382	Dsim\GD10615	GD10615			unmatched
FBgn0182383	Dsim\GD10616	GD10616			unmatched
FBgn0182386	Dsim\GD10619	GD10619			unmatched
FBgn0182387	Dsim\GD10620	GD10620			unmatched
FBgn0182388	Dsim\GD10621	GD10621			unmatched
FBgn0182391	Dsim\GD10624	GD10624			unmatched
FBgn0182392	Dsim\GD10625	GD10625			unmatched
FBgn0182393	Dsim\GD10626	GD10626			unmatched
FBgn0182394	Dsim\GD10627	GD10627			unmatched
FBgn0182395	Dsim\GD10628	GD10628			unmatched
FBgn0182397	Dsim\GD10630	GD10630			unmatched
FBgn0182398	Dsim\GD10631	GD10631			unmatched
FBgn0182399	Dsim\GD10632	GD10632			unmatched
FBgn0182400	Dsim\GD10633	GD10633			unmatched
FBgn0182401	Dsim\GD10634	GD10634			unmatched
FBgn0182402	Dsim\GD10635	GD10635			unmatched
FBgn0182404	Dsim\GD10637	GD10637			unmatched
FBgn0182405	Dsim\GD10638	GD10638			unmatched
FBgn0182407	Dsim\GD10640	GD10640			unmatched
FBgn0182408	Dsim\GD10641	GD10641			unmatched
FBgn0182410	Dsim\GD10643	GD10643			unmatched
FBgn0182411	Dsim\GD10644	GD10644			unmatched
FBgn0182413	Dsim\GD10646	GD10646			unmatched
FBgn0182415	Dsim\GD10648	GD10648			unmatched
FBgn0182416	Dsim\GD10649	GD10649			unmatched
FBgn0182417	Dsim\GD10650	GD10650			unmatched
FBgn0182418	Dsim\GD10651	GD10651			unmatched
FBgn0182419	Dsim\GD10652	GD10652			unmatched
FBgn0182420	Dsim\GD10653	GD10653			unmatched
FBgn0182421	Dsim\GD10654	GD10654			unmatched
FBgn0182422	Dsim\GD10655	GD10655			unmatched
FBgn0182424	Dsim\GD10657	GD10657			unmatched
FBgn0182425	Dsim\GD10658	GD10658			unmatched
FBgn0182426	Dsim\GD10659	GD10659			unmatched
FBgn0182428	Dsim\GD10661	GD10661			unmatched
FBgn0182429	Dsim\GD10662	GD10662			unmatched
FBgn0182430	Dsim\GD10663	GD10663			unmatched
FBgn0182431	Dsim\GD10664	GD10664			unmatched
FBgn0182432	Dsim\GD10665	GD10665			unmatched
FBgn0182433	Dsim\GD10666	GD10666			unmatched
FBgn0182434	Dsim\GD10667	GD10667			unmatched
FBgn0182435	Dsim\GD10668	GD10668			unmatched
FBgn0182436	Dsim\GD10669	GD10669			unmatched
FBgn0182437	Dsim\GD10670	GD10670			unmatched
FBgn0182438	Dsim\GD10671	GD10671			unmatched
FBgn0182439	Dsim\GD10672	GD10672			unmatched
FBgn0182440	Dsim\GD10673	GD10673			unmatched
FBgn0182442	Dsim\GD10675	GD10675			unmatched
FBgn0182443	Dsim\GD10676	GD10676			unmatched
FBgn0182444	Dsim\GD10677	GD10677			unmatched
FBgn0182445	Dsim\GD10678	GD10678			unmatched
FBgn0182446	Dsim\GD10679	GD10679			unmatched
FBgn0182447	Dsim\GD10680	GD10680			unmatched
FBgn0182449	Dsim\GD10682	GD10682			unmatched
FBgn0182451	Dsim\GD10686	GD10686			unmatched
FBgn0182452	Dsim\GD10687	GD10687			unmatched
FBgn0182453	Dsim\GD10688	GD10688			unmatched
FBgn0182454	Dsim\GD10689	GD10689			unmatched
FBgn0182455	Dsim\GD10690	GD10690			unmatched
FBgn0182456	Dsim\GD10691	GD10691			unmatched
FBgn0182457	Dsim\GD10692	GD10692			unmatched
FBgn0182458	Dsim\GD10693	GD10693			unmatched
FBgn0182459	Dsim\GD10694	GD10694			unmatched
FBgn0182460	Dsim\GD10695	GD10695			unmatched
FBgn0182461	Dsim\GD10696	GD10696			unmatched
FBgn0182462	Dsim\GD10697	GD10697			unmatched
FBgn0182464	Dsim\GD10699	GD10699			unmatched
FBgn0182465	Dsim\GD10700	GD10700			unmatched
FBgn0182467	Dsim\GD10702	GD10702			unmatched
FBgn0182468	Dsim\GD10703	GD10703			unmatched
FBgn0182469	Dsim\GD10704	GD10704			unmatched
FBgn0182470	Dsim\GD10705	GD10705			unmatched
FBgn0182471	Dsim\GD10706	GD10706			unmatched
FBgn0182472	Dsim\GD10707	GD10707			unmatched
FBgn0182473	Dsim\GD10708	GD10708			unmatched
FBgn0182474	Dsim\GD10710	GD10710			unmatched
FBgn0182475	Dsim\GD10711	GD10711			unmatched
FBgn0182476	Dsim\GD10712	GD10712			unmatched
FBgn0182477	Dsim\GD10713	GD10713			unmatched
FBgn0182479	Dsim\GD10715	GD10715			unmatched
FBgn0182480	Dsim\GD10716	GD10716			unmatched
FBgn0182481	Dsim\GD10717	GD10717			unmatched
FBgn0182482	Dsim\GD10718	GD10718			unmatched
FBgn0182483	Dsim\GD10719	GD10719			unmatched
FBgn0182484	Dsim\GD10720	GD10720			unmatched
FBgn0182485	Dsim\GD10721	GD10721			unmatched
FBgn0182487	Dsim\GD10723	GD10723			unmatched
FBgn0182488	Dsim\GD10724	GD10724			unmatched
FBgn0182490	Dsim\GD10726	GD10726			unmatched
FBgn0182491	Dsim\GD10727	GD10727			unmatched
FBgn0182494	Dsim\GD10730	GD10730			unmatched
FBgn0182496	Dsim\GD10732	GD10732			unmatched
FBgn0182499	Dsim\GD10735	GD10735			unmatched
FBgn0182500	Dsim\GD10736	GD10736			unmatched
FBgn0182501	Dsim\GD10737	GD10737			unmatched
FBgn0182503	Dsim\GD10739	GD10739			unmatched
FBgn0182504	Dsim\GD10740	GD10740			unmatched
FBgn0182506	Dsim\GD10742	GD10742			unmatched
FBgn0182507	Dsim\GD10743	GD10743			unmatched
FBgn0182508	Dsim\GD10744	GD10744			unmatched
FBgn0182509	Dsim\GD10745	GD10745			unmatched
FBgn0182511	Dsim\GD10747	GD10747			unmatched
FBgn0182512	Dsim\GD10748	GD10748			unmatched
FBgn0182513	Dsim\GD10749	GD10749			unmatched
FBgn0182514	Dsim\GD10750	GD10750			unmatched
FBgn0182516	Dsim\GD10752	GD10752			unmatched
FBgn0182517	Dsim\GD10753	GD10753			unmatched
FBgn0182518	Dsim\GD10754	GD10754			unmatched
FBgn0182519	Dsim\GD10755	GD10755			unmatched
FBgn0182520	Dsim\GD10756	GD10756			unmatched
FBgn0182521	Dsim\GD10757	GD10757			unmatched
FBgn0182522	Dsim\GD10758	GD10758			unmatched
FBgn0182523	Dsim\GD10759	GD10759			unmatched
FBgn0182524	Dsim\GD10760	GD10760			unmatched
FBgn0182525	Dsim\GD10761	GD10761			unmatched
FBgn0182526	Dsim\GD10762	GD10762			unmatched
FBgn0182527	Dsim\GD10763	GD10763			unmatched
FBgn0182529	Dsim\Obp47a	Obp47a	FBgn0033573	Obp47a	matched
FBgn0182532	Dsim\GD10768	GD10768			unmatched
FBgn0182533	Dsim\GD10769	GD10769			unmatched
FBgn0182534	Dsim\GD10770	GD10770			unmatched
FBgn0182535	Dsim\GD10771	GD10771			unmatched
FBgn0182536	Dsim\GD10772	GD10772			unmatched
FBgn0182537	Dsim\GD10773	GD10773			unmatched
FBgn0182538	Dsim\GD10774	GD10774			unmatched
FBgn0182539	Dsim\GD10775	GD10775			unmatched
FBgn0182540	Dsim\GD10776	GD10776			unmatched
FBgn0182541	Dsim\GD10777	GD10777			unmatched
FBgn0182542	Dsim\GD10778	GD10778			unmatched
FBgn0182543	Dsim\GD10779	GD10779			unmatched
FBgn0182544	Dsim\GD10780	GD10780			unmatched
FBgn0182545	Dsim\GD10781	GD10781			unmatched
FBgn0182546	Dsim\GD10782	GD10782			unmatched
FBgn0182547	Dsim\GD10783	GD10783			unmatched
FBgn0182548	Dsim\GD10784	GD10784			unmatched
FBgn0182549	Dsim\GD10786	GD10786			unmatched
FBgn0182550	Dsim\GD10787	GD10787			unmatched
FBgn0182551	Dsim\GD10788	GD10788			unmatched
FBgn0182552	Dsim\GD10789	GD10789			unmatched
FBgn0182555	Dsim\GD10792	GD10792			unmatched
FBgn0182556	Dsim\GD10793	GD10793			unmatched
FBgn0182557	Dsim\GD10794	GD10794			unmatched
FBgn0182558	Dsim\GD10795	GD10795			unmatched
FBgn0182559	Dsim\GD10796	GD10796			unmatched
FBgn0182560	Dsim\GD10797	GD10797			unmatched
FBgn0182561	Dsim\GD10798	GD10798			unmatched
FBgn0182562	Dsim\GD10799	GD10799			unmatched
FBgn0182564	Dsim\GD10801	GD10801			unmatched
FBgn0182565	Dsim\GD10802	GD10802			unmatched
FBgn0182567	Dsim\GD10804	GD10804			unmatched
FBgn0182568	Dsim\GD10805	GD10805			unmatched
FBgn0182570	Dsim\GD10807	GD10807			unmatched
FBgn0182571	Dsim\GD10808	GD10808			unmatched
FBgn0182572	Dsim\GD10809	GD10809			unmatched
FBgn0182573	Dsim\GD10810	GD10810			unmatched
FBgn0182574	Dsim\GD10811	GD10811			unmatched
FBgn0182575	Dsim\GD10812	GD10812			unmatched
FBgn0182576	Dsim\GD10813	GD10813			unmatched
FBgn0182577	Dsim\GD10814	GD10814			unmatched
FBgn0182578	Dsim\GD10815	GD10815			unmatched
FBgn0182579	Dsim\GD10816	GD10816			unmatched
FBgn0182580	Dsim\GD10817	GD10817			unmatched
FBgn0182581	Dsim\GD10818	GD10818			unmatched
FBgn0182582	Dsim\GD10819	GD10819			unmatched
FBgn0182583	Dsim\GD10820	GD10820			unmatched
FBgn0182584	Dsim\GD10821	GD10821			unmatched
FBgn0182586	Dsim\GD10823	GD10823			unmatched
FBgn0182588	Dsim\GD10825	GD10825			unmatched
FBgn0182590	Dsim\GD10827	GD10827			unmatched
FBgn0182591	Dsim\GD10828	GD10828			unmatched
FBgn0182593	Dsim\GD10830	GD10830			unmatched
FBgn0182594	Dsim\GD10831	GD10831			unmatched
FBgn0182595	Dsim\GD10832	GD10832			unmatched
FBgn0182596	Dsim\GD10833	GD10833			unmatched
FBgn0182597	Dsim\GD10834	GD10834			unmatched
FBgn0182598	Dsim\GD10835	GD10835			unmatched
FBgn0182599	Dsim\GD10836	GD10836			unmatched
FBgn0182600	Dsim\GD10837	GD10837			unmatched
FBgn0182601	Dsim\GD10838	GD10838			unmatched
FBgn0182602	Dsim\GD10839	GD10839			unmatched
FBgn0182603	Dsim\GD10840	GD10840			unmatched
FBgn0182604	Dsim\GD10841	GD10841			unmatched
FBgn0182608	Dsim\GD10845	GD10845			unmatched
FBgn0182610	Dsim\GD10847	GD10847			unmatched
FBgn0182611	Dsim\GD10848	GD10848			unmatched
FBgn0182612	Dsim\GD10849	GD10849			unmatched
FBgn0182614	Dsim\GD10851	GD10851			unmatched
FBgn0182615	Dsim\GD10852	GD10852			unmatched
FBgn0182616	Dsim\GD10853	GD10853			unmatched
FBgn0182617	Dsim\GD10854	GD10854			unmatched
FBgn0182619	Dsim\GD10856	GD10856			unmatched
FBgn0182620	Dsim\GD10857	GD10857			unmatched
FBgn0182621	Dsim\GD10858	GD10858			unmatched
FBgn0182622	Dsim\GD10859	GD10859			unmatched
FBgn0182624	Dsim\GD10861	GD10861			unmatched
FBgn0182625	Dsim\GD10862	GD10862			unmatched
FBgn0182626	Dsim\GD10863	GD10863			unmatched
FBgn0182627	Dsim\GD10864	GD10864			unmatched
FBgn0182628	Dsim\GD10865	GD10865			unmatched
FBgn0182630	Dsim\GD10867	GD10867			unmatched
FBgn0182631	Dsim\GD10868	GD10868			unmatched
FBgn0182632	Dsim\GD10869	GD10869			unmatched
FBgn0182633	Dsim\GD10870	GD10870			unmatched
FBgn0182634	Dsim\GD10871	GD10871			unmatched
FBgn0182635	Dsim\GD10872	GD10872			unmatched
FBgn0182636	Dsim\GD10873	GD10873			unmatched
FBgn0182637	Dsim\GD10874	GD10874			unmatched
FBgn0182638	Dsim\GD10875	GD10875			unmatched
FBgn0182640	Dsim\GD10877	GD10877			unmatched
FBgn0182641	Dsim\GD10878	GD10878			unmatched
FBgn0182642	Dsim\GD10879	GD10879			unmatched
FBgn0182643	Dsim\GD10880	GD10880			unmatched
FBgn0182644	Dsim\GD10881	GD10881			unmatched
FBgn0182645	Dsim\GD10882	GD10882			unmatched
FBgn0182646	Dsim\GD10883	GD10883			unmatched
FBgn0182647	Dsim\GD10884	GD10884			unmatched
FBgn0182648	Dsim\GD10885	GD10885			unmatched
FBgn0182649	Dsim\GD10886	GD10886			unmatched
FBgn0182650	Dsim\GD10887	GD10887			unmatched
FBgn0182651	Dsim\GD10888	GD10888			unmatched
FBgn0182653	Dsim\GD10890	GD10890			unmatched
FBgn0182654	Dsim\GD10891	GD10891			unmatched
FBgn0182655	Dsim\GD10892	GD10892			unmatched
FBgn0182656	Dsim\GD10893	GD10893			unmatched
FBgn0182657	Dsim\GD10894	GD10894			unmatched
FBgn0182658	Dsim\GD10895	GD10895			unmatched
FBgn0182659	Dsim\GD10896	GD10896			unmatched
FBgn0182660	Dsim\GD10897	GD10897			unmatched
FBgn0182661	Dsim\GD10898	GD10898			unmatched
FBgn0182662	Dsim\GD10899	GD10899			unmatched
FBgn0182663	Dsim\GD10900	GD10900			unmatched
FBgn0182664	Dsim\GD10901	GD10901			unmatched
FBgn0182665	Dsim\GD10902	GD10902			unmatched
FBgn0182666	Dsim\GD10903	GD10903			unmatched
FBgn0182667	Dsim\GD10904	GD10904			unmatched
FBgn0182668	Dsim\GD10905	GD10905			unmatched
FBgn0182669	Dsim\GD10906	GD10906			unmatched
FBgn0182671	Dsim\GD10908	GD10908			unmatched
FBgn0182672	Dsim\GD10909	GD10909			unmatched
FBgn0182673	Dsim\GD10910	GD10910			unmatched
FBgn0182674	Dsim\GD10911	GD10911			unmatched
FBgn0182675	Dsim\GD10912	GD10912			unmatched
FBgn0182677	Dsim\GD10914	GD10914			unmatched
FBgn0182679	Dsim\GD10916	GD10916			unmatched
FBgn0182680	Dsim\GD10917	GD10917			unmatched
FBgn0182681	Dsim\GD10918	GD10918			unmatched
FBgn0182682	Dsim\GD10919	GD10919			unmatched
FBgn0182684	Dsim\GD10921	GD10921			unmatched
FBgn0182685	Dsim\GD10922	GD10922			unmatched
FBgn0182686	Dsim\GD10923	GD10923			unmatched
FBgn0182687	Dsim\GD10924	GD10924			unmatched
FBgn0182688	Dsim\GD10925	GD10925			unmatched
FBgn0182691	Dsim\GD10928	GD10928			unmatched
FBgn0182693	Dsim\GD10930	GD10930			unmatched
FBgn0182694	Dsim\GD10931	GD10931			unmatched
FBgn0182695	Dsim\GD10932	GD10932			unmatched
FBgn0182697	Dsim\GD10934	GD10934			unmatched
FBgn0182698	Dsim\GD10935	GD10935			unmatched
FBgn0182699	Dsim\GD10936	GD10936			unmatched
FBgn0182701	Dsim\GD10938	GD10938			unmatched
FBgn0182702	Dsim\GD10939	GD10939			unmatched
FBgn0182703	Dsim\GD10940	GD10940			unmatched
FBgn0182706	Dsim\GD10943	GD10943			unmatched
FBgn0182707	Dsim\GD10944	GD10944			unmatched
FBgn0182708	Dsim\GD10945	GD10945			unmatched
FBgn0182709	Dsim\GD10946	GD10946			unmatched
FBgn0182711	Dsim\GD10948	GD10948			unmatched
FBgn0182712	Dsim\GD10949	GD10949			unmatched
FBgn0182713	Dsim\GD10950	GD10950			unmatched
FBgn0182714	Dsim\GD10951	GD10951			unmatched
FBgn0182715	Dsim\GD10952	GD10952			unmatched
FBgn0182716	Dsim\GD10953	GD10953			unmatched
FBgn0182717	Dsim\GD10954	GD10954			unmatched
FBgn0182718	Dsim\GD10955	GD10955			unmatched
FBgn0182719	Dsim\GD10956	GD10956			unmatched
FBgn0182720	Dsim\GD10958	GD10958			unmatched
FBgn0182721	Dsim\GD10959	GD10959			unmatched
FBgn0182723	Dsim\GD10961	GD10961			unmatched
FBgn0182726	Dsim\GD10965	GD10965			unmatched
FBgn0182727	Dsim\GD10966	GD10966			unmatched
FBgn0182728	Dsim\GD10967	GD10967			unmatched
FBgn0182729	Dsim\GD10969	GD10969			unmatched
FBgn0182730	Dsim\GD10970	GD10970			unmatched
FBgn0182731	Dsim\GD10971	GD10971			unmatched
FBgn0182732	Dsim\GD10972	GD10972			unmatched
FBgn0182733	Dsim\GD10973	GD10973			unmatched
FBgn0182734	Dsim\GD10974	GD10974			unmatched
FBgn0182736	Dsim\GD10976	GD10976			unmatched
FBgn0182737	Dsim\GD10977	GD10977			unmatched
FBgn0182739	Dsim\GD10979	GD10979			unmatched
FBgn0182740	Dsim\GD10980	GD10980			unmatched
FBgn0182741	Dsim\GD10981	GD10981			unmatched
FBgn0182742	Dsim\GD10982	GD10982			unmatched
FBgn0182743	Dsim\GD10983	GD10983			unmatched
FBgn0182744	Dsim\GD10984	GD10984			unmatched
FBgn0182745	Dsim\GD10985	GD10985			unmatched
FBgn0182746	Dsim\GD10986	GD10986			unmatched
FBgn0182747	Dsim\GD10987	GD10987			unmatched
FBgn0182748	Dsim\GD10988	GD10988			unmatched
FBgn0182749	Dsim\GD10989	GD10989			unmatched
FBgn0182751	Dsim\GD10991	GD10991			unmatched
FBgn0182752	Dsim\GD10992	GD10992			unmatched
FBgn0182753	Dsim\GD10993	GD10993			unmatched
FBgn0182754	Dsim\GD10994	GD10994			unmatched
FBgn0182755	Dsim\GD10995	GD10995			unmatched
FBgn0182756	Dsim\GD10996	GD10996			unmatched
FBgn0182757	Dsim\GD10997	GD10997			unmatched
FBgn0182759	Dsim\GD10999	GD10999			unmatched
FBgn0182761	Dsim\GD11001	GD11001			unmatched
FBgn0182762	Dsim\GD11002	GD11002			unmatched
FBgn0182763	Dsim\GD11003	GD11003			unmatched
FBgn0182764	Dsim\GD11004	GD11004			unmatched
FBgn0182765	Dsim\GD11005	GD11005			unmatched
FBgn0182766	Dsim\GD11006	GD11006			unmatched
FBgn0182767	Dsim\GD11007	GD11007			unmatched
FBgn0182768	Dsim\GD11008	GD11008			unmatched
FBgn0182771	Dsim\GD11011	GD11011			unmatched
FBgn0182772	Dsim\GD11012	GD11012			unmatched
FBgn0182774	Dsim\GD11014	GD11014			unmatched
FBgn0182775	Dsim\GD11015	GD11015			unmatched
FBgn0182777	Dsim\GD11017	GD11017			unmatched
FBgn0182778	Dsim\GD11018	GD11018			unmatched
FBgn0182779	Dsim\GD11019	GD11019			unmatched
FBgn0182780	Dsim\GD11020	GD11020			unmatched
FBgn0182781	Dsim\GD11021	GD11021			unmatched
FBgn0182782	Dsim\GD11022	GD11022			unmatched
FBgn0182783	Dsim\GD11023	GD11023			unmatched
FBgn0182784	Dsim\GD11024	GD11024			unmatched
FBgn0182785	Dsim\GD11025	GD11025			unmatched
FBgn0182787	Dsim\GD11027	GD11027			unmatched
FBgn0182788	Dsim\GD11028	GD11028			unmatched
FBgn0182789	Dsim\GD11029	GD11029			unmatched
FBgn0182791	Dsim\GD11031	GD11031			unmatched
FBgn0182792	Dsim\GD11032	GD11032			unmatched
FBgn0182793	Dsim\GD11033	GD11033			unmatched
FBgn0182794	Dsim\GD11034	GD11034			unmatched
FBgn0182795	Dsim\GD11035	GD11035			unmatched
FBgn0182796	Dsim\GD11036	GD11036			unmatched
FBgn0182797	Dsim\GD11037	GD11037			unmatched
FBgn0182798	Dsim\GD11038	GD11038			unmatched
FBgn0182801	Dsim\GD11041	GD11041			unmatched
FBgn0182802	Dsim\GD11042	GD11042			unmatched
FBgn0182803	Dsim\GD11043	GD11043			unmatched
FBgn0182804	Dsim\GD11044	GD11044			unmatched
FBgn0182805	Dsim\Obp50b	Obp50b	FBgn0050073	Obp50b	matched
FBgn0182807	Dsim\Obp50c	Obp50c	FBgn0050072	Obp50c	matched
FBgn0182808	Dsim\Obp50d	Obp50d	FBgn0050074	Obp50d	matched
FBgn0182809	Dsim\GD11049	GD11049			unmatched
FBgn0182810	Dsim\GD11050	GD11050			unmatched
FBgn0182811	Dsim\GD11051	GD11051			unmatched
FBgn0182813	Dsim\GD11053	GD11053			unmatched
FBgn0182814	Dsim\GD11054	GD11054			unmatched
FBgn0182816	Dsim\GD11056	GD11056			unmatched
FBgn0182817	Dsim\GD11057	GD11057			unmatched
FBgn0182818	Dsim\GD11058	GD11058			unmatched
FBgn0182819	Dsim\GD11059	GD11059			unmatched
FBgn0182820	Dsim\GD11060	GD11060			unmatched
FBgn0182821	Dsim\GD11061	GD11061			unmatched
FBgn0182823	Dsim\GD11063	GD11063			unmatched
FBgn0182824	Dsim\GD11064	GD11064			unmatched
FBgn0182826	Dsim\GD11066	GD11066			unmatched
FBgn0182828	Dsim\GD11068	GD11068			unmatched
FBgn0182829	Dsim\GD11069	GD11069			unmatched
FBgn0182831	Dsim\GD11074	GD11074			unmatched
FBgn0182832	Dsim\GD11075	GD11075			unmatched
FBgn0182835	Dsim\GD11078	GD11078			unmatched
FBgn0182836	Dsim\GD11079	GD11079			unmatched
FBgn0182837	Dsim\GD11080	GD11080			unmatched
FBgn0182838	Dsim\GD11081	GD11081			unmatched
FBgn0182839	Dsim\GD11082	GD11082			unmatched
FBgn0182840	Dsim\GD11083	GD11083			unmatched
FBgn0182841	Dsim\GD11084	GD11084			unmatched
FBgn0182844	Dsim\GD11087	GD11087			unmatched
FBgn0182845	Dsim\GD11088	GD11088			unmatched
FBgn0182846	Dsim\GD11089	GD11089			unmatched
FBgn0182847	Dsim\GD11090	GD11090			unmatched
FBgn0182848	Dsim\GD11091	GD11091			unmatched
FBgn0182850	Dsim\GD11093	GD11093			unmatched
FBgn0182851	Dsim\GD11094	GD11094			unmatched
FBgn0182853	Dsim\GD11096	GD11096			unmatched
FBgn0182855	Dsim\GD11098	GD11098			unmatched
FBgn0182856	Dsim\GD11099	GD11099			unmatched
FBgn0182857	Dsim\GD11100	GD11100			unmatched
FBgn0182858	Dsim\GD11101	GD11101			unmatched
FBgn0182859	Dsim\GD11102	GD11102			unmatched
FBgn0182860	Dsim\GD11103	GD11103			unmatched
FBgn0182861	Dsim\GD11105	GD11105			unmatched
FBgn0182862	Dsim\GD11106	GD11106			unmatched
FBgn0182863	Dsim\GD11107	GD11107			unmatched
FBgn0182864	Dsim\GD11108	GD11108			unmatched
FBgn0182865	Dsim\GD11109	GD11109			unmatched
FBgn0182867	Dsim\GD11111	GD11111			unmatched
FBgn0182868	Dsim\GD11112	GD11112			unmatched
FBgn0182871	Dsim\GD11116	GD11116			unmatched
FBgn0182875	Dsim\GD11120	GD11120			unmatched
FBgn0182876	Dsim\GD11121	GD11121			unmatched
FBgn0182877	Dsim\GD11122	GD11122			unmatched
FBgn0182878	Dsim\GD11123	GD11123			unmatched
FBgn0182879	Dsim\GD11124	GD11124			unmatched
FBgn0182880	Dsim\GD11125	GD11125			unmatched
FBgn0182882	Dsim\GD11127	GD11127			unmatched
FBgn0182884	Dsim\GD11129	GD11129			unmatched
FBgn0182885	Dsim\GD11130	GD11130			unmatched
FBgn0182886	Dsim\GD11131	GD11131			unmatched
FBgn0182887	Dsim\GD11132	GD11132			unmatched
FBgn0182888	Dsim\GD11133	GD11133			unmatched
FBgn0182889	Dsim\GD11134	GD11134			unmatched
FBgn0182890	Dsim\GD11135	GD11135			unmatched
FBgn0182891	Dsim\GD11136	GD11136			unmatched
FBgn0182892	Dsim\GD11137	GD11137			unmatched
FBgn0182893	Dsim\GD11138	GD11138			unmatched
FBgn0182895	Dsim\GD11140	GD11140			unmatched
FBgn0182896	Dsim\GD11141	GD11141			unmatched
FBgn0182898	Dsim\GD11143	GD11143			unmatched
FBgn0182899	Dsim\GD11144	GD11144			unmatched
FBgn0182900	Dsim\GD11145	GD11145			unmatched
FBgn0182901	Dsim\GD11146	GD11146			unmatched
FBgn0182902	Dsim\GD11147	GD11147			unmatched
FBgn0182903	Dsim\GD11148	GD11148			unmatched
FBgn0182904	Dsim\GD11149	GD11149			unmatched
FBgn0182905	Dsim\GD11150	GD11150			unmatched
FBgn0182906	Dsim\GD11151	GD11151			unmatched
FBgn0182907	Dsim\GD11152	GD11152			unmatched
FBgn0182908	Dsim\GD11153	GD11153			unmatched
FBgn0182909	Dsim\GD11154	GD11154			unmatched
FBgn0182910	Dsim\GD11155	GD11155			unmatched
FBgn0182913	Dsim\GD11158	GD11158			unmatched
FBgn0182914	Dsim\GD11159	GD11159			unmatched
FBgn0182915	Dsim\GD11160	GD11160			unmatched
FBgn0182916	Dsim\GD11161	GD11161			unmatched
FBgn0182917	Dsim\GD11162	GD11162			unmatched
FBgn0182918	Dsim\GD11163	GD11163			unmatched
FBgn0182919	Dsim\GD11164	GD11164			unmatched
FBgn0182920	Dsim\GD11165	GD11165			unmatched
FBgn0182921	Dsim\GD11166	GD11166			unmatched
FBgn0182922	Dsim\GD11167	GD11167			unmatched
FBgn0182923	Dsim\GD11168	GD11168			unmatched
FBgn0182925	Dsim\GD11170	GD11170			unmatched
FBgn0182926	Dsim\GD11171	GD11171			unmatched
FBgn0182927	Dsim\GD11172	GD11172			unmatched
FBgn0182928	Dsim\GD11173	GD11173			unmatched
FBgn0182929	Dsim\GD11174	GD11174			unmatched
FBgn0182931	Dsim\GD11176	GD11176			unmatched
FBgn0182932	Dsim\GD11177	GD11177			unmatched
FBgn0182934	Dsim\GD11179	GD11179			unmatched
FBgn0182935	Dsim\GD11180	GD11180			unmatched
FBgn0182936	Dsim\GD11181	GD11181			unmatched
FBgn0182937	Dsim\GD11182	GD11182			unmatched
FBgn0182939	Dsim\GD11185	GD11185			unmatched
FBgn0182940	Dsim\GD11186	GD11186			unmatched
FBgn0182941	Dsim\GD11188	GD11188			unmatched
FBgn0182942	Dsim\GD11189	GD11189			unmatched
FBgn0182943	Dsim\GD11190	GD11190			unmatched
FBgn0182944	Dsim\GD11191	GD11191			unmatched
FBgn0182945	Dsim\GD11192	GD11192			unmatched
FBgn0182946	Dsim\GD11193	GD11193			unmatched
FBgn0182947	Dsim\GD11194	GD11194			unmatched
FBgn0182948	Dsim\GD11195	GD11195			unmatched
FBgn0182949	Dsim\GD11196	GD11196			unmatched
FBgn0182951	Dsim\GD11198	GD11198			unmatched
FBgn0182952	Dsim\GD11199	GD11199			unmatched
FBgn0182953	Dsim\GD11200	GD11200			unmatched
FBgn0182954	Dsim\GD11201	GD11201			unmatched
FBgn0182955	Dsim\GD11202	GD11202			unmatched
FBgn0182956	Dsim\GD11203	GD11203			unmatched
FBgn0182957	Dsim\GD11204	GD11204			unmatched
FBgn0182958	Dsim\GD11205	GD11205			unmatched
FBgn0182959	Dsim\GD11206	GD11206			unmatched
FBgn0182960	Dsim\GD11207	GD11207			unmatched
FBgn0182961	Dsim\GD11208	GD11208			unmatched
FBgn0182963	Dsim\GD11210	GD11210			unmatched
FBgn0182964	Dsim\GD11212	GD11212			unmatched
FBgn0182965	Dsim\GD11213	GD11213			unmatched
FBgn0182966	Dsim\GD11214	GD11214			unmatched
FBgn0182967	Dsim\GD11215	GD11215			unmatched
FBgn0182968	Dsim\GD11216	GD11216			unmatched
FBgn0182970	Dsim\GD11218	GD11218			unmatched
FBgn0182971	Dsim\GD11219	GD11219			unmatched
FBgn0182972	Dsim\GD11220	GD11220			unmatched
FBgn0182973	Dsim\GD11221	GD11221			unmatched
FBgn0182974	Dsim\GD11222	GD11222			unmatched
FBgn0182975	Dsim\GD11223	GD11223			unmatched
FBgn0182976	Dsim\GD11224	GD11224			unmatched
FBgn0182977	Dsim\GD11225	GD11225			unmatched
FBgn0182978	Dsim\GD11226	GD11226			unmatched
FBgn0182979	Dsim\GD11227	GD11227			unmatched
FBgn0182981	Dsim\GD11229	GD11229			unmatched
FBgn0182982	Dsim\GD11230	GD11230			unmatched
FBgn0182983	Dsim\GD11231	GD11231			unmatched
FBgn0182984	Dsim\GD11232	GD11232			unmatched
FBgn0182985	Dsim\GD11233	GD11233			unmatched
FBgn0182986	Dsim\GD11234	GD11234			unmatched
FBgn0182987	Dsim\GD11235	GD11235			unmatched
FBgn0182988	Dsim\GD11236	GD11236			unmatched
FBgn0182989	Dsim\GD11237	GD11237			unmatched
FBgn0182990	Dsim\GD11238	GD11238			unmatched
FBgn0182991	Dsim\GD11239	GD11239			unmatched
FBgn0182992	Dsim\GD11240	GD11240			unmatched
FBgn0182993	Dsim\GD11241	GD11241			unmatched
FBgn0182994	Dsim\GD11242	GD11242			unmatched
FBgn0182995	Dsim\GD11243	GD11243			unmatched
FBgn0182996	Dsim\GD11244	GD11244			unmatched
FBgn0182997	Dsim\GD11245	GD11245			unmatched
FBgn0182999	Dsim\GD11247	GD11247			unmatched
FBgn0183000	Dsim\GD11248	GD11248			unmatched
FBgn0183001	Dsim\GD11249	GD11249			unmatched
FBgn0183002	Dsim\GD11251	GD11251			unmatched
FBgn0183003	Dsim\GD11253	GD11253			unmatched
FBgn0183004	Dsim\GD11254	GD11254			unmatched
FBgn0183005	Dsim\GD11255	GD11255			unmatched
FBgn0183006	Dsim\GD11256	GD11256			unmatched
FBgn0183008	Dsim\GD11258	GD11258			unmatched
FBgn0183012	Dsim\GD11262	GD11262			unmatched
FBgn0183013	Dsim\GD11263	GD11263			unmatched
FBgn0183014	Dsim\GD11264	GD11264			unmatched
FBgn0183015	Dsim\GD11265	GD11265			unmatched
FBgn0183017	Dsim\GD11267	GD11267			unmatched
FBgn0183018	Dsim\GD11268	GD11268			unmatched
FBgn0183019	Dsim\GD11269	GD11269			unmatched
FBgn0183020	Dsim\GD11270	GD11270			unmatched
FBgn0183021	Dsim\GD11271	GD11271			unmatched
FBgn0183023	Dsim\GD11273	GD11273			unmatched
FBgn0183024	Dsim\GD11274	GD11274			unmatched
FBgn0183025	Dsim\GD11275	GD11275			unmatched
FBgn0183026	Dsim\GD11276	GD11276			unmatched
FBgn0183028	Dsim\GD11278	GD11278			unmatched
FBgn0183029	Dsim\GD11279	GD11279			unmatched
FBgn0183031	Dsim\GD11282	GD11282			unmatched
FBgn0183032	Dsim\GD11283	GD11283			unmatched
FBgn0183033	Dsim\GD11284	GD11284			unmatched
FBgn0183035	Dsim\GD11286	GD11286			unmatched
FBgn0183036	Dsim\GD11287	GD11287			unmatched
FBgn0183037	Dsim\GD11288	GD11288			unmatched
FBgn0183038	Dsim\GD11289	GD11289			unmatched
FBgn0183039	Dsim\GD11290	GD11290			unmatched
FBgn0183040	Dsim\GD11291	GD11291			unmatched
FBgn0183041	Dsim\GD11292	GD11292			unmatched
FBgn0183042	Dsim\GD11293	GD11293			unmatched
FBgn0183043	Dsim\GD11294	GD11294			unmatched
FBgn0183044	Dsim\GD11295	GD11295			unmatched
FBgn0183045	Dsim\GD11296	GD11296			unmatched
FBgn0183046	Dsim\GD11297	GD11297			unmatched
FBgn0183049	Dsim\GD11300	GD11300			unmatched
FBgn0183050	Dsim\GD11301	GD11301			unmatched
FBgn0183051	Dsim\GD11302	GD11302			unmatched
FBgn0183052	Dsim\GD11303	GD11303			unmatched
FBgn0183054	Dsim\GD11305	GD11305			unmatched
FBgn0183055	Dsim\GD11306	GD11306			unmatched
FBgn0183056	Dsim\GD11307	GD11307			unmatched
FBgn0183057	Dsim\GD11308	GD11308			unmatched
FBgn0183058	Dsim\GD11309	GD11309			unmatched
FBgn0183059	Dsim\GD11310	GD11310			unmatched
FBgn0183060	Dsim\GD11311	GD11311			unmatched
FBgn0183061	Dsim\GD11312	GD11312			unmatched
FBgn0183062	Dsim\GD11313	GD11313			unmatched
FBgn0183064	Dsim\GD11315	GD11315			unmatched
FBgn0183065	Dsim\GD11316	GD11316			unmatched
FBgn0183066	Dsim\GD11317	GD11317			unmatched
FBgn0183067	Dsim\GD11318	GD11318			unmatched
FBgn0183068	Dsim\GD11319	GD11319			unmatched
FBgn0183071	Dsim\GD11322	GD11322			unmatched
FBgn0183072	Dsim\GD11323	GD11323			unmatched
FBgn0183074	Dsim\GD11325	GD11325			unmatched
FBgn0183075	Dsim\GD11326	GD11326			unmatched
FBgn0183076	Dsim\GD11327	GD11327			unmatched
FBgn0183077	Dsim\GD11328	GD11328			unmatched
FBgn0183080	Dsim\GD11331	GD11331			unmatched
FBgn0183081	Dsim\GD11332	GD11332			unmatched
FBgn0183082	Dsim\GD11333	GD11333			unmatched
FBgn0183084	Dsim\GD11335	GD11335			unmatched
FBgn0183085	Dsim\GD11336	GD11336			unmatched
FBgn0183086	Dsim\GD11337	GD11337			unmatched
FBgn0183087	Dsim\GD11338	GD11338			unmatched
FBgn0183088	Dsim\GD11339	GD11339			unmatched
FBgn0183089	Dsim\GD11340	GD11340			unmatched
FBgn0183090	Dsim\GD11341	GD11341			unmatched
FBgn0183092	Dsim\GD11343	GD11343			unmatched
FBgn0183093	Dsim\GD11344	GD11344			unmatched
FBgn0183094	Dsim\GD11345	GD11345			unmatched
FBgn0183095	Dsim\GD11346	GD11346			unmatched
FBgn0183096	Dsim\GD11347	GD11347			unmatched
FBgn0183097	Dsim\GD11348	GD11348			unmatched
FBgn0183098	Dsim\GD11349	GD11349			unmatched
FBgn0183099	Dsim\GD11350	GD11350			unmatched
FBgn0183101	Dsim\GD11352	GD11352			unmatched
FBgn0183105	Dsim\GD11356	GD11356			unmatched
FBgn0183106	Dsim\GD11357	GD11357			unmatched
FBgn0183107	Dsim\GD11358	GD11358			unmatched
FBgn0183108	Dsim\GD11359	GD11359			unmatched
FBgn0183109	Dsim\GD11360	GD11360			unmatched
FBgn0183110	Dsim\GD11361	GD11361			unmatched
FBgn0183112	Dsim\GD11363	GD11363			unmatched
FBgn0183113	Dsim\GD11364	GD11364			unmatched
FBgn0183114	Dsim\GD11365	GD11365			unmatched
FBgn0183115	Dsim\GD11366	GD11366			unmatched
FBgn0183116	Dsim\GD11367	GD11367			unmatched
FBgn0183117	Dsim\GD11368	GD11368			unmatched
FBgn0183118	Dsim\GD11369	GD11369			unmatched
FBgn0183119	Dsim\GD11370	GD11370			unmatched
FBgn0183120	Dsim\GD11371	GD11371			unmatched
FBgn0183121	Dsim\GD11372	GD11372			unmatched
FBgn0183122	Dsim\GD11373	GD11373			unmatched
FBgn0183123	Dsim\GD11374	GD11374			unmatched
FBgn0183124	Dsim\GD11375	GD11375			unmatched
FBgn0183125	Dsim\GD11376	GD11376			unmatched
FBgn0183126	Dsim\GD11377	GD11377			unmatched
FBgn0183127	Dsim\GD11378	GD11378			unmatched
FBgn0183129	Dsim\GD11380	GD11380			unmatched
FBgn0183131	Dsim\GD11382	GD11382			unmatched
FBgn0183132	Dsim\GD11383	GD11383			unmatched
FBgn0183133	Dsim\GD11384	GD11384			unmatched
FBgn0183134	Dsim\GD11385	GD11385			unmatched
FBgn0183135	Dsim\GD11386	GD11386			unmatched
FBgn0183136	Dsim\GD11387	GD11387			unmatched
FBgn0183137	Dsim\GD11388	GD11388			unmatched
FBgn0183138	Dsim\GD11389	GD11389			unmatched
FBgn0183140	Dsim\GD11391	GD11391			unmatched
FBgn0183141	Dsim\GD11392	GD11392			unmatched
FBgn0183143	Dsim\GD11394	GD11394			unmatched
FBgn0183144	Dsim\GD11395	GD11395			unmatched
FBgn0183145	Dsim\GD11396	GD11396			unmatched
FBgn0183146	Dsim\GD11397	GD11397			unmatched
FBgn0183147	Dsim\GD11398	GD11398			unmatched
FBgn0183148	Dsim\GD11399	GD11399			unmatched
FBgn0183149	Dsim\GD11400	GD11400			unmatched
FBgn0183150	Dsim\GD11401	GD11401			unmatched
FBgn0183151	Dsim\GD11402	GD11402			unmatched
FBgn0183153	Dsim\GD11404	GD11404			unmatched
FBgn0183154	Dsim\GD11405	GD11405			unmatched
FBgn0183155	Dsim\GD11406	GD11406			unmatched
FBgn0183156	Dsim\GD11407	GD11407			unmatched
FBgn0183157	Dsim\GD11408	GD11408			unmatched
FBgn0183159	Dsim\GD11410	GD11410			unmatched
FBgn0183161	Dsim\GD11412	GD11412			unmatched
FBgn0183162	Dsim\GD11413	GD11413			unmatched
FBgn0183164	Dsim\GD11415	GD11415			unmatched
FBgn0183165	Dsim\GD11416	GD11416			unmatched
FBgn0183166	Dsim\GD11417	GD11417			unmatched
FBgn0183167	Dsim\GD11418	GD11418			unmatched
FBgn0183168	Dsim\GD11419	GD11419			unmatched
FBgn0183170	Dsim\GD11421	GD11421			unmatched
FBgn0183172	Dsim\GD11423	GD11423			unmatched
FBgn0183174	Dsim\GD11425	GD11425			unmatched
FBgn0183175	Dsim\GD11426	GD11426			unmatched
FBgn0183176	Dsim\GD11427	GD11427			unmatched
FBgn0183177	Dsim\GD11428	GD11428			unmatched
FBgn0183178	Dsim\GD11429	GD11429			unmatched
FBgn0183179	Dsim\GD11430	GD11430			unmatched
FBgn0183180	Dsim\GD11431	GD11431			unmatched
FBgn0183181	Dsim\GD11432	GD11432			unmatched
FBgn0183183	Dsim\GD11434	GD11434			unmatched
FBgn0183184	Dsim\GD11435	GD11435			unmatched
FBgn0183185	Dsim\GD11436	GD11436			unmatched
FBgn0183186	Dsim\GD11437	GD11437			unmatched
FBgn0183187	Dsim\GD11438	GD11438			unmatched
FBgn0183188	Dsim\GD11439	GD11439			unmatched
FBgn0183189	Dsim\GD11440	GD11440			unmatched
FBgn0183190	Dsim\GD11441	GD11441			unmatched
FBgn0183191	Dsim\GD11442	GD11442			unmatched
FBgn0183192	Dsim\GD11443	GD11443			unmatched
FBgn0183193	Dsim\GD11444	GD11444			unmatched
FBgn0183194	Dsim\GD11445	GD11445			unmatched
FBgn0183195	Dsim\GD11446	GD11446			unmatched
FBgn0183196	Dsim\GD11447	GD11447			unmatched
FBgn0183197	Dsim\GD11448	GD11448			unmatched
FBgn0183198	Dsim\GD11449	GD11449			unmatched
FBgn0183199	Dsim\GD11450	GD11450			unmatched
FBgn0183200	Dsim\GD11451	GD11451			unmatched
FBgn0183201	Dsim\GD11452	GD11452			unmatched
FBgn0183202	Dsim\GD11453	GD11453			unmatched
FBgn0183203	Dsim\GD11454	GD11454			unmatched
FBgn0183204	Dsim\GD11455	GD11455			unmatched
FBgn0183205	Dsim\GD11456	GD11456			unmatched
FBgn0183206	Dsim\GD11457	GD11457			unmatched
FBgn0183207	Dsim\GD11458	GD11458			unmatched
FBgn0183208	Dsim\GD11459	GD11459			unmatched
FBgn0183210	Dsim\GD11461	GD11461			unmatched
FBgn0183211	Dsim\GD11462	GD11462			unmatched
FBgn0183212	Dsim\GD11463	GD11463			unmatched
FBgn0183213	Dsim\GD11464	GD11464			unmatched
FBgn0183214	Dsim\GD11465	GD11465			unmatched
FBgn0183216	Dsim\GD11467	GD11467			unmatched
FBgn0183218	Dsim\GD11469	GD11469			unmatched
FBgn0183219	Dsim\GD11470	GD11470			unmatched
FBgn0183220	Dsim\GD11471	GD11471			unmatched
FBgn0183222	Dsim\GD11473	GD11473			unmatched
FBgn0183223	Dsim\GD11474	GD11474			unmatched
FBgn0183224	Dsim\GD11475	GD11475			unmatched
FBgn0183225	Dsim\GD11476	GD11476			unmatched
FBgn0183226	Dsim\Obp56a	Obp56a	FBgn0034468	Obp56a	matched
FBgn0183227	Dsim\Obp56e	Obp56e	FBgn0034471	Obp56e	matched
FBgn0183228	Dsim\Obp56f	Obp56f	FBgn0043533	Obp56f	matched
FBgn0183229	Dsim\GD11480	GD11480			unmatched
FBgn0183230	Dsim\Obp56h	Obp56h	FBgn0034475	Obp56h	matched
FBgn0183231	Dsim\GD11483	GD11483			unmatched
FBgn0183232	Dsim\Obp56i	Obp56i	FBgn0043532	Obp56i	matched
FBgn0183234	Dsim\GD11486	GD11486			unmatched
FBgn0183235	Dsim\GD11487	GD11487			unmatched
FBgn0183236	Dsim\GD11488	GD11488			unmatched
FBgn0183237	Dsim\GD11489	GD11489			unmatched
FBgn0183239	Dsim\GD11492	GD11492			unmatched
FBgn0183241	Dsim\GD11494	GD11494			unmatched
FBgn0183242	Dsim\GD11495	GD11495			unmatched
FBgn0183243	Dsim\GD11496	GD11496			unmatched
FBgn0183244	Dsim\GD11501	GD11501			unmatched
FBgn0183246	Dsim\GD11504	GD11504			unmatched
FBgn0183248	Dsim\GD11507	GD11507			unmatched
FBgn0183250	Dsim\GD11509	GD11509			unmatched
FBgn0183251	Dsim\GD11510	GD11510			unmatched
FBgn0183252	Dsim\GD11511	GD11511			unmatched
FBgn0183253	Dsim\GD11512	GD11512			unmatched
FBgn0183254	Dsim\GD11513	GD11513			unmatched
FBgn0183255	Dsim\GD11514	GD11514			unmatched
FBgn0183257	Dsim\Obp57c	Obp57c	FBgn0034509	Obp57c	matched
FBgn0183258	Dsim\Obp57b	Obp57b	FBgn0043534	Obp57b	matched
FBgn0183259	Dsim\Obp57a	Obp57a	FBgn0043535	Obp57a	matched
FBgn0183260	Dsim\GD11519	GD11519			unmatched
FBgn0183261	Dsim\GD11520	GD11520			unmatched
FBgn0183262	Dsim\GD11521	GD11521			unmatched
FBgn0183263	Dsim\GD11522	GD11522			unmatched
FBgn0183264	Dsim\GD11523	GD11523			unmatched
FBgn0183265	Dsim\GD11524	GD11524			unmatched
FBgn0183266	Dsim\GD11525	GD11525			unmatched
FBgn0183267	Dsim\GD11526	GD11526			unmatched
FBgn0183268	Dsim\GD11527	GD11527			unmatched
FBgn0183269	Dsim\GD11528	GD11528			unmatched
FBgn0183271	Dsim\GD11530	GD11530			unmatched
FBgn0183272	Dsim\GD11531	GD11531			unmatched
FBgn0183273	Dsim\GD11532	GD11532			unmatched
FBgn0183274	Dsim\GD11533	GD11533			unmatched
FBgn0183275	Dsim\GD11534	GD11534			unmatched
FBgn0183276	Dsim\GD11535	GD11535			unmatched
FBgn0183277	Dsim\GD11536	GD11536			unmatched
FBgn0183278	Dsim\GD11537	GD11537			unmatched
FBgn0183279	Dsim\GD11538	GD11538			unmatched
FBgn0183281	Dsim\GD11540	GD11540			unmatched
FBgn0183283	Dsim\GD11542	GD11542			unmatched
FBgn0183285	Dsim\GD11544	GD11544			unmatched
FBgn0183286	Dsim\GD11545	GD11545			unmatched
FBgn0183287	Dsim\GD11546	GD11546			unmatched
FBgn0183288	Dsim\GD11547	GD11547			unmatched
FBgn0183289	Dsim\GD11548	GD11548			unmatched
FBgn0183290	Dsim\GD11549	GD11549			unmatched
FBgn0183291	Dsim\GD11550	GD11550			unmatched
FBgn0183292	Dsim\GD11551	GD11551			unmatched
FBgn0183293	Dsim\GD11552	GD11552			unmatched
FBgn0183294	Dsim\GD11553	GD11553			unmatched
FBgn0183295	Dsim\GD11554	GD11554			unmatched
FBgn0183296	Dsim\GD11555	GD11555			unmatched
FBgn0183297	Dsim\GD11556	GD11556			unmatched
FBgn0183298	Dsim\GD11557	GD11557			unmatched
FBgn0183299	Dsim\GD11558	GD11558			unmatched
FBgn0183301	Dsim\GD11560	GD11560			unmatched
FBgn0183302	Dsim\GD11561	GD11561			unmatched
FBgn0183303	Dsim\GD11562	GD11562			unmatched
FBgn0183305	Dsim\GD11564	GD11564			unmatched
FBgn0183306	Dsim\GD11565	GD11565			unmatched
FBgn0183307	Dsim\GD11566	GD11566			unmatched
FBgn0183308	Dsim\GD11567	GD11567			unmatched
FBgn0183310	Dsim\GD11569	GD11569			unmatched
FBgn0183311	Dsim\GD11570	GD11570			unmatched
FBgn0183312	Dsim\GD11571	GD11571			unmatched
FBgn0183313	Dsim\GD11572	GD11572			unmatched
FBgn0183314	Dsim\GD11573	GD11573			unmatched
FBgn0183316	Dsim\GD11575	GD11575			unmatched
FBgn0183317	Dsim\GD11576	GD11576			unmatched
FBgn0183318	Dsim\GD11577	GD11577			unmatched
FBgn0183322	Dsim\GD11581	GD11581			unmatched
FBgn0183323	Dsim\GD11582	GD11582			unmatched
FBgn0183324	Dsim\GD11583	GD11583			unmatched
FBgn0183327	Dsim\GD11586	GD11586			unmatched
FBgn0183328	Dsim\GD11587	GD11587			unmatched
FBgn0183329	Dsim\GD11588	GD11588			unmatched
FBgn0183331	Dsim\GD11590	GD11590			unmatched
FBgn0183332	Dsim\GD11591	GD11591			unmatched
FBgn0183334	Dsim\GD11593	GD11593			unmatched
FBgn0183336	Dsim\GD11595	GD11595			unmatched
FBgn0183338	Dsim\GD11597	GD11597			unmatched
FBgn0183340	Dsim\GD11599	GD11599			unmatched
FBgn0183342	Dsim\GD11601	GD11601			unmatched
FBgn0183345	Dsim\GD11604	GD11604			unmatched
FBgn0183348	Dsim\GD11607	GD11607			unmatched
FBgn0183349	Dsim\GD11608	GD11608			unmatched
FBgn0183350	Dsim\GD11610	GD11610			unmatched
FBgn0183352	Dsim\GD11612	GD11612			unmatched
FBgn0183353	Dsim\GD11613	GD11613			unmatched
FBgn0183354	Dsim\GD11614	GD11614			unmatched
FBgn0183355	Dsim\GD11615	GD11615			unmatched
FBgn0183357	Dsim\GD11617	GD11617			unmatched
FBgn0183358	Dsim\GD11618	GD11618			unmatched
FBgn0183360	Dsim\GD11620	GD11620			unmatched
FBgn0183362	Dsim\GD11622	GD11622			unmatched
FBgn0183363	Dsim\GD11623	GD11623			unmatched
FBgn0183364	Dsim\GD11624	GD11624			unmatched
FBgn0183365	Dsim\GD11625	GD11625			unmatched
FBgn0183366	Dsim\GD11626	GD11626			unmatched
FBgn0183369	Dsim\GD11629	GD11629			unmatched
FBgn0183371	Dsim\GD11631	GD11631			unmatched
FBgn0183372	Dsim\GD11632	GD11632			unmatched
FBgn0183374	Dsim\GD11634	GD11634			unmatched
FBgn0183376	Dsim\GD11636	GD11636			unmatched
FBgn0183377	Dsim\GD11637	GD11637			unmatched
FBgn0183379	Dsim\GD11639	GD11639			unmatched
FBgn0183380	Dsim\GD11640	GD11640			unmatched
FBgn0183381	Dsim\GD11641	GD11641			unmatched
FBgn0183382	Dsim\GD11642	GD11642			unmatched
FBgn0183383	Dsim\GD11643	GD11643			unmatched
FBgn0183384	Dsim\GD11644	GD11644			unmatched
FBgn0183385	Dsim\GD11645	GD11645			unmatched
FBgn0183386	Dsim\GD11646	GD11646			unmatched
FBgn0183387	Dsim\GD11647	GD11647			unmatched
FBgn0183389	Dsim\GD11649	GD11649			unmatched
FBgn0183390	Dsim\GD11650	GD11650			unmatched
FBgn0183391	Dsim\GD11651	GD11651			unmatched
FBgn0183392	Dsim\GD11652	GD11652			unmatched
FBgn0183393	Dsim\GD11653	GD11653			unmatched
FBgn0183394	Dsim\GD11654	GD11654			unmatched
FBgn0183396	Dsim\GD11656	GD11656			unmatched
FBgn0183397	Dsim\GD11657	GD11657			unmatched
FBgn0183398	Dsim\GD11658	GD11658			unmatched
FBgn0183399	Dsim\GD11659	GD11659			unmatched
FBgn0183400	Dsim\GD11660	GD11660			unmatched
FBgn0183401	Dsim\GD11661	GD11661			unmatched
FBgn0183402	Dsim\GD11662	GD11662			unmatched
FBgn0183403	Dsim\GD11663	GD11663			unmatched
FBgn0183404	Dsim\GD11664	GD11664			unmatched
FBgn0183405	Dsim\GD11665	GD11665			unmatched
FBgn0183406	Dsim\GD11666	GD11666			unmatched
FBgn0183407	Dsim\GD11667	GD11667			unmatched
FBgn0183408	Dsim\GD11668	GD11668			unmatched
FBgn0183410	Dsim\GD11670	GD11670			unmatched
FBgn0183411	Dsim\GD11671	GD11671			unmatched
FBgn0183412	Dsim\GD11672	GD11672			unmatched
FBgn0183413	Dsim\GD11673	GD11673			unmatched
FBgn0183414	Dsim\GD11674	GD11674			unmatched
FBgn0183415	Dsim\GD11675	GD11675			unmatched
FBgn0183416	Dsim\GD11676	GD11676			unmatched
FBgn0183417	Dsim\GD11677	GD11677			unmatched
FBgn0183418	Dsim\GD11678	GD11678			unmatched
FBgn0183419	Dsim\GD11679	GD11679			unmatched
FBgn0183420	Dsim\GD11680	GD11680			unmatched
FBgn0183421	Dsim\GD11681	GD11681			unmatched
FBgn0183422	Dsim\GD11682	GD11682			unmatched
FBgn0183423	Dsim\GD11683	GD11683			unmatched
FBgn0183424	Dsim\GD11684	GD11684			unmatched
FBgn0183425	Dsim\GD11685	GD11685			unmatched
FBgn0183426	Dsim\GD11686	GD11686			unmatched
FBgn0183427	Dsim\GD11687	GD11687			unmatched
FBgn0183428	Dsim\GD11688	GD11688			unmatched
FBgn0183429	Dsim\GD11689	GD11689			unmatched
FBgn0183431	Dsim\GD11691	GD11691			unmatched
FBgn0183432	Dsim\GD11692	GD11692			unmatched
FBgn0183433	Dsim\GD11693	GD11693			unmatched
FBgn0183434	Dsim\Obp59a	Obp59a	FBgn0034766	Obp59a	matched
FBgn0183435	Dsim\Obp58b	Obp58b	FBgn0034768	Obp58b	matched
FBgn0183436	Dsim\Obp58d	Obp58d	FBgn0034770	Obp58d	matched
FBgn0183437	Dsim\GD11697	GD11697			unmatched
FBgn0183439	Dsim\GD11699	GD11699			unmatched
FBgn0183440	Dsim\GD11700	GD11700			unmatched
FBgn0183442	Dsim\GD11702	GD11702			unmatched
FBgn0183444	Dsim\GD11704	GD11704			unmatched
FBgn0183445	Dsim\GD11705	GD11705			unmatched
FBgn0183446	Dsim\GD11706	GD11706			unmatched
FBgn0183450	Dsim\GD11710	GD11710			unmatched
FBgn0183451	Dsim\GD11711	GD11711			unmatched
FBgn0183453	Dsim\GD11713	GD11713			unmatched
FBgn0183454	Dsim\GD11714	GD11714			unmatched
FBgn0183455	Dsim\GD11715	GD11715			unmatched
FBgn0183456	Dsim\GD11716	GD11716			unmatched
FBgn0183457	Dsim\GD11717	GD11717			unmatched
FBgn0183458	Dsim\GD11718	GD11718			unmatched
FBgn0183459	Dsim\GD11719	GD11719			unmatched
FBgn0183460	Dsim\GD11720	GD11720			unmatched
FBgn0183461	Dsim\GD11721	GD11721			unmatched
FBgn0183462	Dsim\GD11722	GD11722			unmatched
FBgn0183463	Dsim\GD11723	GD11723			unmatched
FBgn0183464	Dsim\GD11724	GD11724			unmatched
FBgn0183466	Dsim\GD11726	GD11726			unmatched
FBgn0183467	Dsim\GD11727	GD11727			unmatched
FBgn0183471	Dsim\GD11732	GD11732			unmatched
FBgn0183472	Dsim\GD11733	GD11733			unmatched
FBgn0183474	Dsim\GD11735	GD11735			unmatched
FBgn0183475	Dsim\GD11736	GD11736			unmatched
FBgn0183476	Dsim\GD11737	GD11737			unmatched
FBgn0183477	Dsim\GD11738	GD11738			unmatched
FBgn0183478	Dsim\GD11739	GD11739			unmatched
FBgn0183480	Dsim\GD11741	GD11741			unmatched
FBgn0183481	Dsim\GD11742	GD11742			unmatched
FBgn0183482	Dsim\GD11743	GD11743			unmatched
FBgn0183483	Dsim\GD11744	GD11744			unmatched
FBgn0183484	Dsim\GD11745	GD11745			unmatched
FBgn0183485	Dsim\GD11746	GD11746			unmatched
FBgn0183486	Dsim\GD11747	GD11747			unmatched
FBgn0183487	Dsim\GD11748	GD11748			unmatched
FBgn0183489	Dsim\GD11750	GD11750			unmatched
FBgn0183490	Dsim\GD11751	GD11751			unmatched
FBgn0183491	Dsim\GD11752	GD11752			unmatched
FBgn0183492	Dsim\GD11753	GD11753			unmatched
FBgn0183493	Dsim\GD11754	GD11754			unmatched
FBgn0183494	Dsim\GD11755	GD11755			unmatched
FBgn0183495	Dsim\GD11756	GD11756			unmatched
FBgn0183496	Dsim\GD11757	GD11757			unmatched
FBgn0183497	Dsim\GD11758	GD11758			unmatched
FBgn0183498	Dsim\GD11759	GD11759			unmatched
FBgn0183499	Dsim\GD11760	GD11760			unmatched
FBgn0183500	Dsim\GD11761	GD11761			unmatched
FBgn0183505	Dsim\GD11766	GD11766			unmatched
FBgn0183508	Dsim\GD11769	GD11769			unmatched
FBgn0183509	Dsim\GD11770	GD11770			unmatched
FBgn0183510	Dsim\GD11771	GD11771			unmatched
FBgn0183511	Dsim\GD11772	GD11772			unmatched
FBgn0183512	Dsim\GD11773	GD11773			unmatched
FBgn0183513	Dsim\GD11774	GD11774			unmatched
FBgn0183514	Dsim\GD11775	GD11775			unmatched
FBgn0183515	Dsim\GD11776	GD11776			unmatched
FBgn0183516	Dsim\GD11777	GD11777			unmatched
FBgn0183517	Dsim\GD11778	GD11778			unmatched
FBgn0183518	Dsim\GD11779	GD11779			unmatched
FBgn0183519	Dsim\GD11780	GD11780			unmatched
FBgn0183520	Dsim\GD11781	GD11781			unmatched
FBgn0183521	Dsim\GD11782	GD11782			unmatched
FBgn0183522	Dsim\GD11783	GD11783			unmatched
FBgn0183523	Dsim\GD11784	GD11784			unmatched
FBgn0183524	Dsim\GD11785	GD11785			unmatched
FBgn0183526	Dsim\GD11787	GD11787			unmatched
FBgn0183527	Dsim\GD11788	GD11788			unmatched
FBgn0183528	Dsim\GD11789	GD11789			unmatched
FBgn0183530	Dsim\GD11791	GD11791			unmatched
FBgn0183531	Dsim\GD11792	GD11792			unmatched
FBgn0183533	Dsim\GD11794	GD11794			unmatched
FBgn0183534	Dsim\GD11795	GD11795			unmatched
FBgn0183535	Dsim\GD11796	GD11796			unmatched
FBgn0183536	Dsim\GD11797	GD11797			unmatched
FBgn0183537	Dsim\GD11798	GD11798			unmatched
FBgn0183538	Dsim\GD11799	GD11799			unmatched
FBgn0183539	Dsim\GD11800	GD11800			unmatched
FBgn0183540	Dsim\GD11801	GD11801			unmatched
FBgn0183541	Dsim\GD11802	GD11802			unmatched
FBgn0183542	Dsim\GD11803	GD11803			unmatched
FBgn0183543	Dsim\GD11804	GD11804			unmatched
FBgn0183544	Dsim\GD11805	GD11805			unmatched
FBgn0183545	Dsim\GD11806	GD11806			unmatched
FBgn0183546	Dsim\GD11807	GD11807			unmatched
FBgn0183547	Dsim\GD11808	GD11808			unmatched
FBgn0183548	Dsim\GD11809	GD11809			unmatched
FBgn0183549	Dsim\GD11810	GD11810			unmatched
FBgn0183550	Dsim\GD11811	GD11811			unmatched
FBgn0183551	Dsim\GD11812	GD11812			unmatched
FBgn0183552	Dsim\GD11813	GD11813			unmatched
FBgn0183553	Dsim\GD11814	GD11814			unmatched
FBgn0183554	Dsim\GD11815	GD11815			unmatched
FBgn0183555	Dsim\GD11816	GD11816			unmatched
FBgn0183556	Dsim\GD11817	GD11817			unmatched
FBgn0183557	Dsim\GD11818	GD11818			unmatched
FBgn0183559	Dsim\GD11820	GD11820			unmatched
FBgn0183560	Dsim\GD11821	GD11821			unmatched
FBgn0183561	Dsim\GD11822	GD11822			unmatched
FBgn0183562	Dsim\GD11823	GD11823			unmatched
FBgn0183563	Dsim\GD11824	GD11824			unmatched
FBgn0183564	Dsim\GD11825	GD11825			unmatched
FBgn0183565	Dsim\GD11826	GD11826			unmatched
FBgn0183567	Dsim\GD11828	GD11828			unmatched
FBgn0183568	Dsim\GD11829	GD11829			unmatched
FBgn0183569	Dsim\GD11830	GD11830			unmatched
FBgn0183570	Dsim\GD11831	GD11831			unmatched
FBgn0183571	Dsim\GD11832	GD11832			unmatched
FBgn0183574	Dsim\GD11835	GD11835			unmatched
FBgn0183576	Dsim\GD11837	GD11837			unmatched
FBgn0183577	Dsim\GD11838	GD11838			unmatched
FBgn0183578	Dsim\GD11839	GD11839			unmatched
FBgn0183579	Dsim\GD11840	GD11840			unmatched
FBgn0183582	Dsim\GD11843	GD11843			unmatched
FBgn0183583	Dsim\GD11844	GD11844			unmatched
FBgn0183585	Dsim\GD11846	GD11846			unmatched
FBgn0183586	Dsim\GD11847	GD11847			unmatched
FBgn0183587	Dsim\GD11848	GD11848			unmatched
FBgn0183588	Dsim\GD11849	GD11849			unmatched
FBgn0183589	Dsim\GD11850	GD11850			unmatched
FBgn0183590	Dsim\GD11851	GD11851			unmatched
FBgn0183591	Dsim\GD11852	GD11852			unmatched
FBgn0183592	Dsim\GD11853	GD11853			unmatched
FBgn0183593	Dsim\GD11854	GD11854			unmatched
FBgn0183594	Dsim\GD11855	GD11855			unmatched
FBgn0183595	Dsim\GD11856	GD11856			unmatched
FBgn0183596	Dsim\GD11857	GD11857			unmatched
FBgn0183597	Dsim\GD11858	GD11858			unmatched
FBgn0183598	Dsim\GD11859	GD11859			unmatched
FBgn0183599	Dsim\GD11860	GD11860			unmatched
FBgn0183600	Dsim\GD11861	GD11861			unmatched
FBgn0183601	Dsim\GD11862	GD11862			unmatched
FBgn0183603	Dsim\GD11864	GD11864			unmatched
FBgn0183604	Dsim\GD11865	GD11865			unmatched
FBgn0183606	Dsim\GD11867	GD11867			unmatched
FBgn0183607	Dsim\GD11868	GD11868			unmatched
FBgn0183608	Dsim\GD11869	GD11869			unmatched
FBgn0183609	Dsim\GD11870	GD11870			unmatched
FBgn0183610	Dsim\GD11871	GD11871			unmatched
FBgn0183612	Dsim\GD11873	GD11873			unmatched
FBgn0183613	Dsim\GD11874	GD11874			unmatched
FBgn0183614	Dsim\GD11875	GD11875			unmatched
FBgn0183615	Dsim\GD11876	GD11876			unmatched
FBgn0183617	Dsim\GD11878	GD11878			unmatched
FBgn0183618	Dsim\GD11879	GD11879			unmatched
FBgn0183619	Dsim\GD11880	GD11880			unmatched
FBgn0183620	Dsim\GD11881	GD11881			unmatched
FBgn0183621	Dsim\GD11882	GD11882			unmatched
FBgn0183622	Dsim\GD11883	GD11883			unmatched
FBgn0183623	Dsim\GD11884	GD11884			unmatched
FBgn0183624	Dsim\GD11885	GD11885			unmatched
FBgn0183625	Dsim\GD11886	GD11886			unmatched
FBgn0183627	Dsim\GD11888	GD11888			unmatched
FBgn0183628	Dsim\GD11889	GD11889			unmatched
FBgn0183629	Dsim\GD11890	GD11890			unmatched
FBgn0183630	Dsim\GD11891	GD11891			unmatched
FBgn0183631	Dsim\GD11892	GD11892			unmatched
FBgn0183632	Dsim\GD11893	GD11893			unmatched
FBgn0183633	Dsim\GD11894	GD11894			unmatched
FBgn0183634	Dsim\GD11895	GD11895			unmatched
FBgn0183635	Dsim\GD11896	GD11896			unmatched
FBgn0183636	Dsim\GD11897	GD11897			unmatched
FBgn0183637	Dsim\GD11898	GD11898			unmatched
FBgn0183638	Dsim\GD11899	GD11899			unmatched
FBgn0183639	Dsim\GD11900	GD11900			unmatched
FBgn0183640	Dsim\GD11901	GD11901			unmatched
FBgn0183642	Dsim\GD11903	GD11903			unmatched
FBgn0183644	Dsim\GD11905	GD11905			unmatched
FBgn0183645	Dsim\GD11906	GD11906			unmatched
FBgn0183646	Dsim\GD11907	GD11907			unmatched
FBgn0183647	Dsim\GD11908	GD11908			unmatched
FBgn0183648	Dsim\GD11909	GD11909			unmatched
FBgn0183651	Dsim\GD11912	GD11912			unmatched
FBgn0183652	Dsim\GD11913	GD11913			unmatched
FBgn0183653	Dsim\GD11914	GD11914			unmatched
FBgn0183654	Dsim\GD11915	GD11915			unmatched
FBgn0183655	Dsim\GD11916	GD11916			unmatched
FBgn0183656	Dsim\GD11917	GD11917			unmatched
FBgn0183657	Dsim\GD11918	GD11918			unmatched
FBgn0183658	Dsim\GD11919	GD11919			unmatched
FBgn0183659	Dsim\GD11920	GD11920			unmatched
FBgn0183660	Dsim\GD11921	GD11921			unmatched
FBgn0183661	Dsim\GD11922	GD11922			unmatched
FBgn0183662	Dsim\GD11923	GD11923			unmatched
FBgn0183666	Dsim\GD11927	GD11927			unmatched
FBgn0183667	Dsim\GD11928	GD11928			unmatched
FBgn0183669	Dsim\GD11930	GD11930			unmatched
FBgn0183680	Dsim\GD11941	GD11941			unmatched
FBgn0183681	Dsim\GD11942	GD11942			unmatched
FBgn0183683	Dsim\GD11944	GD11944			unmatched
FBgn0183687	Dsim\nvd	nvd	FBgn0287185	nvd	matched
FBgn0183689	Dsim\GD11950	GD11950			unmatched
FBgn0183691	Dsim\GD11952	GD11952			unmatched
FBgn0183692	Dsim\GD11953	GD11953			unmatched
FBgn0183693	Dsim\GD11954	GD11954			unmatched
FBgn0183696	Dsim\GD11957	GD11957			unmatched
FBgn0183697	Dsim\GD11958	GD11958			unmatched
FBgn0183699	Dsim\GD11960	GD11960			unmatched
FBgn0183701	Dsim\GD11962	GD11962			unmatched
FBgn0183703	Dsim\GD11964	GD11964			unmatched
FBgn0183705	Dsim\GD11966	GD11966			unmatched
FBgn0183708	Dsim\GD11969	GD11969			unmatched
FBgn0183709	Dsim\GD11970	GD11970			unmatched
FBgn0183710	Dsim\GD11971	GD11971			unmatched
FBgn0183712	Dsim\GD11973	GD11973			unmatched
FBgn0183713	Dsim\GD11974	GD11974			unmatched
FBgn0183714	Dsim\GD11975	GD11975			unmatched
FBgn0183715	Dsim\GD11976	GD11976			unmatched
FBgn0183718	Dsim\GD11979	GD11979			unmatched
FBgn0183720	Dsim\GD11981	GD11981			unmatched
FBgn0183721	Dsim\GD11982	GD11982			unmatched
FBgn0183722	Dsim\GD11983	GD11983			unmatched
FBgn0183723	Dsim\GD11984	GD11984			unmatched
FBgn0183724	Dsim\GD11985	GD11985			unmatched
FBgn0183725	Dsim\GD11986	GD11986			unmatched
FBgn0183727	Dsim\GD11988	GD11988			unmatched
FBgn0183730	Dsim\GD11991	GD11991			unmatched
FBgn0183731	Dsim\GD11992	GD11992			unmatched
FBgn0183734	Dsim\GD11995	GD11995			unmatched
FBgn0183735	Dsim\GD11996	GD11996			unmatched
FBgn0183737	Dsim\GD11998	GD11998			unmatched
FBgn0183738	Dsim\GD11999	GD11999			unmatched
FBgn0183739	Dsim\GD12000	GD12000			unmatched
FBgn0183740	Dsim\GD12001	GD12001			unmatched
FBgn0183741	Dsim\GD12002	GD12002			unmatched
FBgn0183743	Dsim\GD12004	GD12004			unmatched
FBgn0183745	Dsim\GD12006	GD12006			unmatched
FBgn0183747	Dsim\GD12008	GD12008			unmatched
FBgn0183749	Dsim\GD12010	GD12010			unmatched
FBgn0183750	Dsim\GD12011	GD12011			unmatched
FBgn0183751	Dsim\GD12012	GD12012			unmatched
FBgn0183752	Dsim\GD12013	GD12013			unmatched
FBgn0183753	Dsim\GD12014	GD12014			unmatched
FBgn0183756	Dsim\GD12017	GD12017			unmatched
FBgn0183759	Dsim\GD12020	GD12020			unmatched
FBgn0183760	Dsim\GD12021	GD12021			unmatched
FBgn0183762	Dsim\GD12023	GD12023			unmatched
FBgn0183763	Dsim\GD12024	GD12024			unmatched
FBgn0183765	Dsim\GD12026	GD12026			unmatched
FBgn0183767	Dsim\GD12028	GD12028			unmatched
FBgn0183771	Dsim\GD12032	GD12032			unmatched
FBgn0183772	Dsim\GD12033	GD12033			unmatched
FBgn0183773	Dsim\GD12034	GD12034			unmatched
FBgn0183774	Dsim\GD12035	GD12035			unmatched
FBgn0183775	Dsim\GD12036	GD12036			unmatched
FBgn0183776	Dsim\GD12037	GD12037			unmatched
FBgn0183779	Dsim\GD12040	GD12040			unmatched
FBgn0183783	Dsim\GD12044	GD12044			unmatched
FBgn0183785	Dsim\GD12046	GD12046			unmatched
FBgn0183786	Dsim\GD12047	GD12047			unmatched
FBgn0183787	Dsim\GD12048	GD12048			unmatched
FBgn0183788	Dsim\GD12049	GD12049			unmatched
FBgn0183789	Dsim\GD12050	GD12050			unmatched
FBgn0183790	Dsim\GD12051	GD12051			unmatched
FBgn0183791	Dsim\GD12052	GD12052			unmatched
FBgn0183792	Dsim\GD12053	GD12053			unmatched
FBgn0183793	Dsim\GD12054	GD12054			unmatched
FBgn0183794	Dsim\GD12055	GD12055			unmatched
FBgn0183795	Dsim\GD12056	GD12056			unmatched
FBgn0183796	Dsim\GD12057	GD12057			unmatched
FBgn0183797	Dsim\GD12058	GD12058			unmatched
FBgn0183798	Dsim\GD12059	GD12059			unmatched
FBgn0183800	Dsim\GD12061	GD12061			unmatched
FBgn0183802	Dsim\GD12063	GD12063			unmatched
FBgn0183803	Dsim\GD12064	GD12064			unmatched
FBgn0183804	Dsim\GD12065	GD12065			unmatched
FBgn0183805	Dsim\GD12066	GD12066			unmatched
FBgn0183806	Dsim\GD12067	GD12067			unmatched
FBgn0183808	Dsim\GD12069	GD12069			unmatched
FBgn0183810	Dsim\GD12072	GD12072			unmatched
FBgn0183812	Dsim\GD12074	GD12074			unmatched
FBgn0183813	Dsim\GD12075	GD12075			unmatched
FBgn0183814	Dsim\GD12076	GD12076			unmatched
FBgn0183815	Dsim\GD12077	GD12077			unmatched
FBgn0183816	Dsim\GD12078	GD12078			unmatched
FBgn0183818	Dsim\GD12080	GD12080			unmatched
FBgn0183820	Dsim\GD12082	GD12082			unmatched
FBgn0183821	Dsim\GD12083	GD12083			unmatched
FBgn0183822	Dsim\GD12084	GD12084			unmatched
FBgn0183825	Dsim\GD12087	GD12087			unmatched
FBgn0183826	Dsim\GD12088	GD12088			unmatched
FBgn0183827	Dsim\GD12089	GD12089			unmatched
FBgn0183828	Dsim\GD12090	GD12090			unmatched
FBgn0183829	Dsim\GD12091	GD12091			unmatched
FBgn0183830	Dsim\GD12092	GD12092			unmatched
FBgn0183831	Dsim\GD12093	GD12093			unmatched
FBgn0183832	Dsim\GD12094	GD12094			unmatched
FBgn0183834	Dsim\GD12096	GD12096			unmatched
FBgn0183835	Dsim\GD12097	GD12097			unmatched
FBgn0183837	Dsim\GD12099	GD12099			unmatched
FBgn0183838	Dsim\GD12100	GD12100			unmatched
FBgn0183839	Dsim\GD12101	GD12101			unmatched
FBgn0183840	Dsim\GD12102	GD12102			unmatched
FBgn0183843	Dsim\GD12105	GD12105			unmatched
FBgn0183844	Dsim\GD12106	GD12106			unmatched
FBgn0183845	Dsim\GD12107	GD12107			unmatched
FBgn0183846	Dsim\GD12108	GD12108			unmatched
FBgn0183847	Dsim\GD12110	GD12110			unmatched
FBgn0183848	Dsim\GD12111	GD12111			unmatched
FBgn0183849	Dsim\GD12112	GD12112			unmatched
FBgn0183850	Dsim\GD12113	GD12113			unmatched
FBgn0183851	Dsim\GD12114	GD12114			unmatched
FBgn0183852	Dsim\GD12115	GD12115			unmatched
FBgn0183853	Dsim\GD12116	GD12116			unmatched
FBgn0183854	Dsim\GD12117	GD12117			unmatched
FBgn0183855	Dsim\GD12118	GD12118			unmatched
FBgn0183856	Dsim\GD12119	GD12119			unmatched
FBgn0183857	Dsim\GD12120	GD12120			unmatched
FBgn0183858	Dsim\GD12121	GD12121			unmatched
FBgn0183859	Dsim\GD12122	GD12122			unmatched
FBgn0183860	Dsim\GD12123	GD12123			unmatched
FBgn0183861	Dsim\GD12124	GD12124			unmatched
FBgn0183862	Dsim\GD12125	GD12125			unmatched
FBgn0183863	Dsim\GD12126	GD12126			unmatched
FBgn0183864	Dsim\GD12127	GD12127			unmatched
FBgn0183865	Dsim\GD12128	GD12128			unmatched
FBgn0183866	Dsim\GD12129	GD12129			unmatched
FBgn0183867	Dsim\GD12130	GD12130			unmatched
FBgn0183868	Dsim\GD12131	GD12131			unmatched
FBgn0183869	Dsim\GD12132	GD12132			unmatched
FBgn0183871	Dsim\GD12134	GD12134			unmatched
FBgn0183872	Dsim\GD12135	GD12135			unmatched
FBgn0183873	Dsim\GD12136	GD12136			unmatched
FBgn0183874	Dsim\GD12137	GD12137			unmatched
FBgn0183875	Dsim\GD12138	GD12138			unmatched
FBgn0183878	Dsim\GD12141	GD12141			unmatched
FBgn0183879	Dsim\GD12142	GD12142			unmatched
FBgn0183880	Dsim\GD12143	GD12143			unmatched
FBgn0183881	Dsim\GD12144	GD12144			unmatched
FBgn0183882	Dsim\GD12145	GD12145			unmatched
FBgn0183883	Dsim\GD12146	GD12146			unmatched
FBgn0183884	Dsim\GD12147	GD12147			unmatched
FBgn0183887	Dsim\GD12150	GD12150			unmatched
FBgn0183888	Dsim\GD12151	GD12151			unmatched
FBgn0183889	Dsim\GD12152	GD12152			unmatched
FBgn0183890	Dsim\GD12153	GD12153			unmatched
FBgn0183891	Dsim\GD12154	GD12154			unmatched
FBgn0183892	Dsim\GD12155	GD12155			unmatched
FBgn0183893	Dsim\GD12156	GD12156			unmatched
FBgn0183894	Dsim\GD12157	GD12157			unmatched
FBgn0183895	Dsim\GD12158	GD12158			unmatched
FBgn0183896	Dsim\GD12159	GD12159			unmatched
FBgn0183897	Dsim\GD12160	GD12160			unmatched
FBgn0183898	Dsim\GD12161	GD12161			unmatched
FBgn0183899	Dsim\GD12162	GD12162			unmatched
FBgn0183900	Dsim\GD12163	GD12163			unmatched
FBgn0183901	Dsim\GD12164	GD12164			unmatched
FBgn0183902	Dsim\GD12165	GD12165			unmatched
FBgn0183903	Dsim\GD12166	GD12166			unmatched
FBgn0183905	Dsim\GD12168	GD12168			unmatched
FBgn0183906	Dsim\GD12169	GD12169			unmatched
FBgn0183908	Dsim\GD12171	GD12171			unmatched
FBgn0183909	Dsim\GD12173	GD12173			unmatched
FBgn0183913	Dsim\GD12177	GD12177			unmatched
FBgn0183914	Dsim\GD12178	GD12178			unmatched
FBgn0183915	Dsim\GD12179	GD12179			unmatched
FBgn0183916	Dsim\GD12180	GD12180			unmatched
FBgn0183917	Dsim\GD12181	GD12181			unmatched
FBgn0183918	Dsim\GD12182	GD12182			unmatched
FBgn0183919	Dsim\GD12183	GD12183			unmatched
FBgn0183920	Dsim\GD12184	GD12184			unmatched
FBgn0183921	Dsim\GD12185	GD12185			unmatched
FBgn0183922	Dsim\GD12186	GD12186			unmatched
FBgn0183923	Dsim\GD12187	GD12187			unmatched
FBgn0183924	Dsim\GD12188	GD12188			unmatched
FBgn0183925	Dsim\GD12189	GD12189			unmatched
FBgn0183926	Dsim\GD12190	GD12190			unmatched
FBgn0183929	Dsim\GD12193	GD12193			unmatched
FBgn0183930	Dsim\GD12194	GD12194			unmatched
FBgn0183931	Dsim\GD12195	GD12195			unmatched
FBgn0183932	Dsim\GD12196	GD12196			unmatched
FBgn0183933	Dsim\GD12197	GD12197			unmatched
FBgn0183934	Dsim\GD12198	GD12198			unmatched
FBgn0183935	Dsim\GD12199	GD12199			unmatched
FBgn0183936	Dsim\GD12200	GD12200			unmatched
FBgn0183937	Dsim\GD12201	GD12201			unmatched
FBgn0183938	Dsim\GD12202	GD12202			unmatched
FBgn0183939	Dsim\GD12203	GD12203			unmatched
FBgn0183941	Dsim\GD12205	GD12205			unmatched
FBgn0183942	Dsim\GD12206	GD12206			unmatched
FBgn0183944	Dsim\GD12208	GD12208			unmatched
FBgn0183946	Dsim\GD12210	GD12210			unmatched
FBgn0183948	Dsim\GD12212	GD12212			unmatched
FBgn0183949	Dsim\GD12213	GD12213			unmatched
FBgn0183950	Dsim\GD12214	GD12214			unmatched
FBgn0183951	Dsim\GD12215	GD12215			unmatched
FBgn0183953	Dsim\GD12217	GD12217			unmatched
FBgn0183954	Dsim\GD12218	GD12218			unmatched
FBgn0183955	Dsim\GD12219	GD12219			unmatched
FBgn0183956	Dsim\GD12220	GD12220			unmatched
FBgn0183957	Dsim\GD12221	GD12221			unmatched
FBgn0183958	Dsim\GD12222	GD12222			unmatched
FBgn0183959	Dsim\GD12223	GD12223			unmatched
FBgn0183960	Dsim\GD12224	GD12224			unmatched
FBgn0183961	Dsim\GD12225	GD12225			unmatched
FBgn0183964	Dsim\GD12228	GD12228			unmatched
FBgn0183965	Dsim\GD12229	GD12229			unmatched
FBgn0183967	Dsim\GD12231	GD12231			unmatched
FBgn0183969	Dsim\GD12233	GD12233			unmatched
FBgn0183970	Dsim\GD12234	GD12234			unmatched
FBgn0183971	Dsim\GD12235	GD12235			unmatched
FBgn0183972	Dsim\GD12236	GD12236			unmatched
FBgn0183973	Dsim\GD12237	GD12237			unmatched
FBgn0183974	Dsim\GD12238	GD12238			unmatched
FBgn0183975	Dsim\GD12239	GD12239			unmatched
FBgn0183976	Dsim\GD12240	GD12240			unmatched
FBgn0183978	Dsim\GD12243	GD12243			unmatched
FBgn0183979	Dsim\GD12244	GD12244			unmatched
FBgn0183980	Dsim\GD12245	GD12245			unmatched
FBgn0183981	Dsim\GD12246	GD12246			unmatched
FBgn0183982	Dsim\GD12247	GD12247			unmatched
FBgn0183983	Dsim\GD12248	GD12248			unmatched
FBgn0183984	Dsim\GD12249	GD12249			unmatched
FBgn0183985	Dsim\GD12250	GD12250			unmatched
FBgn0183986	Dsim\GD12251	GD12251			unmatched
FBgn0183987	Dsim\GD12252	GD12252			unmatched
FBgn0183988	Dsim\GD12253	GD12253			unmatched
FBgn0183989	Dsim\GD12254	GD12254			unmatched
FBgn0183990	Dsim\GD12255	GD12255			unmatched
FBgn0183991	Dsim\GD12256	GD12256			unmatched
FBgn0183992	Dsim\GD12257	GD12257			unmatched
FBgn0183993	Dsim\GD12258	GD12258			unmatched
FBgn0183995	Dsim\GD12260	GD12260			unmatched
FBgn0183996	Dsim\GD12261	GD12261			unmatched
FBgn0183998	Dsim\GD12263	GD12263			unmatched
FBgn0183999	Dsim\GD12264	GD12264			unmatched
FBgn0184000	Dsim\GD12265	GD12265			unmatched
FBgn0184001	Dsim\GD12266	GD12266			unmatched
FBgn0184002	Dsim\Obp76a	Obp76a			unmatched
FBgn0184003	Dsim\GD12268	GD12268			unmatched
FBgn0184004	Dsim\GD12269	GD12269			unmatched
FBgn0184005	Dsim\GD12270	GD12270			unmatched
FBgn0184007	Dsim\GD12272	GD12272			unmatched
FBgn0184009	Dsim\GD12274	GD12274			unmatched
FBgn0184010	Dsim\GD12275	GD12275			unmatched
FBgn0184011	Dsim\GD12276	GD12276			unmatched
FBgn0184012	Dsim\GD12277	GD12277			unmatched
FBgn0184013	Dsim\GD12278	GD12278			unmatched
FBgn0184015	Dsim\GD12280	GD12280			unmatched
FBgn0184016	Dsim\GD12281	GD12281			unmatched
FBgn0184017	Dsim\GD12282	GD12282			unmatched
FBgn0184020	Dsim\GD12285	GD12285			unmatched
FBgn0184021	Dsim\GD12286	GD12286			unmatched
FBgn0184023	Dsim\GD12288	GD12288			unmatched
FBgn0184025	Dsim\GD12290	GD12290			unmatched
FBgn0184026	Dsim\GD12291	GD12291			unmatched
FBgn0184027	Dsim\GD12292	GD12292			unmatched
FBgn0184028	Dsim\GD12293	GD12293			unmatched
FBgn0184029	Dsim\GD12294	GD12294			unmatched
FBgn0184030	Dsim\GD12295	GD12295			unmatched
FBgn0184032	Dsim\GD12297	GD12297			unmatched
FBgn0184036	Dsim\GD12302	GD12302			unmatched
FBgn0184037	Dsim\GD12303	GD12303			unmatched
FBgn0184038	Dsim\GD12304	GD12304			unmatched
FBgn0184039	Dsim\GD12305	GD12305			unmatched
FBgn0184041	Dsim\GD12307	GD12307			unmatched
FBgn0184042	Dsim\GD12309	GD12309			unmatched
FBgn0184043	Dsim\GD12310	GD12310			unmatched
FBgn0184044	Dsim\GD12311	GD12311			unmatched
FBgn0184045	Dsim\GD12312	GD12312			unmatched
FBgn0184046	Dsim\GD12313	GD12313			unmatched
FBgn0184048	Dsim\GD12315	GD12315			unmatched
FBgn0184049	Dsim\GD12316	GD12316			unmatched
FBgn0184050	Dsim\GD12317	GD12317			unmatched
FBgn0184051	Dsim\GD12319	GD12319			unmatched
FBgn0184052	Dsim\GD12320	GD12320			unmatched
FBgn0184054	Dsim\GD12322	GD12322			unmatched
FBgn0184055	Dsim\GD12323	GD12323			unmatched
FBgn0184056	Dsim\GD12324	GD12324			unmatched
FBgn0184057	Dsim\GD12325	GD12325			unmatched
FBgn0184058	Dsim\GD12326	GD12326			unmatched
FBgn0184059	Dsim\GD12327	GD12327			unmatched
FBgn0184060	Dsim\GD12328	GD12328			unmatched
FBgn0184061	Dsim\GD12329	GD12329			unmatched
FBgn0184062	Dsim\GD12330	GD12330			unmatched
FBgn0184063	Dsim\GD12331	GD12331			unmatched
FBgn0184064	Dsim\GD12332	GD12332			unmatched
FBgn0184065	Dsim\GD12333	GD12333			unmatched
FBgn0184066	Dsim\GD12334	GD12334			unmatched
FBgn0184067	Dsim\GD12335	GD12335			unmatched
FBgn0184068	Dsim\GD12336	GD12336			unmatched
FBgn0184069	Dsim\GD12337	GD12337			unmatched
FBgn0184070	Dsim\GD12338	GD12338			unmatched
FBgn0184071	Dsim\GD12339	GD12339			unmatched
FBgn0184073	Dsim\GD12341	GD12341			unmatched
FBgn0184074	Dsim\GD12342	GD12342			unmatched
FBgn0184075	Dsim\GD12343	GD12343			unmatched
FBgn0184076	Dsim\GD12344	GD12344			unmatched
FBgn0184078	Dsim\GD12346	GD12346			unmatched
FBgn0184079	Dsim\GD12347	GD12347			unmatched
FBgn0184080	Dsim\GD12348	GD12348			unmatched
FBgn0184081	Dsim\GD12349	GD12349			unmatched
FBgn0184082	Dsim\GD12350	GD12350			unmatched
FBgn0184083	Dsim\GD12351	GD12351			unmatched
FBgn0184084	Dsim\GD12352	GD12352			unmatched
FBgn0184085	Dsim\GD12353	GD12353			unmatched
FBgn0184086	Dsim\GD12354	GD12354			unmatched
FBgn0184089	Dsim\GD12357	GD12357			unmatched
FBgn0184090	Dsim\GD12358	GD12358			unmatched
FBgn0184092	Dsim\GD12360	GD12360			unmatched
FBgn0184093	Dsim\GD12361	GD12361			unmatched
FBgn0184094	Dsim\GD12362	GD12362			unmatched
FBgn0184096	Dsim\GD12364	GD12364			unmatched
FBgn0184097	Dsim\GD12365	GD12365			unmatched
FBgn0184098	Dsim\GD12366	GD12366			unmatched
FBgn0184099	Dsim\GD12367	GD12367			unmatched
FBgn0184100	Dsim\GD12368	GD12368			unmatched
FBgn0184101	Dsim\GD12369	GD12369			unmatched
FBgn0184102	Dsim\GD12370	GD12370			unmatched
FBgn0184103	Dsim\GD12371	GD12371			unmatched
FBgn0184104	Dsim\GD12372	GD12372			unmatched
FBgn0184106	Dsim\GD12374	GD12374			unmatched
FBgn0184107	Dsim\GD12375	GD12375			unmatched
FBgn0184108	Dsim\GD12376	GD12376			unmatched
FBgn0184109	Dsim\GD12377	GD12377			unmatched
FBgn0184110	Dsim\GD12378	GD12378			unmatched
FBgn0184111	Dsim\GD12379	GD12379			unmatched
FBgn0184112	Dsim\GD12380	GD12380			unmatched
FBgn0184113	Dsim\GD12381	GD12381			unmatched
FBgn0184114	Dsim\GD12382	GD12382			unmatched
FBgn0184115	Dsim\GD12383	GD12383			unmatched
FBgn0184117	Dsim\GD12385	GD12385			unmatched
FBgn0184118	Dsim\GD12386	GD12386			unmatched
FBgn0184119	Dsim\GD12387	GD12387			unmatched
FBgn0184120	Dsim\GD12388	GD12388			unmatched
FBgn0184121	Dsim\GD12389	GD12389			unmatched
FBgn0184122	Dsim\GD12390	GD12390			unmatched
FBgn0184123	Dsim\GD12391	GD12391			unmatched
FBgn0184124	Dsim\GD12392	GD12392			unmatched
FBgn0184125	Dsim\GD12393	GD12393			unmatched
FBgn0184127	Dsim\GD12395	GD12395			unmatched
FBgn0184128	Dsim\GD12396	GD12396			unmatched
FBgn0184129	Dsim\GD12397	GD12397			unmatched
FBgn0184130	Dsim\GD12398	GD12398			unmatched
FBgn0184131	Dsim\GD12399	GD12399			unmatched
FBgn0184132	Dsim\GD12400	GD12400			unmatched
FBgn0184133	Dsim\GD12401	GD12401			unmatched
FBgn0184134	Dsim\GD12402	GD12402			unmatched
FBgn0184135	Dsim\GD12403	GD12403			unmatched
FBgn0184136	Dsim\GD12404	GD12404			unmatched
FBgn0184137	Dsim\GD12405	GD12405			unmatched
FBgn0184138	Dsim\GD12406	GD12406			unmatched
FBgn0184139	Dsim\GD12407	GD12407			unmatched
FBgn0184141	Dsim\GD12409	GD12409			unmatched
FBgn0184142	Dsim\GD12410	GD12410			unmatched
FBgn0184143	Dsim\GD12411	GD12411			unmatched
FBgn0184144	Dsim\GD12412	GD12412			unmatched
FBgn0184145	Dsim\GD12413	GD12413			unmatched
FBgn0184146	Dsim\GD12414	GD12414			unmatched
FBgn0184147	Dsim\GD12415	GD12415			unmatched
FBgn0184148	Dsim\GD12416	GD12416			unmatched
FBgn0184149	Dsim\GD12417	GD12417			unmatched
FBgn0184150	Dsim\GD12418	GD12418			unmatched
FBgn0184151	Dsim\GD12419	GD12419			unmatched
FBgn0184152	Dsim\GD12420	GD12420			unmatched
FBgn0184153	Dsim\GD12421	GD12421			unmatched
FBgn0184154	Dsim\GD12422	GD12422			unmatched
FBgn0184155	Dsim\GD12423	GD12423			unmatched
FBgn0184159	Dsim\GD12427	GD12427			unmatched
FBgn0184160	Dsim\GD12428	GD12428			unmatched
FBgn0184161	Dsim\GD12429	GD12429			unmatched
FBgn0184162	Dsim\GD12430	GD12430			unmatched
FBgn0184163	Dsim\GD12431	GD12431			unmatched
FBgn0184164	Dsim\GD12432	GD12432			unmatched
FBgn0184166	Dsim\GD12434	GD12434			unmatched
FBgn0184167	Dsim\GD12435	GD12435			unmatched
FBgn0184168	Dsim\GD12436	GD12436			unmatched
FBgn0184169	Dsim\GD12437	GD12437			unmatched
FBgn0184170	Dsim\GD12438	GD12438			unmatched
FBgn0184171	Dsim\GD12439	GD12439			unmatched
FBgn0184172	Dsim\GD12440	GD12440			unmatched
FBgn0184173	Dsim\GD12441	GD12441			unmatched
FBgn0184174	Dsim\GD12442	GD12442			unmatched
FBgn0184175	Dsim\GD12443	GD12443			unmatched
FBgn0184176	Dsim\GD12444	GD12444			unmatched
FBgn0184177	Dsim\GD12446	GD12446			unmatched
FBgn0184179	Dsim\GD12448	GD12448			unmatched
FBgn0184180	Dsim\GD12449	GD12449			unmatched
FBgn0184181	Dsim\GD12450	GD12450			unmatched
FBgn0184182	Dsim\GD12451	GD12451			unmatched
FBgn0184183	Dsim\GD12452	GD12452			unmatched
FBgn0184184	Dsim\GD12453	GD12453			unmatched
FBgn0184185	Dsim\GD12455	GD12455			unmatched
FBgn0184186	Dsim\GD12456	GD12456			unmatched
FBgn0184187	Dsim\GD12457	GD12457			unmatched
FBgn0184188	Dsim\GD12459	GD12459			unmatched
FBgn0184189	Dsim\GD12460	GD12460			unmatched
FBgn0184190	Dsim\GD12461	GD12461			unmatched
FBgn0184191	Dsim\GD12462	GD12462			unmatched
FBgn0184192	Dsim\GD12463	GD12463			unmatched
FBgn0184193	Dsim\GD12464	GD12464			unmatched
FBgn0184194	Dsim\GD12465	GD12465			unmatched
FBgn0184196	Dsim\GD12467	GD12467			unmatched
FBgn0184197	Dsim\GD12468	GD12468			unmatched
FBgn0184198	Dsim\GD12469	GD12469			unmatched
FBgn0184199	Dsim\GD12470	GD12470			unmatched
FBgn0184200	Dsim\GD12471	GD12471			unmatched
FBgn0184201	Dsim\GD12472	GD12472			unmatched
FBgn0184203	Dsim\GD12474	GD12474			unmatched
FBgn0184204	Dsim\GD12475	GD12475			unmatched
FBgn0184205	Dsim\GD12476	GD12476			unmatched
FBgn0184207	Dsim\GD12478	GD12478			unmatched
FBgn0184209	Dsim\GD12480	GD12480			unmatched
FBgn0184210	Dsim\GD12481	GD12481			unmatched
FBgn0184211	Dsim\GD12482	GD12482			unmatched
FBgn0184212	Dsim\GD12483	GD12483			unmatched
FBgn0184213	Dsim\GD12484	GD12484			unmatched
FBgn0184214	Dsim\GD12485	GD12485			unmatched
FBgn0184216	Dsim\GD12487	GD12487			unmatched
FBgn0184217	Dsim\GD12488	GD12488			unmatched
FBgn0184219	Dsim\GD12490	GD12490			unmatched
FBgn0184220	Dsim\GD12491	GD12491			unmatched
FBgn0184221	Dsim\GD12492	GD12492			unmatched
FBgn0184223	Dsim\GD12494	GD12494			unmatched
FBgn0184224	Dsim\GD12495	GD12495			unmatched
FBgn0184225	Dsim\GD12496	GD12496			unmatched
FBgn0184226	Dsim\GD12497	GD12497			unmatched
FBgn0184227	Dsim\GD12498	GD12498			unmatched
FBgn0184228	Dsim\GD12499	GD12499			unmatched
FBgn0184229	Dsim\GD12500	GD12500			unmatched
FBgn0184230	Dsim\GD12501	GD12501			unmatched
FBgn0184231	Dsim\GD12502	GD12502			unmatched
FBgn0184232	Dsim\GD12503	GD12503			unmatched
FBgn0184233	Dsim\GD12504	GD12504			unmatched
FBgn0184234	Dsim\GD12505	GD12505			unmatched
FBgn0184237	Dsim\GD12508	GD12508			unmatched
FBgn0184238	Dsim\GD12509	GD12509			unmatched
FBgn0184239	Dsim\GD12510	GD12510			unmatched
FBgn0184240	Dsim\GD12511	GD12511			unmatched
FBgn0184241	Dsim\GD12512	GD12512			unmatched
FBgn0184242	Dsim\GD12514	GD12514			unmatched
FBgn0184243	Dsim\GD12515	GD12515			unmatched
FBgn0184244	Dsim\GD12516	GD12516			unmatched
FBgn0184245	Dsim\GD12517	GD12517			unmatched
FBgn0184246	Dsim\GD12518	GD12518			unmatched
FBgn0184250	Dsim\GD12522	GD12522			unmatched
FBgn0184251	Dsim\GD12523	GD12523			unmatched
FBgn0184252	Dsim\GD12524	GD12524			unmatched
FBgn0184253	Dsim\GD12525	GD12525			unmatched
FBgn0184256	Dsim\GD12528	GD12528			unmatched
FBgn0184257	Dsim\GD12529	GD12529			unmatched
FBgn0184258	Dsim\GD12530	GD12530			unmatched
FBgn0184259	Dsim\GD12531	GD12531			unmatched
FBgn0184260	Dsim\GD12532	GD12532			unmatched
FBgn0184261	Dsim\GD12533	GD12533			unmatched
FBgn0184262	Dsim\GD12534	GD12534			unmatched
FBgn0184263	Dsim\GD12535	GD12535			unmatched
FBgn0184264	Dsim\GD12536	GD12536			unmatched
FBgn0184266	Dsim\GD12538	GD12538			unmatched
FBgn0184267	Dsim\GD12539	GD12539			unmatched
FBgn0184268	Dsim\GD12540	GD12540			unmatched
FBgn0184269	Dsim\GD12541	GD12541			unmatched
FBgn0184270	Dsim\GD12542	GD12542			unmatched
FBgn0184271	Dsim\GD12543	GD12543			unmatched
FBgn0184272	Dsim\GD12544	GD12544			unmatched
FBgn0184273	Dsim\GD12545	GD12545			unmatched
FBgn0184274	Dsim\GD12546	GD12546			unmatched
FBgn0184275	Dsim\GD12547	GD12547			unmatched
FBgn0184276	Dsim\GD12548	GD12548			unmatched
FBgn0184277	Dsim\GD12550	GD12550			unmatched
FBgn0184278	Dsim\GD12551	GD12551			unmatched
FBgn0184279	Dsim\GD12552	GD12552			unmatched
FBgn0184280	Dsim\GD12553	GD12553			unmatched
FBgn0184281	Dsim\GD12554	GD12554			unmatched
FBgn0184282	Dsim\GD12555	GD12555			unmatched
FBgn0184283	Dsim\GD12556	GD12556			unmatched
FBgn0184284	Dsim\GD12557	GD12557			unmatched
FBgn0184285	Dsim\GD12558	GD12558			unmatched
FBgn0184286	Dsim\GD12559	GD12559			unmatched
FBgn0184287	Dsim\GD12560	GD12560			unmatched
FBgn0184288	Dsim\GD12561	GD12561			unmatched
FBgn0184289	Dsim\GD12562	GD12562			unmatched
FBgn0184290	Dsim\GD12563	GD12563			unmatched
FBgn0184291	Dsim\GD12564	GD12564			unmatched
FBgn0184292	Dsim\GD12565	GD12565			unmatched
FBgn0184293	Dsim\GD12566	GD12566			unmatched
FBgn0184296	Dsim\GD12569	GD12569			unmatched
FBgn0184297	Dsim\GD12570	GD12570			unmatched
FBgn0184298	Dsim\GD12571	GD12571			unmatched
FBgn0184299	Dsim\GD12572	GD12572			unmatched
FBgn0184300	Dsim\GD12573	GD12573			unmatched
FBgn0184301	Dsim\GD12574	GD12574			unmatched
FBgn0184302	Dsim\GD12575	GD12575			unmatched
FBgn0184303	Dsim\GD12576	GD12576			unmatched
FBgn0184304	Dsim\GD12577	GD12577			unmatched
FBgn0184305	Dsim\GD12578	GD12578			unmatched
FBgn0184306	Dsim\GD12579	GD12579			unmatched
FBgn0184307	Dsim\GD12580	GD12580			unmatched
FBgn0184308	Dsim\GD12581	GD12581			unmatched
FBgn0184309	Dsim\GD12582	GD12582			unmatched
FBgn0184310	Dsim\GD12583	GD12583			unmatched
FBgn0184311	Dsim\GD12584	GD12584			unmatched
FBgn0184313	Dsim\GD12586	GD12586			unmatched
FBgn0184314	Dsim\GD12587	GD12587			unmatched
FBgn0184315	Dsim\GD12588	GD12588			unmatched
FBgn0184316	Dsim\GD12589	GD12589			unmatched
FBgn0184317	Dsim\GD12590	GD12590			unmatched
FBgn0184318	Dsim\GD12591	GD12591			unmatched
FBgn0184319	Dsim\GD12592	GD12592			unmatched
FBgn0184320	Dsim\GD12593	GD12593			unmatched
FBgn0184321	Dsim\GD12594	GD12594			unmatched
FBgn0184323	Dsim\GD12596	GD12596			unmatched
FBgn0184324	Dsim\GD12597	GD12597			unmatched
FBgn0184325	Dsim\GD12598	GD12598			unmatched
FBgn0184327	Dsim\GD12600	GD12600			unmatched
FBgn0184329	Dsim\GD12602	GD12602			unmatched
FBgn0184330	Dsim\GD12603	GD12603			unmatched
FBgn0184331	Dsim\GD12604	GD12604			unmatched
FBgn0184332	Dsim\GD12605	GD12605			unmatched
FBgn0184334	Dsim\GD12607	GD12607			unmatched
FBgn0184336	Dsim\GD12609	GD12609			unmatched
FBgn0184337	Dsim\GD12610	GD12610			unmatched
FBgn0184338	Dsim\GD12611	GD12611			unmatched
FBgn0184339	Dsim\GD12612	GD12612			unmatched
FBgn0184340	Dsim\GD12613	GD12613			unmatched
FBgn0184341	Dsim\GD12614	GD12614			unmatched
FBgn0184343	Dsim\GD12616	GD12616			unmatched
FBgn0184344	Dsim\GD12617	GD12617			unmatched
FBgn0184345	Dsim\GD12618	GD12618			unmatched
FBgn0184347	Dsim\GD12620	GD12620			unmatched
FBgn0184349	Dsim\GD12622	GD12622			unmatched
FBgn0184350	Dsim\GD12623	GD12623			unmatched
FBgn0184352	Dsim\GD12625	GD12625			unmatched
FBgn0184353	Dsim\GD12626	GD12626			unmatched
FBgn0184354	Dsim\GD12627	GD12627			unmatched
FBgn0184356	Dsim\GD12629	GD12629			unmatched
FBgn0184357	Dsim\GD12630	GD12630			unmatched
FBgn0184358	Dsim\GD12631	GD12631			unmatched
FBgn0184359	Dsim\GD12632	GD12632			unmatched
FBgn0184360	Dsim\GD12633	GD12633			unmatched
FBgn0184362	Dsim\GD12635	GD12635			unmatched
FBgn0184363	Dsim\GD12636	GD12636			unmatched
FBgn0184364	Dsim\GD12637	GD12637			unmatched
FBgn0184365	Dsim\GD12638	GD12638			unmatched
FBgn0184366	Dsim\GD12639	GD12639			unmatched
FBgn0184368	Dsim\GD12641	GD12641			unmatched
FBgn0184369	Dsim\GD12642	GD12642			unmatched
FBgn0184370	Dsim\GD12643	GD12643			unmatched
FBgn0184371	Dsim\GD12644	GD12644			unmatched
FBgn0184372	Dsim\GD12645	GD12645			unmatched
FBgn0184374	Dsim\GD12647	GD12647			unmatched
FBgn0184375	Dsim\GD12648	GD12648			unmatched
FBgn0184378	Dsim\bru-3	bru-3			unmatched
FBgn0184379	Dsim\GD12652	GD12652			unmatched
FBgn0184380	Dsim\GD12653	GD12653			unmatched
FBgn0184381	Dsim\GD12654	GD12654			unmatched
FBgn0184382	Dsim\GD12655	GD12655			unmatched
FBgn0184383	Dsim\GD12656	GD12656			unmatched
FBgn0184384	Dsim\GD12657	GD12657			unmatched
FBgn0184385	Dsim\GD12658	GD12658			unmatched
FBgn0184386	Dsim\GD12659	GD12659			unmatched
FBgn0184387	Dsim\GD12660	GD12660			unmatched
FBgn0184389	Dsim\GD12662	GD12662			unmatched
FBgn0184390	Dsim\GD12663	GD12663			unmatched
FBgn0184391	Dsim\GD12664	GD12664			unmatched
FBgn0184392	Dsim\GD12665	GD12665			unmatched
FBgn0184393	Dsim\GD12666	GD12666			unmatched
FBgn0184394	Dsim\GD12667	GD12667			unmatched
FBgn0184396	Dsim\GD12669	GD12669			unmatched
FBgn0184397	Dsim\GD12670	GD12670			unmatched
FBgn0184399	Dsim\GD12672	GD12672			unmatched
FBgn0184402	Dsim\GD12675	GD12675			unmatched
FBgn0184403	Dsim\GD12676	GD12676			unmatched
FBgn0184406	Dsim\GD12679	GD12679			unmatched
FBgn0184407	Dsim\GD12680	GD12680			unmatched
FBgn0184408	Dsim\GD12681	GD12681			unmatched
FBgn0184409	Dsim\GD12682	GD12682			unmatched
FBgn0184410	Dsim\GD12683	GD12683			unmatched
FBgn0184411	Dsim\GD12684	GD12684			unmatched
FBgn0184412	Dsim\GD12685	GD12685			unmatched
FBgn0184413	Dsim\GD12686	GD12686			unmatched
FBgn0184414	Dsim\GD12687	GD12687			unmatched
FBgn0184416	Dsim\GD12689	GD12689			unmatched
FBgn0184417	Dsim\GD12690	GD12690			unmatched
FBgn0184418	Dsim\GD12691	GD12691			unmatched
FBgn0184419	Dsim\GD12692	GD12692			unmatched
FBgn0184420	Dsim\GD12693	GD12693			unmatched
FBgn0184421	Dsim\GD12694	GD12694			unmatched
FBgn0184422	Dsim\GD12695	GD12695			unmatched
FBgn0184425	Dsim\GD12698	GD12698			unmatched
FBgn0184427	Dsim\GD12700	GD12700			unmatched
FBgn0184428	Dsim\GD12701	GD12701			unmatched
FBgn0184429	Dsim\GD12702	GD12702			unmatched
FBgn0184430	Dsim\GD12703	GD12703			unmatched
FBgn0184431	Dsim\GD12704	GD12704			unmatched
FBgn0184432	Dsim\GD12705	GD12705			unmatched
FBgn0184433	Dsim\GD12706	GD12706			unmatched
FBgn0184434	Dsim\GD12707	GD12707			unmatched
FBgn0184435	Dsim\GD12708	GD12708			unmatched
FBgn0184436	Dsim\GD12709	GD12709			unmatched
FBgn0184437	Dsim\GD12710	GD12710			unmatched
FBgn0184438	Dsim\GD12711	GD12711			unmatched
FBgn0184439	Dsim\GD12712	GD12712			unmatched
FBgn0184441	Dsim\GD12714	GD12714			unmatched
FBgn0184442	Dsim\GD12715	GD12715			unmatched
FBgn0184443	Dsim\GD12716	GD12716			unmatched
FBgn0184445	Dsim\GD12718	GD12718			unmatched
FBgn0184446	Dsim\GD12719	GD12719			unmatched
FBgn0184448	Dsim\GD12721	GD12721			unmatched
FBgn0184449	Dsim\GD12722	GD12722			unmatched
FBgn0184450	Dsim\GD12723	GD12723			unmatched
FBgn0184451	Dsim\GD12724	GD12724			unmatched
FBgn0184452	Dsim\GD12725	GD12725			unmatched
FBgn0184453	Dsim\GD12726	GD12726			unmatched
FBgn0184454	Dsim\GD12727	GD12727			unmatched
FBgn0184456	Dsim\GD12729	GD12729			unmatched
FBgn0184457	Dsim\GD12730	GD12730			unmatched
FBgn0184458	Dsim\GD12731	GD12731			unmatched
FBgn0184459	Dsim\GD12732	GD12732			unmatched
FBgn0184461	Dsim\GD12734	GD12734			unmatched
FBgn0184463	Dsim\GD12736	GD12736			unmatched
FBgn0184465	Dsim\GD12738	GD12738			unmatched
FBgn0184466	Dsim\GD12739	GD12739			unmatched
FBgn0184467	Dsim\GD12740	GD12740			unmatched
FBgn0184468	Dsim\GD12741	GD12741			unmatched
FBgn0184469	Dsim\GD12742	GD12742			unmatched
FBgn0184470	Dsim\GD12743	GD12743			unmatched
FBgn0184471	Dsim\GD12744	GD12744			unmatched
FBgn0184472	Dsim\GD12745	GD12745			unmatched
FBgn0184473	Dsim\GD12746	GD12746			unmatched
FBgn0184474	Dsim\GD12747	GD12747			unmatched
FBgn0184475	Dsim\GD12748	GD12748			unmatched
FBgn0184477	Dsim\GD12750	GD12750			unmatched
FBgn0184478	Dsim\GD12751	GD12751			unmatched
FBgn0184479	Dsim\GD12752	GD12752			unmatched
FBgn0184480	Dsim\GD12753	GD12753			unmatched
FBgn0184482	Dsim\GD12755	GD12755			unmatched
FBgn0184483	Dsim\GD12756	GD12756			unmatched
FBgn0184484	Dsim\GD12757	GD12757			unmatched
FBgn0184485	Dsim\GD12758	GD12758			unmatched
FBgn0184486	Dsim\GD12759	GD12759			unmatched
FBgn0184487	Dsim\GD12760	GD12760			unmatched
FBgn0184488	Dsim\GD12761	GD12761			unmatched
FBgn0184490	Dsim\GD12763	GD12763			unmatched
FBgn0184491	Dsim\GD12764	GD12764			unmatched
FBgn0184494	Dsim\GD12767	GD12767			unmatched
FBgn0184496	Dsim\GD12769	GD12769			unmatched
FBgn0184497	Dsim\GD12770	GD12770			unmatched
FBgn0184498	Dsim\GD12771	GD12771			unmatched
FBgn0184499	Dsim\GD12772	GD12772			unmatched
FBgn0184500	Dsim\GD12773	GD12773			unmatched
FBgn0184501	Dsim\GD12774	GD12774			unmatched
FBgn0184502	Dsim\GD12775	GD12775			unmatched
FBgn0184503	Dsim\GD12776	GD12776			unmatched
FBgn0184504	Dsim\GD12777	GD12777			unmatched
FBgn0184505	Dsim\GD12778	GD12778			unmatched
FBgn0184506	Dsim\GD12779	GD12779			unmatched
FBgn0184507	Dsim\GD12780	GD12780			unmatched
FBgn0184508	Dsim\GD12781	GD12781			unmatched
FBgn0184509	Dsim\GD12782	GD12782			unmatched
FBgn0184510	Dsim\GD12783	GD12783			unmatched
FBgn0184511	Dsim\GD12784	GD12784			unmatched
FBgn0184512	Dsim\GD12785	GD12785			unmatched
FBgn0184513	Dsim\GD12786	GD12786			unmatched
FBgn0184514	Dsim\GD12787	GD12787			unmatched
FBgn0184515	Dsim\GD12788	GD12788			unmatched
FBgn0184516	Dsim\GD12789	GD12789			unmatched
FBgn0184517	Dsim\GD12790	GD12790			unmatched
FBgn0184518	Dsim\GD12791	GD12791			unmatched
FBgn0184519	Dsim\GD12792	GD12792			unmatched
FBgn0184521	Dsim\GD12794	GD12794			unmatched
FBgn0184522	Dsim\GD12795	GD12795			unmatched
FBgn0184523	Dsim\GD12796	GD12796			unmatched
FBgn0184525	Dsim\GD12798	GD12798			unmatched
FBgn0184526	Dsim\GD12799	GD12799			unmatched
FBgn0184527	Dsim\GD12800	GD12800			unmatched
FBgn0184528	Dsim\GD12801	GD12801			unmatched
FBgn0184529	Dsim\GD12802	GD12802			unmatched
FBgn0184531	Dsim\GD12804	GD12804			unmatched
FBgn0184532	Dsim\GD12805	GD12805			unmatched
FBgn0184533	Dsim\GD12806	GD12806			unmatched
FBgn0184536	Dsim\GD12809	GD12809			unmatched
FBgn0184538	Dsim\GD12812	GD12812			unmatched
FBgn0184539	Dsim\GD12813	GD12813			unmatched
FBgn0184540	Dsim\GD12814	GD12814			unmatched
FBgn0184541	Dsim\GD12815	GD12815			unmatched
FBgn0184542	Dsim\GD12816	GD12816			unmatched
FBgn0184543	Dsim\GD12817	GD12817			unmatched
FBgn0184544	Dsim\GD12818	GD12818			unmatched
FBgn0184545	Dsim\GD12819	GD12819			unmatched
FBgn0184546	Dsim\GD12820	GD12820			unmatched
FBgn0184548	Dsim\GD12823	GD12823			unmatched
FBgn0184549	Dsim\GD12824	GD12824			unmatched
FBgn0184550	Dsim\GD12825	GD12825			unmatched
FBgn0184551	Dsim\GD12826	GD12826			unmatched
FBgn0184552	Dsim\GD12827	GD12827			unmatched
FBgn0184553	Dsim\GD12828	GD12828			unmatched
FBgn0184554	Dsim\GD12829	GD12829			unmatched
FBgn0184555	Dsim\GD12830	GD12830			unmatched
FBgn0184556	Dsim\GD12831	GD12831			unmatched
FBgn0184557	Dsim\GD12832	GD12832			unmatched
FBgn0184558	Dsim\GD12833	GD12833			unmatched
FBgn0184559	Dsim\GD12834	GD12834			unmatched
FBgn0184560	Dsim\GD12835	GD12835			unmatched
FBgn0184561	Dsim\GD12836	GD12836			unmatched
FBgn0184562	Dsim\GD12837	GD12837			unmatched
FBgn0184571	Dsim\GD12846	GD12846			unmatched
FBgn0184573	Dsim\GD12848	GD12848			unmatched
FBgn0184576	Dsim\GD12851	GD12851			unmatched
FBgn0184577	Dsim\GD12852	GD12852			unmatched
FBgn0184578	Dsim\GD12853	GD12853			unmatched
FBgn0184579	Dsim\GD12854	GD12854			unmatched
FBgn0184580	Dsim\GD12855	GD12855			unmatched
FBgn0184582	Dsim\GD12857	GD12857			unmatched
FBgn0184583	Dsim\GD12858	GD12858			unmatched
FBgn0184584	Dsim\GD12859	GD12859			unmatched
FBgn0184586	Dsim\GD12861	GD12861			unmatched
FBgn0184587	Dsim\GD12862	GD12862			unmatched
FBgn0184589	Dsim\GD12864	GD12864			unmatched
FBgn0184590	Dsim\GD12865	GD12865			unmatched
FBgn0184592	Dsim\GD12867	GD12867			unmatched
FBgn0184593	Dsim\GD12868	GD12868			unmatched
FBgn0184594	Dsim\GD12869	GD12869			unmatched
FBgn0184595	Dsim\GD12870	GD12870			unmatched
FBgn0184596	Dsim\GD12871	GD12871			unmatched
FBgn0184597	Dsim\GD12872	GD12872			unmatched
FBgn0184598	Dsim\GD12873	GD12873			unmatched
FBgn0184599	Dsim\GD12874	GD12874			unmatched
FBgn0184600	Dsim\GD12875	GD12875			unmatched
FBgn0184601	Dsim\GD12876	GD12876			unmatched
FBgn0184604	Dsim\GD12879	GD12879			unmatched
FBgn0184605	Dsim\GD12880	GD12880			unmatched
FBgn0184606	Dsim\GD12881	GD12881			unmatched
FBgn0184607	Dsim\GD12882	GD12882			unmatched
FBgn0184609	Dsim\GD12884	GD12884			unmatched
FBgn0184610	Dsim\GD12885	GD12885			unmatched
FBgn0184611	Dsim\GD12886	GD12886			unmatched
FBgn0184612	Dsim\GD12887	GD12887			unmatched
FBgn0184613	Dsim\GD12888	GD12888			unmatched
FBgn0184615	Dsim\GD12890	GD12890			unmatched
FBgn0184616	Dsim\GD12891	GD12891			unmatched
FBgn0184617	Dsim\GD12892	GD12892			unmatched
FBgn0184618	Dsim\GD12893	GD12893			unmatched
FBgn0184621	Dsim\GD12896	GD12896			unmatched
FBgn0184622	Dsim\GD12897	GD12897			unmatched
FBgn0184623	Dsim\GD12898	GD12898			unmatched
FBgn0184624	Dsim\GD12899	GD12899			unmatched
FBgn0184625	Dsim\GD12900	GD12900			unmatched
FBgn0184626	Dsim\GD12901	GD12901			unmatched
FBgn0184627	Dsim\GD12902	GD12902			unmatched
FBgn0184628	Dsim\GD12903	GD12903			unmatched
FBgn0184631	Dsim\GD12906	GD12906			unmatched
FBgn0184632	Dsim\GD12907	GD12907			unmatched
FBgn0184633	Dsim\GD12908	GD12908			unmatched
FBgn0184634	Dsim\GD12909	GD12909			unmatched
FBgn0184635	Dsim\GD12910	GD12910			unmatched
FBgn0184636	Dsim\GD12911	GD12911			unmatched
FBgn0184637	Dsim\GD12912	GD12912			unmatched
FBgn0184638	Dsim\GD12913	GD12913			unmatched
FBgn0184639	Dsim\GD12914	GD12914			unmatched
FBgn0184640	Dsim\GD12915	GD12915			unmatched
FBgn0184641	Dsim\GD12916	GD12916			unmatched
FBgn0184642	Dsim\GD12917	GD12917			unmatched
FBgn0184643	Dsim\GD12918	GD12918			unmatched
FBgn0184644	Dsim\GD12919	GD12919			unmatched
FBgn0184645	Dsim\GD12920	GD12920			unmatched
FBgn0184646	Dsim\GD12921	GD12921			unmatched
FBgn0184647	Dsim\GD12922	GD12922			unmatched
FBgn0184648	Dsim\GD12923	GD12923			unmatched
FBgn0184650	Dsim\GD12925	GD12925			unmatched
FBgn0184651	Dsim\GD12926	GD12926			unmatched
FBgn0184652	Dsim\GD12927	GD12927			unmatched
FBgn0184653	Dsim\GD12928	GD12928			unmatched
FBgn0184654	Dsim\GD12929	GD12929			unmatched
FBgn0184657	Dsim\GD12932	GD12932			unmatched
FBgn0184658	Dsim\GD12933	GD12933			unmatched
FBgn0184659	Dsim\GD12934	GD12934			unmatched
FBgn0184660	Dsim\GD12935	GD12935			unmatched
FBgn0184661	Dsim\GD12936	GD12936			unmatched
FBgn0184662	Dsim\GD12937	GD12937			unmatched
FBgn0184663	Dsim\GD12938	GD12938			unmatched
FBgn0184665	Dsim\GD12941	GD12941			unmatched
FBgn0184666	Dsim\GD12942	GD12942			unmatched
FBgn0184667	Dsim\GD12943	GD12943			unmatched
FBgn0184668	Dsim\GD12944	GD12944			unmatched
FBgn0184670	Dsim\GD12946	GD12946			unmatched
FBgn0184671	Dsim\GD12947	GD12947			unmatched
FBgn0184672	Dsim\GD12948	GD12948			unmatched
FBgn0184673	Dsim\GD12949	GD12949			unmatched
FBgn0184674	Dsim\GD12950	GD12950			unmatched
FBgn0184675	Dsim\GD12951	GD12951			unmatched
FBgn0184676	Dsim\GD12952	GD12952			unmatched
FBgn0184677	Dsim\GD12953	GD12953			unmatched
FBgn0184679	Dsim\GD12955	GD12955			unmatched
FBgn0184680	Dsim\GD12956	GD12956			unmatched
FBgn0184682	Dsim\GD12958	GD12958			unmatched
FBgn0184683	Dsim\GD12959	GD12959			unmatched
FBgn0184684	Dsim\GD12960	GD12960			unmatched
FBgn0184685	Dsim\GD12961	GD12961			unmatched
FBgn0184686	Dsim\GD12962	GD12962			unmatched
FBgn0184687	Dsim\GD12963	GD12963			unmatched
FBgn0184688	Dsim\GD12964	GD12964			unmatched
FBgn0184689	Dsim\GD12965	GD12965			unmatched
FBgn0184690	Dsim\GD12966	GD12966			unmatched
FBgn0184691	Dsim\GD12967	GD12967			unmatched
FBgn0184693	Dsim\GD12969	GD12969			unmatched
FBgn0184694	Dsim\GD12970	GD12970			unmatched
FBgn0184695	Dsim\GD12971	GD12971			unmatched
FBgn0184696	Dsim\GD12972	GD12972			unmatched
FBgn0184698	Dsim\GD12974	GD12974			unmatched
FBgn0184699	Dsim\GD12975	GD12975			unmatched
FBgn0184701	Dsim\GD12977	GD12977			unmatched
FBgn0184702	Dsim\GD12978	GD12978			unmatched
FBgn0184704	Dsim\GD12980	GD12980			unmatched
FBgn0184705	Dsim\GD12981	GD12981			unmatched
FBgn0184706	Dsim\GD12982	GD12982			unmatched
FBgn0184709	Dsim\GD12985	GD12985			unmatched
FBgn0184712	Dsim\GD12988	GD12988			unmatched
FBgn0184714	Dsim\GD12990	GD12990			unmatched
FBgn0184715	Dsim\GD12991	GD12991			unmatched
FBgn0184716	Dsim\GD12992	GD12992			unmatched
FBgn0184717	Dsim\GD12994	GD12994			unmatched
FBgn0184718	Dsim\GD12995	GD12995			unmatched
FBgn0184720	Dsim\GD12997	GD12997			unmatched
FBgn0184721	Dsim\GD12998	GD12998			unmatched
FBgn0184722	Dsim\GD12999	GD12999			unmatched
FBgn0184723	Dsim\GD13000	GD13000			unmatched
FBgn0184724	Dsim\GD13001	GD13001			unmatched
FBgn0184725	Dsim\GD13002	GD13002			unmatched
FBgn0184726	Dsim\GD13003	GD13003			unmatched
FBgn0184727	Dsim\GD13005	GD13005			unmatched
FBgn0184728	Dsim\GD13006	GD13006			unmatched
FBgn0184730	Dsim\GD13008	GD13008			unmatched
FBgn0184731	Dsim\GD13009	GD13009			unmatched
FBgn0184732	Dsim\GD13010	GD13010			unmatched
FBgn0184733	Dsim\GD13011	GD13011			unmatched
FBgn0184734	Dsim\GD13012	GD13012			unmatched
FBgn0184735	Dsim\GD13013	GD13013			unmatched
FBgn0184736	Dsim\GD13014	GD13014			unmatched
FBgn0184737	Dsim\GD13015	GD13015			unmatched
FBgn0184738	Dsim\GD13016	GD13016			unmatched
FBgn0184739	Dsim\GD13017	GD13017			unmatched
FBgn0184740	Dsim\GD13018	GD13018			unmatched
FBgn0184741	Dsim\GD13019	GD13019			unmatched
FBgn0184742	Dsim\GD13020	GD13020			unmatched
FBgn0184743	Dsim\GD13021	GD13021			unmatched
FBgn0184745	Dsim\GD13023	GD13023			unmatched
FBgn0184746	Dsim\GD13024	GD13024			unmatched
FBgn0184747	Dsim\GD13025	GD13025			unmatched
FBgn0184748	Dsim\GD13026	GD13026			unmatched
FBgn0184749	Dsim\GD13027	GD13027			unmatched
FBgn0184750	Dsim\GD13028	GD13028			unmatched
FBgn0184751	Dsim\GD13029	GD13029			unmatched
FBgn0184752	Dsim\GD13030	GD13030			unmatched
FBgn0184753	Dsim\GD13031	GD13031			unmatched
FBgn0184754	Dsim\GD13032	GD13032			unmatched
FBgn0184755	Dsim\GD13033	GD13033			unmatched
FBgn0184756	Dsim\GD13034	GD13034			unmatched
FBgn0184757	Dsim\GD13035	GD13035			unmatched
FBgn0184759	Dsim\GD13037	GD13037			unmatched
FBgn0184760	Dsim\GD13038	GD13038			unmatched
FBgn0184763	Dsim\GD13041	GD13041			unmatched
FBgn0184764	Dsim\GD13042	GD13042			unmatched
FBgn0184765	Dsim\GD13043	GD13043			unmatched
FBgn0184766	Dsim\GD13044	GD13044			unmatched
FBgn0184769	Dsim\GD13047	GD13047			unmatched
FBgn0184770	Dsim\GD13048	GD13048			unmatched
FBgn0184771	Dsim\GD13049	GD13049			unmatched
FBgn0184772	Dsim\GD13050	GD13050			unmatched
FBgn0184773	Dsim\GD13051	GD13051			unmatched
FBgn0184774	Dsim\GD13052	GD13052			unmatched
FBgn0184775	Dsim\GD13053	GD13053			unmatched
FBgn0184776	Dsim\GD13054	GD13054			unmatched
FBgn0184777	Dsim\GD13055	GD13055			unmatched
FBgn0184778	Dsim\GD13056	GD13056			unmatched
FBgn0184779	Dsim\GD13057	GD13057			unmatched
FBgn0184780	Dsim\GD13058	GD13058			unmatched
FBgn0184783	Dsim\GD13061	GD13061			unmatched
FBgn0184785	Dsim\GD13063	GD13063			unmatched
FBgn0184786	Dsim\GD13064	GD13064			unmatched
FBgn0184787	Dsim\GD13065	GD13065			unmatched
FBgn0184789	Dsim\GD13067	GD13067			unmatched
FBgn0184790	Dsim\GD13068	GD13068			unmatched
FBgn0184791	Dsim\GD13069	GD13069			unmatched
FBgn0184793	Dsim\GD13071	GD13071			unmatched
FBgn0184794	Dsim\GD13072	GD13072			unmatched
FBgn0184795	Dsim\GD13073	GD13073			unmatched
FBgn0184796	Dsim\GD13074	GD13074			unmatched
FBgn0184797	Dsim\GD13075	GD13075			unmatched
FBgn0184799	Dsim\GD13077	GD13077			unmatched
FBgn0184800	Dsim\GD13078	GD13078			unmatched
FBgn0184801	Dsim\GD13079	GD13079			unmatched
FBgn0184802	Dsim\GD13080	GD13080			unmatched
FBgn0184803	Dsim\GD13081	GD13081			unmatched
FBgn0184804	Dsim\GD13082	GD13082			unmatched
FBgn0184805	Dsim\GD13083	GD13083			unmatched
FBgn0184807	Dsim\GD13085	GD13085			unmatched
FBgn0184808	Dsim\GD13086	GD13086			unmatched
FBgn0184811	Dsim\GD13089	GD13089			unmatched
FBgn0184812	Dsim\GD13090	GD13090			unmatched
FBgn0184813	Dsim\GD13091	GD13091			unmatched
FBgn0184814	Dsim\GD13092	GD13092			unmatched
FBgn0184815	Dsim\GD13093	GD13093			unmatched
FBgn0184816	Dsim\GD13094	GD13094			unmatched
FBgn0184818	Dsim\GD13096	GD13096			unmatched
FBgn0184819	Dsim\GD13097	GD13097			unmatched
FBgn0184820	Dsim\GD13098	GD13098			unmatched
FBgn0184821	Dsim\GD13099	GD13099			unmatched
FBgn0184822	Dsim\GD13100	GD13100			unmatched
FBgn0184823	Dsim\GD13101	GD13101			unmatched
FBgn0184824	Dsim\GD13102	GD13102			unmatched
FBgn0184825	Dsim\GD13103	GD13103			unmatched
FBgn0184826	Dsim\GD13104	GD13104			unmatched
FBgn0184827	Dsim\GD13105	GD13105			unmatched
FBgn0184828	Dsim\GD13106	GD13106			unmatched
FBgn0184831	Dsim\GD13109	GD13109			unmatched
FBgn0184832	Dsim\GD13110	GD13110			unmatched
FBgn0184833	Dsim\GD13111	GD13111			unmatched
FBgn0184834	Dsim\GD13112	GD13112			unmatched
FBgn0184837	Dsim\GD13115	GD13115			unmatched
FBgn0184838	Dsim\GD13116	GD13116			unmatched
FBgn0184839	Dsim\GD13117	GD13117			unmatched
FBgn0184840	Dsim\GD13118	GD13118			unmatched
FBgn0184842	Dsim\GD13120	GD13120			unmatched
FBgn0184843	Dsim\GD13121	GD13121			unmatched
FBgn0184845	Dsim\GD13123	GD13123			unmatched
FBgn0184846	Dsim\GD13124	GD13124			unmatched
FBgn0184847	Dsim\GD13125	GD13125			unmatched
FBgn0184849	Dsim\GD13127	GD13127			unmatched
FBgn0184850	Dsim\GD13128	GD13128			unmatched
FBgn0184852	Dsim\GD13130	GD13130			unmatched
FBgn0184853	Dsim\GD13131	GD13131			unmatched
FBgn0184854	Dsim\GD13132	GD13132			unmatched
FBgn0184855	Dsim\GD13133	GD13133			unmatched
FBgn0184856	Dsim\GD13134	GD13134			unmatched
FBgn0184857	Dsim\GD13135	GD13135			unmatched
FBgn0184858	Dsim\GD13136	GD13136			unmatched
FBgn0184859	Dsim\GD13137	GD13137			unmatched
FBgn0184860	Dsim\GD13138	GD13138			unmatched
FBgn0184861	Dsim\GD13139	GD13139			unmatched
FBgn0184862	Dsim\GD13140	GD13140			unmatched
FBgn0184863	Dsim\GD13141	GD13141			unmatched
FBgn0184864	Dsim\GD13142	GD13142			unmatched
FBgn0184865	Dsim\GD13143	GD13143			unmatched
FBgn0184866	Dsim\GD13144	GD13144			unmatched
FBgn0184867	Dsim\GD13145	GD13145			unmatched
FBgn0184868	Dsim\GD13146	GD13146			unmatched
FBgn0184869	Dsim\GD13147	GD13147			unmatched
FBgn0184873	Dsim\GD13151	GD13151			unmatched
FBgn0184874	Dsim\GD13152	GD13152			unmatched
FBgn0184875	Dsim\GD13153	GD13153			unmatched
FBgn0184876	Dsim\GD13154	GD13154			unmatched
FBgn0184877	Dsim\GD13155	GD13155			unmatched
FBgn0184878	Dsim\GD13156	GD13156			unmatched
FBgn0184879	Dsim\GD13157	GD13157			unmatched
FBgn0184880	Dsim\GD13158	GD13158			unmatched
FBgn0184881	Dsim\GD13159	GD13159			unmatched
FBgn0184882	Dsim\GD13160	GD13160			unmatched
FBgn0184883	Dsim\GD13161	GD13161			unmatched
FBgn0184884	Dsim\GD13162	GD13162			unmatched
FBgn0184885	Dsim\GD13163	GD13163			unmatched
FBgn0184887	Dsim\GD13165	GD13165			unmatched
FBgn0184888	Dsim\GD13166	GD13166			unmatched
FBgn0184889	Dsim\GD13167	GD13167			unmatched
FBgn0184890	Dsim\GD13168	GD13168			unmatched
FBgn0184891	Dsim\GD13169	GD13169			unmatched
FBgn0184892	Dsim\GD13170	GD13170			unmatched
FBgn0184893	Dsim\GD13171	GD13171			unmatched
FBgn0184895	Dsim\GD13173	GD13173			unmatched
FBgn0184896	Dsim\GD13174	GD13174			unmatched
FBgn0184897	Dsim\GD13175	GD13175			unmatched
FBgn0184898	Dsim\GD13176	GD13176			unmatched
FBgn0184900	Dsim\GD13178	GD13178			unmatched
FBgn0184902	Dsim\GD13181	GD13181			unmatched
FBgn0184904	Dsim\GD13183	GD13183			unmatched
FBgn0184905	Dsim\GD13184	GD13184			unmatched
FBgn0184906	Dsim\GD13185	GD13185			unmatched
FBgn0184907	Dsim\GD13186	GD13186			unmatched
FBgn0184908	Dsim\GD13187	GD13187			unmatched
FBgn0184910	Dsim\GD13189	GD13189			unmatched
FBgn0184911	Dsim\GD13190	GD13190			unmatched
FBgn0184912	Dsim\GD13191	GD13191			unmatched
FBgn0184913	Dsim\GD13192	GD13192			unmatched
FBgn0184914	Dsim\GD13193	GD13193			unmatched
FBgn0184915	Dsim\GD13194	GD13194			unmatched
FBgn0184916	Dsim\GD13195	GD13195			unmatched
FBgn0184917	Dsim\GD13196	GD13196			unmatched
FBgn0184919	Dsim\GD13198	GD13198			unmatched
FBgn0184921	Dsim\GD13200	GD13200			unmatched
FBgn0184922	Dsim\GD13201	GD13201			unmatched
FBgn0184923	Dsim\GD13202	GD13202			unmatched
FBgn0184924	Dsim\GD13203	GD13203			unmatched
FBgn0184926	Dsim\GD13205	GD13205			unmatched
FBgn0184928	Dsim\GD13207	GD13207			unmatched
FBgn0184929	Dsim\GD13208	GD13208			unmatched
FBgn0184933	Dsim\GD13212	GD13212			unmatched
FBgn0184934	Dsim\GD13213	GD13213			unmatched
FBgn0184935	Dsim\GD13214	GD13214			unmatched
FBgn0184937	Dsim\GD13216	GD13216			unmatched
FBgn0184940	Dsim\GD13219	GD13219			unmatched
FBgn0184943	Dsim\GD13222	GD13222			unmatched
FBgn0184944	Dsim\GD13223	GD13223			unmatched
FBgn0184946	Dsim\GD13225	GD13225			unmatched
FBgn0184947	Dsim\GD13226	GD13226			unmatched
FBgn0184948	Dsim\GD13227	GD13227			unmatched
FBgn0184949	Dsim\GD13228	GD13228			unmatched
FBgn0184950	Dsim\GD13229	GD13229			unmatched
FBgn0184953	Dsim\GD13232	GD13232			unmatched
FBgn0184954	Dsim\GD13233	GD13233			unmatched
FBgn0184956	Dsim\GD13235	GD13235			unmatched
FBgn0184957	Dsim\GD13236	GD13236			unmatched
FBgn0184958	Dsim\GD13237	GD13237			unmatched
FBgn0184959	Dsim\GD13238	GD13238			unmatched
FBgn0184960	Dsim\GD13239	GD13239			unmatched
FBgn0184961	Dsim\GD13240	GD13240			unmatched
FBgn0184964	Dsim\GD13243	GD13243			unmatched
FBgn0184966	Dsim\GD13246	GD13246			unmatched
FBgn0184967	Dsim\GD13247	GD13247			unmatched
FBgn0184968	Dsim\GD13248	GD13248			unmatched
FBgn0184970	Dsim\NT1	NT1	FBgn0261526	NT1	matched
FBgn0184971	Dsim\GD13251	GD13251			unmatched
FBgn0184974	Dsim\GD13254	GD13254			unmatched
FBgn0184976	Dsim\GD13256	GD13256			unmatched
FBgn0184977	Dsim\GD13257	GD13257			unmatched
FBgn0184978	Dsim\GD13258	GD13258			unmatched
FBgn0184979	Dsim\GD13259	GD13259			unmatched
FBgn0184980	Dsim\GD13260	GD13260			unmatched
FBgn0184981	Dsim\GD13261	GD13261			unmatched
FBgn0184982	Dsim\GD13262	GD13262			unmatched
FBgn0184983	Dsim\GD13263	GD13263			unmatched
FBgn0184984	Dsim\GD13264	GD13264			unmatched
FBgn0184985	Dsim\GD13265	GD13265			unmatched
FBgn0184986	Dsim\GD13266	GD13266			unmatched
FBgn0184987	Dsim\GD13267	GD13267			unmatched
FBgn0184988	Dsim\GD13268	GD13268			unmatched
FBgn0184989	Dsim\GD13269	GD13269			unmatched
FBgn0184990	Dsim\GD13270	GD13270			unmatched
FBgn0184991	Dsim\GD13271	GD13271			unmatched
FBgn0184992	Dsim\GD13272	GD13272			unmatched
FBgn0184993	Dsim\GD13273	GD13273			unmatched
FBgn0184997	Dsim\GD13278	GD13278			unmatched
FBgn0184998	Dsim\GD13279	GD13279			unmatched
FBgn0184999	Dsim\GD13280	GD13280			unmatched
FBgn0185001	Dsim\GD13282	GD13282			unmatched
FBgn0185002	Dsim\GD13283	GD13283			unmatched
FBgn0185003	Dsim\GD13284	GD13284			unmatched
FBgn0185005	Dsim\GD13286	GD13286			unmatched
FBgn0185006	Dsim\GD13287	GD13287			unmatched
FBgn0185007	Dsim\GD13288	GD13288			unmatched
FBgn0185008	Dsim\GD13289	GD13289			unmatched
FBgn0185009	Dsim\GD13290	GD13290			unmatched
FBgn0185010	Dsim\GD13291	GD13291			unmatched
FBgn0185011	Dsim\GD13292	GD13292			unmatched
FBgn0185012	Dsim\GD13293	GD13293			unmatched
FBgn0185013	Dsim\GD13294	GD13294			unmatched
FBgn0185014	Dsim\GD13295	GD13295			unmatched
FBgn0185016	Dsim\GD13297	GD13297			unmatched
FBgn0185017	Dsim\GD13298	GD13298			unmatched
FBgn0185018	Dsim\GD13299	GD13299			unmatched
FBgn0185019	Dsim\GD13300	GD13300			unmatched
FBgn0185020	Dsim\GD13301	GD13301			unmatched
FBgn0185022	Dsim\GD13303	GD13303			unmatched
FBgn0185025	Dsim\GD13306	GD13306			unmatched
FBgn0185026	Dsim\GD13307	GD13307			unmatched
FBgn0185027	Dsim\GD13308	GD13308			unmatched
FBgn0185028	Dsim\GD13309	GD13309			unmatched
FBgn0185029	Dsim\GD13310	GD13310			unmatched
FBgn0185030	Dsim\GD13311	GD13311			unmatched
FBgn0185031	Dsim\GD13312	GD13312			unmatched
FBgn0185032	Dsim\GD13313	GD13313			unmatched
FBgn0185034	Dsim\GD13316	GD13316			unmatched
FBgn0185035	Dsim\GD13317	GD13317			unmatched
FBgn0185039	Dsim\GD13321	GD13321			unmatched
FBgn0185040	Dsim\GD13322	GD13322			unmatched
FBgn0185041	Dsim\GD13323	GD13323			unmatched
FBgn0185042	Dsim\GD13324	GD13324			unmatched
FBgn0185043	Dsim\GD13325	GD13325			unmatched
FBgn0185044	Dsim\GD13326	GD13326			unmatched
FBgn0185045	Dsim\GD13327	GD13327			unmatched
FBgn0185046	Dsim\GD13328	GD13328			unmatched
FBgn0185047	Dsim\GD13329	GD13329			unmatched
FBgn0185048	Dsim\GD13332	GD13332			unmatched
FBgn0185050	Dsim\GD13334	GD13334			unmatched
FBgn0185051	Dsim\GD13335	GD13335			unmatched
FBgn0185052	Dsim\GD13336	GD13336			unmatched
FBgn0185053	Dsim\GD13337	GD13337			unmatched
FBgn0185054	Dsim\GD13338	GD13338			unmatched
FBgn0185055	Dsim\GD13339	GD13339			unmatched
FBgn0185056	Dsim\GD13340	GD13340			unmatched
FBgn0185057	Dsim\GD13341	GD13341			unmatched
FBgn0185058	Dsim\GD13342	GD13342			unmatched
FBgn0185059	Dsim\GD13343	GD13343			unmatched
FBgn0185060	Dsim\GD13344	GD13344			unmatched
FBgn0185062	Dsim\GD13346	GD13346			unmatched
FBgn0185063	Dsim\GD13347	GD13347			unmatched
FBgn0185065	Dsim\GD13349	GD13349			unmatched
FBgn0185066	Dsim\GD13350	GD13350			unmatched
FBgn0185068	Dsim\GD13353	GD13353			unmatched
FBgn0185069	Dsim\GD13354	GD13354			unmatched
FBgn0185070	Dsim\GD13355	GD13355			unmatched
FBgn0185071	Dsim\GD13356	GD13356			unmatched
FBgn0185072	Dsim\GD13357	GD13357			unmatched
FBgn0185073	Dsim\GD13358	GD13358			unmatched
FBgn0185074	Dsim\GD13359	GD13359			unmatched
FBgn0185075	Dsim\GD13360	GD13360			unmatched
FBgn0185076	Dsim\GD13361	GD13361			unmatched
FBgn0185078	Dsim\GD13364	GD13364			unmatched
FBgn0185079	Dsim\GD13365	GD13365			unmatched
FBgn0185080	Dsim\GD13366	GD13366			unmatched
FBgn0185081	Dsim\GD13367	GD13367			unmatched
FBgn0185082	Dsim\GD13368	GD13368			unmatched
FBgn0185083	Dsim\GD13369	GD13369			unmatched
FBgn0185086	Dsim\GD13372	GD13372			unmatched
FBgn0185087	Dsim\GD13373	GD13373			unmatched
FBgn0185088	Dsim\GD13374	GD13374			unmatched
FBgn0185089	Dsim\GD13375	GD13375			unmatched
FBgn0185090	Dsim\GD13376	GD13376			unmatched
FBgn0185094	Dsim\GD13380	GD13380			unmatched
FBgn0185095	Dsim\GD13381	GD13381			unmatched
FBgn0185096	Dsim\GD13382	GD13382			unmatched
FBgn0185097	Dsim\GD13383	GD13383			unmatched
FBgn0185099	Dsim\GD13385	GD13385			unmatched
FBgn0185100	Dsim\GD13386	GD13386			unmatched
FBgn0185101	Dsim\GD13387	GD13387			unmatched
FBgn0185103	Dsim\GD13389	GD13389			unmatched
FBgn0185104	Dsim\GD13390	GD13390			unmatched
FBgn0185105	Dsim\GD13391	GD13391			unmatched
FBgn0185106	Dsim\GD13392	GD13392			unmatched
FBgn0185107	Dsim\GD13393	GD13393			unmatched
FBgn0185108	Dsim\GD13394	GD13394			unmatched
FBgn0185109	Dsim\GD13395	GD13395			unmatched
FBgn0185110	Dsim\GD13396	GD13396			unmatched
FBgn0185113	Dsim\GD13399	GD13399			unmatched
FBgn0185114	Dsim\GD13400	GD13400			unmatched
FBgn0185115	Dsim\GD13402	GD13402			unmatched
FBgn0185116	Dsim\GD13403	GD13403			unmatched
FBgn0185118	Dsim\GD13405	GD13405			unmatched
FBgn0185119	Dsim\GD13406	GD13406			unmatched
FBgn0185120	Dsim\GD13407	GD13407			unmatched
FBgn0185121	Dsim\GD13408	GD13408			unmatched
FBgn0185123	Dsim\GD13410	GD13410			unmatched
FBgn0185124	Dsim\GD13411	GD13411			unmatched
FBgn0185128	Dsim\GD13415	GD13415			unmatched
FBgn0185129	Dsim\GD13416	GD13416			unmatched
FBgn0185130	Dsim\GD13417	GD13417			unmatched
FBgn0185131	Dsim\GD13418	GD13418			unmatched
FBgn0185133	Dsim\GD13420	GD13420			unmatched
FBgn0185135	Dsim\GD13422	GD13422			unmatched
FBgn0185136	Dsim\GD13423	GD13423			unmatched
FBgn0185137	Dsim\GD13424	GD13424			unmatched
FBgn0185139	Dsim\GD13426	GD13426			unmatched
FBgn0185140	Dsim\GD13427	GD13427			unmatched
FBgn0185141	Dsim\GD13428	GD13428			unmatched
FBgn0185142	Dsim\GD13429	GD13429			unmatched
FBgn0185144	Dsim\GD13431	GD13431			unmatched
FBgn0185145	Dsim\GD13433	GD13433			unmatched
FBgn0185146	Dsim\GD13434	GD13434			unmatched
FBgn0185147	Dsim\GD13435	GD13435			unmatched
FBgn0185148	Dsim\GD13436	GD13436			unmatched
FBgn0185149	Dsim\GD13437	GD13437			unmatched
FBgn0185150	Dsim\GD13438	GD13438			unmatched
FBgn0185151	Dsim\GD13439	GD13439			unmatched
FBgn0185152	Dsim\GD13440	GD13440			unmatched
FBgn0185153	Dsim\GD13441	GD13441			unmatched
FBgn0185154	Dsim\GD13442	GD13442			unmatched
FBgn0185156	Dsim\GD13444	GD13444			unmatched
FBgn0185158	Dsim\GD13446	GD13446			unmatched
FBgn0185159	Dsim\GD13447	GD13447			unmatched
FBgn0185161	Dsim\GD13449	GD13449			unmatched
FBgn0185163	Dsim\GD13451	GD13451			unmatched
FBgn0185164	Dsim\GD13452	GD13452			unmatched
FBgn0185165	Dsim\GD13453	GD13453			unmatched
FBgn0185166	Dsim\GD13454	GD13454			unmatched
FBgn0185168	Dsim\GD13456	GD13456			unmatched
FBgn0185169	Dsim\GD13457	GD13457			unmatched
FBgn0185171	Dsim\GD13459	GD13459			unmatched
FBgn0185174	Dsim\GD13462	GD13462			unmatched
FBgn0185175	Dsim\GD13463	GD13463			unmatched
FBgn0185177	Dsim\GD13466	GD13466			unmatched
FBgn0185178	Dsim\GD13467	GD13467			unmatched
FBgn0185179	Dsim\GD13468	GD13468			unmatched
FBgn0185180	Dsim\GD13469	GD13469			unmatched
FBgn0185181	Dsim\GD13470	GD13470			unmatched
FBgn0185182	Dsim\GD13471	GD13471			unmatched
FBgn0185183	Dsim\GD13472	GD13472			unmatched
FBgn0185185	Dsim\GD13474	GD13474			unmatched
FBgn0185186	Dsim\GD13475	GD13475			unmatched
FBgn0185187	Dsim\GD13476	GD13476			unmatched
FBgn0185189	Dsim\GD13478	GD13478			unmatched
FBgn0185190	Dsim\GD13479	GD13479			unmatched
FBgn0185191	Dsim\GD13480	GD13480			unmatched
FBgn0185192	Dsim\GD13481	GD13481			unmatched
FBgn0185193	Dsim\GD13482	GD13482			unmatched
FBgn0185194	Dsim\GD13483	GD13483			unmatched
FBgn0185195	Dsim\GD13484	GD13484			unmatched
FBgn0185196	Dsim\GD13485	GD13485			unmatched
FBgn0185197	Dsim\GD13486	GD13486			unmatched
FBgn0185198	Dsim\GD13487	GD13487			unmatched
FBgn0185199	Dsim\GD13488	GD13488			unmatched
FBgn0185200	Dsim\GD13489	GD13489			unmatched
FBgn0185201	Dsim\GD13490	GD13490			unmatched
FBgn0185202	Dsim\GD13491	GD13491			unmatched
FBgn0185203	Dsim\GD13492	GD13492			unmatched
FBgn0185204	Dsim\GD13493	GD13493			unmatched
FBgn0185205	Dsim\GD13494	GD13494			unmatched
FBgn0185206	Dsim\GD13495	GD13495			unmatched
FBgn0185210	Dsim\GD13499	GD13499			unmatched
FBgn0185212	Dsim\GD13501	GD13501			unmatched
FBgn0185214	Dsim\GD13503	GD13503			unmatched
FBgn0185215	Dsim\GD13504	GD13504			unmatched
FBgn0185216	Dsim\GD13505	GD13505			unmatched
FBgn0185217	Dsim\GD13506	GD13506			unmatched
FBgn0185218	Dsim\GD13507	GD13507			unmatched
FBgn0185219	Dsim\GD13508	GD13508			unmatched
FBgn0185220	Dsim\GD13509	GD13509			unmatched
FBgn0185221	Dsim\GD13510	GD13510			unmatched
FBgn0185222	Dsim\GD13511	GD13511			unmatched
FBgn0185223	Dsim\GD13512	GD13512			unmatched
FBgn0185225	Dsim\GD13514	GD13514			unmatched
FBgn0185226	Dsim\GD13515	GD13515			unmatched
FBgn0185227	Dsim\GD13516	GD13516			unmatched
FBgn0185228	Dsim\GD13517	GD13517			unmatched
FBgn0185229	Dsim\GD13518	GD13518			unmatched
FBgn0185230	Dsim\GD13519	GD13519			unmatched
FBgn0185231	Dsim\GD13520	GD13520			unmatched
FBgn0185234	Dsim\GD13523	GD13523			unmatched
FBgn0185235	Dsim\GD13524	GD13524			unmatched
FBgn0185236	Dsim\GD13525	GD13525			unmatched
FBgn0185237	Dsim\GD13526	GD13526			unmatched
FBgn0185239	Dsim\GD13528	GD13528			unmatched
FBgn0185240	Dsim\GD13529	GD13529			unmatched
FBgn0185241	Dsim\GD13530	GD13530			unmatched
FBgn0185242	Dsim\GD13531	GD13531			unmatched
FBgn0185243	Dsim\GD13532	GD13532			unmatched
FBgn0185244	Dsim\GD13533	GD13533			unmatched
FBgn0185245	Dsim\GD13534	GD13534			unmatched
FBgn0185246	Dsim\GD13535	GD13535			unmatched
FBgn0185247	Dsim\GD13536	GD13536			unmatched
FBgn0185248	Dsim\GD13537	GD13537			unmatched
FBgn0185249	Dsim\GD13538	GD13538			unmatched
FBgn0185250	Dsim\GD13539	GD13539			unmatched
FBgn0185251	Dsim\GD13540	GD13540			unmatched
FBgn0185252	Dsim\GD13541	GD13541			unmatched
FBgn0185253	Dsim\GD13542	GD13542			unmatched
FBgn0185254	Dsim\GD13543	GD13543			unmatched
FBgn0185255	Dsim\GD13545	GD13545			unmatched
FBgn0185256	Dsim\GD13546	GD13546			unmatched
FBgn0185258	Dsim\GD13548	GD13548			unmatched
FBgn0185259	Dsim\GD13549	GD13549			unmatched
FBgn0185260	Dsim\GD13550	GD13550			unmatched
FBgn0185261	Dsim\GD13551	GD13551			unmatched
FBgn0185262	Dsim\GD13552	GD13552			unmatched
FBgn0185263	Dsim\GD13553	GD13553			unmatched
FBgn0185264	Dsim\GD13554	GD13554			unmatched
FBgn0185266	Dsim\GD13556	GD13556			unmatched
FBgn0185267	Dsim\GD13557	GD13557			unmatched
FBgn0185268	Dsim\GD13558	GD13558			unmatched
FBgn0185271	Dsim\GD13561	GD13561			unmatched
FBgn0185272	Dsim\GD13562	GD13562			unmatched
FBgn0185273	Dsim\GD13563	GD13563			unmatched
FBgn0185274	Dsim\GD13564	GD13564			unmatched
FBgn0185275	Dsim\GD13565	GD13565			unmatched
FBgn0185279	Dsim\GD13569	GD13569			unmatched
FBgn0185281	Dsim\GD13571	GD13571			unmatched
FBgn0185282	Dsim\GD13572	GD13572			unmatched
FBgn0185283	Dsim\GD13573	GD13573			unmatched
FBgn0185284	Dsim\GD13574	GD13574			unmatched
FBgn0185285	Dsim\GD13575	GD13575			unmatched
FBgn0185286	Dsim\GD13576	GD13576			unmatched
FBgn0185287	Dsim\GD13577	GD13577			unmatched
FBgn0185289	Dsim\GD13579	GD13579			unmatched
FBgn0185290	Dsim\GD13580	GD13580			unmatched
FBgn0185291	Dsim\GD13581	GD13581			unmatched
FBgn0185292	Dsim\GD13582	GD13582			unmatched
FBgn0185293	Dsim\GD13583	GD13583			unmatched
FBgn0185294	Dsim\GD13584	GD13584			unmatched
FBgn0185296	Dsim\GD13586	GD13586			unmatched
FBgn0185298	Dsim\GD13588	GD13588			unmatched
FBgn0185299	Dsim\GD13589	GD13589			unmatched
FBgn0185301	Dsim\GD13591	GD13591			unmatched
FBgn0185302	Dsim\GD13592	GD13592			unmatched
FBgn0185303	Dsim\GD13593	GD13593			unmatched
FBgn0185304	Dsim\GD13594	GD13594			unmatched
FBgn0185305	Dsim\GD13595	GD13595			unmatched
FBgn0185306	Dsim\GD13596	GD13596			unmatched
FBgn0185307	Dsim\GD13597	GD13597			unmatched
FBgn0185308	Dsim\GD13598	GD13598			unmatched
FBgn0185309	Dsim\GD13599	GD13599			unmatched
FBgn0185310	Dsim\GD13600	GD13600			unmatched
FBgn0185311	Dsim\GD13601	GD13601			unmatched
FBgn0185312	Dsim\GD13602	GD13602			unmatched
FBgn0185314	Dsim\GD13604	GD13604			unmatched
FBgn0185315	Dsim\GD13605	GD13605			unmatched
FBgn0185316	Dsim\GD13606	GD13606			unmatched
FBgn0185317	Dsim\GD13607	GD13607			unmatched
FBgn0185318	Dsim\GD13608	GD13608			unmatched
FBgn0185319	Dsim\GD13609	GD13609			unmatched
FBgn0185321	Dsim\GD13611	GD13611			unmatched
FBgn0185322	Dsim\GD13612	GD13612			unmatched
FBgn0185323	Dsim\GD13613	GD13613			unmatched
FBgn0185324	Dsim\GD13614	GD13614			unmatched
FBgn0185325	Dsim\GD13615	GD13615			unmatched
FBgn0185326	Dsim\GD13616	GD13616			unmatched
FBgn0185327	Dsim\GD13617	GD13617			unmatched
FBgn0185329	Dsim\GD13619	GD13619			unmatched
FBgn0185330	Dsim\GD13620	GD13620			unmatched
FBgn0185331	Dsim\GD13621	GD13621			unmatched
FBgn0185332	Dsim\GD13622	GD13622			unmatched
FBgn0185333	Dsim\GD13623	GD13623			unmatched
FBgn0185334	Dsim\GD13624	GD13624			unmatched
FBgn0185335	Dsim\GD13625	GD13625			unmatched
FBgn0185336	Dsim\GD13626	GD13626			unmatched
FBgn0185337	Dsim\GD13627	GD13627			unmatched
FBgn0185339	Dsim\GD13629	GD13629			unmatched
FBgn0185341	Dsim\GD13631	GD13631			unmatched
FBgn0185343	Dsim\GD13633	GD13633			unmatched
FBgn0185344	Dsim\GD13635	GD13635			unmatched
FBgn0185345	Dsim\GD13636	GD13636			unmatched
FBgn0185347	Dsim\GD13638	GD13638			unmatched
FBgn0185348	Dsim\GD13639	GD13639			unmatched
FBgn0185349	Dsim\GD13640	GD13640			unmatched
FBgn0185350	Dsim\GD13641	GD13641			unmatched
FBgn0185351	Dsim\GD13642	GD13642			unmatched
FBgn0185352	Dsim\GD13643	GD13643			unmatched
FBgn0185353	Dsim\GD13644	GD13644			unmatched
FBgn0185354	Dsim\GD13645	GD13645			unmatched
FBgn0185355	Dsim\GD13646	GD13646			unmatched
FBgn0185356	Dsim\GD13648	GD13648			unmatched
FBgn0185357	Dsim\GD13649	GD13649			unmatched
FBgn0185358	Dsim\GD13650	GD13650			unmatched
FBgn0185360	Dsim\GD13652	GD13652			unmatched
FBgn0185361	Dsim\GD13653	GD13653			unmatched
FBgn0185362	Dsim\GD13654	GD13654			unmatched
FBgn0185363	Dsim\GD13655	GD13655			unmatched
FBgn0185364	Dsim\GD13656	GD13656			unmatched
FBgn0185366	Dsim\GD13658	GD13658			unmatched
FBgn0185367	Dsim\GD13659	GD13659			unmatched
FBgn0185368	Dsim\GD13660	GD13660			unmatched
FBgn0185369	Dsim\GD13661	GD13661			unmatched
FBgn0185370	Dsim\GD13662	GD13662			unmatched
FBgn0185371	Dsim\GD13663	GD13663			unmatched
FBgn0185372	Dsim\GD13664	GD13664			unmatched
FBgn0185373	Dsim\GD13665	GD13665			unmatched
FBgn0185374	Dsim\GD13666	GD13666			unmatched
FBgn0185376	Dsim\GD13668	GD13668			unmatched
FBgn0185377	Dsim\GD13669	GD13669			unmatched
FBgn0185378	Dsim\GD13670	GD13670			unmatched
FBgn0185379	Dsim\GD13671	GD13671			unmatched
FBgn0185380	Dsim\GD13672	GD13672			unmatched
FBgn0185381	Dsim\GD13673	GD13673			unmatched
FBgn0185382	Dsim\GD13674	GD13674			unmatched
FBgn0185383	Dsim\GD13675	GD13675			unmatched
FBgn0185384	Dsim\GD13676	GD13676			unmatched
FBgn0185385	Dsim\GD13677	GD13677			unmatched
FBgn0185387	Dsim\GD13679	GD13679			unmatched
FBgn0185389	Dsim\GD13681	GD13681			unmatched
FBgn0185390	Dsim\GD13682	GD13682			unmatched
FBgn0185392	Dsim\GD13684	GD13684			unmatched
FBgn0185395	Dsim\GD13687	GD13687			unmatched
FBgn0185398	Dsim\GD13690	GD13690			unmatched
FBgn0185400	Dsim\GD13692	GD13692			unmatched
FBgn0185401	Dsim\GD13693	GD13693			unmatched
FBgn0185402	Dsim\GD13694	GD13694			unmatched
FBgn0185403	Dsim\GD13695	GD13695			unmatched
FBgn0185404	Dsim\GD13696	GD13696			unmatched
FBgn0185405	Dsim\GD13697	GD13697			unmatched
FBgn0185407	Dsim\GD13699	GD13699			unmatched
FBgn0185408	Dsim\GD13700	GD13700			unmatched
FBgn0185409	Dsim\GD13701	GD13701			unmatched
FBgn0185410	Dsim\GD13702	GD13702			unmatched
FBgn0185411	Dsim\GD13703	GD13703			unmatched
FBgn0185412	Dsim\GD13704	GD13704			unmatched
FBgn0185413	Dsim\GD13706	GD13706			unmatched
FBgn0185416	Dsim\GD13710	GD13710			unmatched
FBgn0185418	Dsim\GD13712	GD13712			unmatched
FBgn0185419	Dsim\GD13713	GD13713			unmatched
FBgn0185421	Dsim\GD13715	GD13715			unmatched
FBgn0185422	Dsim\GD13716	GD13716			unmatched
FBgn0185423	Dsim\GD13717	GD13717			unmatched
FBgn0185424	Dsim\GD13718	GD13718			unmatched
FBgn0185425	Dsim\GD13719	GD13719			unmatched
FBgn0185427	Dsim\GD13721	GD13721			unmatched
FBgn0185428	Dsim\GD13722	GD13722			unmatched
FBgn0185429	Dsim\GD13723	GD13723			unmatched
FBgn0185430	Dsim\GD13724	GD13724			unmatched
FBgn0185431	Dsim\GD13725	GD13725			unmatched
FBgn0185432	Dsim\GD13726	GD13726			unmatched
FBgn0185433	Dsim\GD13727	GD13727			unmatched
FBgn0185435	Dsim\GD13729	GD13729			unmatched
FBgn0185436	Dsim\GD13730	GD13730			unmatched
FBgn0185437	Dsim\GD13731	GD13731			unmatched
FBgn0185438	Dsim\GD13732	GD13732			unmatched
FBgn0185439	Dsim\GD13733	GD13733			unmatched
FBgn0185440	Dsim\GD13734	GD13734			unmatched
FBgn0185441	Dsim\GD13735	GD13735			unmatched
FBgn0185442	Dsim\GD13736	GD13736			unmatched
FBgn0185443	Dsim\GD13737	GD13737			unmatched
FBgn0185444	Dsim\GD13738	GD13738			unmatched
FBgn0185445	Dsim\GD13740	GD13740			unmatched
FBgn0185446	Dsim\GD13741	GD13741			unmatched
FBgn0185447	Dsim\GD13742	GD13742			unmatched
FBgn0185448	Dsim\GD13743	GD13743			unmatched
FBgn0185449	Dsim\GD13744	GD13744			unmatched
FBgn0185451	Dsim\GD13746	GD13746			unmatched
FBgn0185452	Dsim\GD13747	GD13747			unmatched
FBgn0185453	Dsim\GD13748	GD13748			unmatched
FBgn0185454	Dsim\GD13749	GD13749			unmatched
FBgn0185456	Dsim\GD13755	GD13755			unmatched
FBgn0185458	Dsim\GD13757	GD13757			unmatched
FBgn0185459	Dsim\GD13758	GD13758			unmatched
FBgn0185461	Dsim\GD13761	GD13761			unmatched
FBgn0185462	Dsim\GD13762	GD13762			unmatched
FBgn0185463	Dsim\GD13763	GD13763			unmatched
FBgn0185467	Dsim\GD13767	GD13767			unmatched
FBgn0185468	Dsim\GD13768	GD13768			unmatched
FBgn0185471	Dsim\GD13771	GD13771			unmatched
FBgn0185472	Dsim\GD13772	GD13772			unmatched
FBgn0185473	Dsim\GD13773	GD13773			unmatched
FBgn0185474	Dsim\GD13774	GD13774			unmatched
FBgn0185475	Dsim\GD13775	GD13775			unmatched
FBgn0185478	Dsim\GD13778	GD13778			unmatched
FBgn0185479	Dsim\GD13779	GD13779			unmatched
FBgn0185480	Dsim\GD13780	GD13780			unmatched
FBgn0185482	Dsim\GD13782	GD13782			unmatched
FBgn0185484	Dsim\GD13784	GD13784			unmatched
FBgn0185486	Dsim\GD13786	GD13786			unmatched
FBgn0185487	Dsim\GD13787	GD13787			unmatched
FBgn0185491	Dsim\GD13791	GD13791			unmatched
FBgn0185493	Dsim\GD13793	GD13793			unmatched
FBgn0185494	Dsim\GD13794	GD13794			unmatched
FBgn0185496	Dsim\GD13796	GD13796			unmatched
FBgn0185497	Dsim\GD13797	GD13797			unmatched
FBgn0185498	Dsim\GD13798	GD13798			unmatched
FBgn0185499	Dsim\GD13799	GD13799			unmatched
FBgn0185500	Dsim\GD13800	GD13800			unmatched
FBgn0185501	Dsim\GD13801	GD13801			unmatched
FBgn0185502	Dsim\GD13802	GD13802			unmatched
FBgn0185503	Dsim\GD13803	GD13803			unmatched
FBgn0185504	Dsim\GD13804	GD13804			unmatched
FBgn0185505	Dsim\GD13805	GD13805			unmatched
FBgn0185506	Dsim\GD13806	GD13806			unmatched
FBgn0185507	Dsim\GD13808	GD13808			unmatched
FBgn0185508	Dsim\GD13809	GD13809			unmatched
FBgn0185509	Dsim\GD13810	GD13810			unmatched
FBgn0185510	Dsim\GD13811	GD13811			unmatched
FBgn0185511	Dsim\GD13812	GD13812			unmatched
FBgn0185513	Dsim\GD13814	GD13814			unmatched
FBgn0185514	Dsim\GD13816	GD13816			unmatched
FBgn0185515	Dsim\GD13817	GD13817			unmatched
FBgn0185516	Dsim\GD13818	GD13818			unmatched
FBgn0185518	Dsim\GD13820	GD13820			unmatched
FBgn0185519	Dsim\GD13821	GD13821			unmatched
FBgn0185520	Dsim\GD13822	GD13822			unmatched
FBgn0185521	Dsim\GD13823	GD13823			unmatched
FBgn0185523	Dsim\GD13825	GD13825			unmatched
FBgn0185524	Dsim\GD13827	GD13827			unmatched
FBgn0185525	Dsim\GD13828	GD13828			unmatched
FBgn0185527	Dsim\GD13830	GD13830			unmatched
FBgn0185528	Dsim\GD13831	GD13831			unmatched
FBgn0185529	Dsim\GD13832	GD13832			unmatched
FBgn0185530	Dsim\GD13833	GD13833			unmatched
FBgn0185532	Dsim\GD13835	GD13835			unmatched
FBgn0185533	Dsim\GD13836	GD13836			unmatched
FBgn0185534	Dsim\GD13837	GD13837			unmatched
FBgn0185535	Dsim\GD13838	GD13838			unmatched
FBgn0185536	Dsim\GD13839	GD13839			unmatched
FBgn0185537	Dsim\GD13840	GD13840			unmatched
FBgn0185538	Dsim\GD13841	GD13841			unmatched
FBgn0185539	Dsim\GD13842	GD13842			unmatched
FBgn0185540	Dsim\GD13843	GD13843			unmatched
FBgn0185541	Dsim\GD13844	GD13844			unmatched
FBgn0185542	Dsim\GD13845	GD13845			unmatched
FBgn0185543	Dsim\GD13846	GD13846			unmatched
FBgn0185544	Dsim\GD13847	GD13847			unmatched
FBgn0185545	Dsim\GD13848	GD13848			unmatched
FBgn0185546	Dsim\GD13849	GD13849			unmatched
FBgn0185547	Dsim\GD13850	GD13850			unmatched
FBgn0185548	Dsim\GD13851	GD13851			unmatched
FBgn0185549	Dsim\GD13852	GD13852			unmatched
FBgn0185551	Dsim\GD13854	GD13854			unmatched
FBgn0185553	Dsim\Rpd3	Rpd3			unmatched
FBgn0185554	Dsim\GD13857	GD13857			unmatched
FBgn0185555	Dsim\GD13858	GD13858			unmatched
FBgn0185556	Dsim\GD13859	GD13859			unmatched
FBgn0185558	Dsim\GD13861	GD13861			unmatched
FBgn0185559	Dsim\GD13862	GD13862			unmatched
FBgn0185560	Dsim\GD13863	GD13863			unmatched
FBgn0185562	Dsim\GD13865	GD13865			unmatched
FBgn0185564	Dsim\GD13867	GD13867			unmatched
FBgn0185565	Dsim\GD13868	GD13868			unmatched
FBgn0185569	Dsim\GD13873	GD13873			unmatched
FBgn0185571	Dsim\GD13875	GD13875			unmatched
FBgn0185572	Dsim\GD13876	GD13876			unmatched
FBgn0185573	Dsim\GD13877	GD13877			unmatched
FBgn0185574	Dsim\GD13878	GD13878			unmatched
FBgn0185575	Dsim\GD13879	GD13879			unmatched
FBgn0185576	Dsim\GD13880	GD13880			unmatched
FBgn0185577	Dsim\GD13881	GD13881			unmatched
FBgn0185578	Dsim\GD13882	GD13882			unmatched
FBgn0185580	Dsim\GD13884	GD13884			unmatched
FBgn0185581	Dsim\GD13885	GD13885			unmatched
FBgn0185583	Dsim\GD13887	GD13887			unmatched
FBgn0185584	Dsim\GD13888	GD13888			unmatched
FBgn0185585	Dsim\GD13889	GD13889			unmatched
FBgn0185586	Dsim\GD13890	GD13890			unmatched
FBgn0185587	Dsim\GD13891	GD13891			unmatched
FBgn0185588	Dsim\GD13892	GD13892			unmatched
FBgn0185589	Dsim\GD13893	GD13893			unmatched
FBgn0185591	Dsim\GD13895	GD13895			unmatched
FBgn0185592	Dsim\GD13896	GD13896			unmatched
FBgn0185593	Dsim\GD13897	GD13897			unmatched
FBgn0185594	Dsim\GD13898	GD13898			unmatched
FBgn0185595	Dsim\GD13899	GD13899			unmatched
FBgn0185596	Dsim\GD13900	GD13900			unmatched
FBgn0185597	Dsim\GD13901	GD13901			unmatched
FBgn0185599	Dsim\GD13903	GD13903			unmatched
FBgn0185600	Dsim\GD13904	GD13904			unmatched
FBgn0185602	Dsim\GD13906	GD13906			unmatched
FBgn0185603	Dsim\GD13907	GD13907			unmatched
FBgn0185605	Dsim\GD13909	GD13909			unmatched
FBgn0185606	Dsim\GD13910	GD13910			unmatched
FBgn0185607	Dsim\GD13911	GD13911			unmatched
FBgn0185609	Dsim\GD13913	GD13913			unmatched
FBgn0185611	Dsim\GD13915	GD13915			unmatched
FBgn0185613	Dsim\GD13917	GD13917			unmatched
FBgn0185614	Dsim\GD13918	GD13918			unmatched
FBgn0185615	Dsim\GD13919	GD13919			unmatched
FBgn0185616	Dsim\GD13920	GD13920			unmatched
FBgn0185617	Dsim\GD13921	GD13921			unmatched
FBgn0185618	Dsim\GD13922	GD13922			unmatched
FBgn0185619	Dsim\GD13923	GD13923			unmatched
FBgn0185620	Dsim\GD13924	GD13924			unmatched
FBgn0185621	Dsim\GD13925	GD13925			unmatched
FBgn0185622	Dsim\GD13926	GD13926			unmatched
FBgn0185623	Dsim\GD13927	GD13927			unmatched
FBgn0185625	Dsim\GD13929	GD13929			unmatched
FBgn0185626	Dsim\GD13930	GD13930			unmatched
FBgn0185627	Dsim\GD13931	GD13931			unmatched
FBgn0185629	Dsim\GD13933	GD13933			unmatched
FBgn0185630	Dsim\GD13934	GD13934			unmatched
FBgn0185631	Dsim\GD13935	GD13935			unmatched
FBgn0185633	Dsim\GD13937	GD13937			unmatched
FBgn0185634	Dsim\GD13938	GD13938			unmatched
FBgn0185635	Dsim\GD13939	GD13939			unmatched
FBgn0185636	Dsim\GD13940	GD13940			unmatched
FBgn0185637	Dsim\GD13941	GD13941			unmatched
FBgn0185638	Dsim\GD13942	GD13942			unmatched
FBgn0185639	Dsim\GD13943	GD13943			unmatched
FBgn0185640	Dsim\GD13944	GD13944			unmatched
FBgn0185641	Dsim\GD13945	GD13945			unmatched
FBgn0185642	Dsim\GD13946	GD13946			unmatched
FBgn0185643	Dsim\GD13947	GD13947			unmatched
FBgn0185644	Dsim\GD13948	GD13948			unmatched
FBgn0185646	Dsim\GD13950	GD13950			unmatched
FBgn0185647	Dsim\GD13951	GD13951			unmatched
FBgn0185648	Dsim\GD13952	GD13952			unmatched
FBgn0185653	Dsim\GD13957	GD13957			unmatched
FBgn0185654	Dsim\GD13958	GD13958			unmatched
FBgn0185656	Dsim\GD13960	GD13960			unmatched
FBgn0185657	Dsim\GD13961	GD13961			unmatched
FBgn0185658	Dsim\GD13962	GD13962			unmatched
FBgn0185659	Dsim\GD13963	GD13963			unmatched
FBgn0185660	Dsim\GD13964	GD13964			unmatched
FBgn0185661	Dsim\GD13965	GD13965			unmatched
FBgn0185662	Dsim\GD13966	GD13966			unmatched
FBgn0185665	Dsim\GD13969	GD13969			unmatched
FBgn0185670	Dsim\GD13974	GD13974			unmatched
FBgn0185673	Dsim\GD13977	GD13977			unmatched
FBgn0185676	Dsim\GD13980	GD13980			unmatched
FBgn0185677	Dsim\GD13981	GD13981			unmatched
FBgn0185678	Dsim\GD13982	GD13982			unmatched
FBgn0185679	Dsim\GD13983	GD13983			unmatched
FBgn0185684	Dsim\GD13988	GD13988			unmatched
FBgn0185685	Dsim\GD13989	GD13989			unmatched
FBgn0185686	Dsim\GD13990	GD13990			unmatched
FBgn0185687	Dsim\GD13991	GD13991			unmatched
FBgn0185688	Dsim\GD13992	GD13992			unmatched
FBgn0185689	Dsim\GD13993	GD13993			unmatched
FBgn0185690	Dsim\GD13994	GD13994			unmatched
FBgn0185691	Dsim\GD13995	GD13995			unmatched
FBgn0185692	Dsim\GD13996	GD13996			unmatched
FBgn0185694	Dsim\GD13998	GD13998			unmatched
FBgn0185695	Dsim\GD13999	GD13999			unmatched
FBgn0185696	Dsim\GD14000	GD14000			unmatched
FBgn0185697	Dsim\GD14001	GD14001			unmatched
FBgn0185698	Dsim\GD14002	GD14002			unmatched
FBgn0185699	Dsim\GD14003	GD14003			unmatched
FBgn0185700	Dsim\GD14004	GD14004			unmatched
FBgn0185702	Dsim\GD14006	GD14006			unmatched
FBgn0185704	Dsim\GD14008	GD14008			unmatched
FBgn0185705	Dsim\GD14009	GD14009			unmatched
FBgn0185706	Dsim\GD14010	GD14010			unmatched
FBgn0185707	Dsim\GD14011	GD14011			unmatched
FBgn0185708	Dsim\GD14012	GD14012			unmatched
FBgn0185709	Dsim\GD14013	GD14013			unmatched
FBgn0185710	Dsim\GD14014	GD14014			unmatched
FBgn0185711	Dsim\GD14015	GD14015			unmatched
FBgn0185712	Dsim\GD14016	GD14016			unmatched
FBgn0185713	Dsim\GD14017	GD14017			unmatched
FBgn0185715	Dsim\GD14019	GD14019			unmatched
FBgn0185716	Dsim\GD14020	GD14020			unmatched
FBgn0185717	Dsim\GD14021	GD14021			unmatched
FBgn0185718	Dsim\GD14022	GD14022			unmatched
FBgn0185719	Dsim\GD14023	GD14023			unmatched
FBgn0185720	Dsim\GD14024	GD14024			unmatched
FBgn0185721	Dsim\GD14025	GD14025			unmatched
FBgn0185723	Dsim\GD14027	GD14027			unmatched
FBgn0185724	Dsim\GD14028	GD14028			unmatched
FBgn0185725	Dsim\GD14030	GD14030			unmatched
FBgn0185726	Dsim\GD14031	GD14031			unmatched
FBgn0185728	Dsim\GD14033	GD14033			unmatched
FBgn0185729	Dsim\GD14034	GD14034			unmatched
FBgn0185730	Dsim\GD14035	GD14035			unmatched
FBgn0185731	Dsim\GD14036	GD14036			unmatched
FBgn0185733	Dsim\GD14038	GD14038			unmatched
FBgn0185735	Dsim\GD14040	GD14040			unmatched
FBgn0185736	Dsim\GD14041	GD14041			unmatched
FBgn0185737	Dsim\GD14042	GD14042			unmatched
FBgn0185738	Dsim\GD14043	GD14043			unmatched
FBgn0185739	Dsim\GD14045	GD14045			unmatched
FBgn0185740	Dsim\GD14046	GD14046			unmatched
FBgn0185744	Dsim\GD14050	GD14050			unmatched
FBgn0185745	Dsim\GD14051	GD14051			unmatched
FBgn0185746	Dsim\GD14052	GD14052			unmatched
FBgn0185747	Dsim\GD14053	GD14053			unmatched
FBgn0185748	Dsim\GD14054	GD14054			unmatched
FBgn0185749	Dsim\GD14055	GD14055			unmatched
FBgn0185750	Dsim\GD14056	GD14056			unmatched
FBgn0185751	Dsim\GD14057	GD14057			unmatched
FBgn0185752	Dsim\GD14058	GD14058			unmatched
FBgn0185753	Dsim\GD14059	GD14059			unmatched
FBgn0185754	Dsim\GD14061	GD14061			unmatched
FBgn0185755	Dsim\GD14062	GD14062			unmatched
FBgn0185756	Dsim\GD14063	GD14063			unmatched
FBgn0185757	Dsim\GD14064	GD14064			unmatched
FBgn0185758	Dsim\GD14065	GD14065			unmatched
FBgn0185760	Dsim\GD14067	GD14067			unmatched
FBgn0185765	Dsim\GD14072	GD14072			unmatched
FBgn0185767	Dsim\GD14074	GD14074			unmatched
FBgn0185768	Dsim\GD14075	GD14075			unmatched
FBgn0185769	Dsim\GD14076	GD14076			unmatched
FBgn0185770	Dsim\GD14077	GD14077			unmatched
FBgn0185771	Dsim\GD14078	GD14078			unmatched
FBgn0185772	Dsim\GD14080	GD14080			unmatched
FBgn0185773	Dsim\GD14081	GD14081			unmatched
FBgn0185774	Dsim\GD14082	GD14082			unmatched
FBgn0185775	Dsim\GD14083	GD14083			unmatched
FBgn0185776	Dsim\GD14084	GD14084			unmatched
FBgn0185777	Dsim\GD14085	GD14085			unmatched
FBgn0185780	Dsim\GD14088	GD14088			unmatched
FBgn0185782	Dsim\GD14090	GD14090			unmatched
FBgn0185784	Dsim\GD14092	GD14092			unmatched
FBgn0185786	Dsim\GD14094	GD14094			unmatched
FBgn0185787	Dsim\GD14095	GD14095			unmatched
FBgn0185789	Dsim\GD14097	GD14097			unmatched
FBgn0185790	Dsim\GD14098	GD14098			unmatched
FBgn0185791	Dsim\GD14099	GD14099			unmatched
FBgn0185792	Dsim\GD14100	GD14100			unmatched
FBgn0185793	Dsim\GD14101	GD14101			unmatched
FBgn0185794	Dsim\GD14102	GD14102			unmatched
FBgn0185795	Dsim\GD14103	GD14103			unmatched
FBgn0185798	Dsim\GD14106	GD14106			unmatched
FBgn0185800	Dsim\GD14108	GD14108			unmatched
FBgn0185801	Dsim\GD14109	GD14109			unmatched
FBgn0185804	Dsim\GD14112	GD14112			unmatched
FBgn0185805	Dsim\GD14113	GD14113			unmatched
FBgn0185806	Dsim\GD14114	GD14114			unmatched
FBgn0185807	Dsim\GD14115	GD14115			unmatched
FBgn0185809	Dsim\GD14117	GD14117			unmatched
FBgn0185811	Dsim\GD14120	GD14120			unmatched
FBgn0185813	Dsim\GD14122	GD14122			unmatched
FBgn0185814	Dsim\GD14123	GD14123			unmatched
FBgn0185815	Dsim\GD14125	GD14125			unmatched
FBgn0185817	Dsim\GD14127	GD14127			unmatched
FBgn0185818	Dsim\GD14128	GD14128			unmatched
FBgn0185819	Dsim\GD14129	GD14129			unmatched
FBgn0185820	Dsim\GD14131	GD14131			unmatched
FBgn0185822	Dsim\GD14133	GD14133			unmatched
FBgn0185823	Dsim\GD14134	GD14134			unmatched
FBgn0185824	Dsim\GD14135	GD14135			unmatched
FBgn0185825	Dsim\GD14136	GD14136			unmatched
FBgn0185827	Dsim\GD14138	GD14138			unmatched
FBgn0185828	Dsim\GD14140	GD14140			unmatched
FBgn0185829	Dsim\GD14141	GD14141			unmatched
FBgn0185831	Dsim\GD14143	GD14143			unmatched
FBgn0185832	Dsim\GD14144	GD14144			unmatched
FBgn0185833	Dsim\GD14145	GD14145			unmatched
FBgn0185834	Dsim\GD14146	GD14146			unmatched
FBgn0185835	Dsim\GD14147	GD14147			unmatched
FBgn0185836	Dsim\GD14148	GD14148			unmatched
FBgn0185837	Dsim\GD14149	GD14149			unmatched
FBgn0185838	Dsim\GD14150	GD14150			unmatched
FBgn0185840	Dsim\GD14152	GD14152			unmatched
FBgn0185841	Dsim\GD14153	GD14153			unmatched
FBgn0185842	Dsim\GD14154	GD14154			unmatched
FBgn0185843	Dsim\GD14155	GD14155			unmatched
FBgn0185845	Dsim\GD14157	GD14157			unmatched
FBgn0185847	Dsim\GD14159	GD14159			unmatched
FBgn0185849	Dsim\GD14161	GD14161			unmatched
FBgn0185850	Dsim\GD14162	GD14162			unmatched
FBgn0185853	Dsim\GD14166	GD14166			unmatched
FBgn0185855	Dsim\GD14168	GD14168			unmatched
FBgn0185856	Dsim\GD14169	GD14169			unmatched
FBgn0185857	Dsim\GD14170	GD14170			unmatched
FBgn0185858	Dsim\GD14171	GD14171			unmatched
FBgn0185859	Dsim\GD14172	GD14172			unmatched
FBgn0185860	Dsim\GD14173	GD14173			unmatched
FBgn0185862	Dsim\GD14175	GD14175			unmatched
FBgn0185863	Dsim\GD14176	GD14176			unmatched
FBgn0185864	Dsim\GD14177	GD14177			unmatched
FBgn0185865	Dsim\GD14178	GD14178			unmatched
FBgn0185866	Dsim\GD14179	GD14179			unmatched
FBgn0185868	Dsim\GD14181	GD14181			unmatched
FBgn0185869	Dsim\GD14182	GD14182			unmatched
FBgn0185870	Dsim\GD14183	GD14183			unmatched
FBgn0185871	Dsim\GD14184	GD14184			unmatched
FBgn0185872	Dsim\GD14185	GD14185			unmatched
FBgn0185875	Dsim\GD14188	GD14188			unmatched
FBgn0185876	Dsim\GD14189	GD14189			unmatched
FBgn0185877	Dsim\GD14190	GD14190			unmatched
FBgn0185879	Dsim\GD14192	GD14192			unmatched
FBgn0185880	Dsim\GD14193	GD14193			unmatched
FBgn0185881	Dsim\GD14194	GD14194			unmatched
FBgn0185882	Dsim\GD14195	GD14195			unmatched
FBgn0185883	Dsim\GD14196	GD14196			unmatched
FBgn0185884	Dsim\GD14198	GD14198			unmatched
FBgn0185885	Dsim\GD14199	GD14199			unmatched
FBgn0185886	Dsim\GD14200	GD14200			unmatched
FBgn0185887	Dsim\GD14201	GD14201			unmatched
FBgn0185888	Dsim\GD14202	GD14202			unmatched
FBgn0185889	Dsim\GD14203	GD14203			unmatched
FBgn0185890	Dsim\GD14204	GD14204			unmatched
FBgn0185892	Dsim\GD14206	GD14206			unmatched
FBgn0185893	Dsim\GD14207	GD14207			unmatched
FBgn0185894	Dsim\GD14208	GD14208			unmatched
FBgn0185896	Dsim\GD14210	GD14210			unmatched
FBgn0185897	Dsim\GD14211	GD14211			unmatched
FBgn0185898	Dsim\GD14212	GD14212			unmatched
FBgn0185899	Dsim\GD14213	GD14213			unmatched
FBgn0185900	Dsim\GD14214	GD14214			unmatched
FBgn0185902	Dsim\GD14216	GD14216			unmatched
FBgn0185903	Dsim\GD14217	GD14217			unmatched
FBgn0185904	Dsim\GD14218	GD14218			unmatched
FBgn0185905	Dsim\GD14219	GD14219			unmatched
FBgn0185906	Dsim\GD14220	GD14220			unmatched
FBgn0185907	Dsim\GD14221	GD14221			unmatched
FBgn0185909	Dsim\GD14223	GD14223			unmatched
FBgn0185910	Dsim\GD14224	GD14224			unmatched
FBgn0185911	Dsim\GD14225	GD14225			unmatched
FBgn0185913	Dsim\GD14227	GD14227			unmatched
FBgn0185914	Dsim\GD14228	GD14228			unmatched
FBgn0185915	Dsim\GD14229	GD14229			unmatched
FBgn0185916	Dsim\GD14230	GD14230			unmatched
FBgn0185917	Dsim\GD14231	GD14231			unmatched
FBgn0185919	Dsim\GD14233	GD14233			unmatched
FBgn0185920	Dsim\GD14234	GD14234			unmatched
FBgn0185921	Dsim\GD14235	GD14235			unmatched
FBgn0185923	Dsim\GD14237	GD14237			unmatched
FBgn0185928	Dsim\GD14242	GD14242			unmatched
FBgn0185929	Dsim\GD14243	GD14243			unmatched
FBgn0185930	Dsim\GD14245	GD14245			unmatched
FBgn0185931	Dsim\GD14246	GD14246			unmatched
FBgn0185933	Dsim\GD14248	GD14248			unmatched
FBgn0185934	Dsim\GD14249	GD14249			unmatched
FBgn0185936	Dsim\GD14251	GD14251			unmatched
FBgn0185937	Dsim\GD14252	GD14252			unmatched
FBgn0185938	Dsim\GD14253	GD14253			unmatched
FBgn0185939	Dsim\GD14254	GD14254			unmatched
FBgn0185940	Dsim\GD14255	GD14255			unmatched
FBgn0185941	Dsim\GD14256	GD14256			unmatched
FBgn0185942	Dsim\GD14257	GD14257			unmatched
FBgn0185946	Dsim\GD14261	GD14261			unmatched
FBgn0185947	Dsim\GD14262	GD14262			unmatched
FBgn0185948	Dsim\GD14263	GD14263			unmatched
FBgn0185951	Dsim\GD14266	GD14266			unmatched
FBgn0185954	Dsim\GD14269	GD14269			unmatched
FBgn0185955	Dsim\GD14270	GD14270			unmatched
FBgn0185956	Dsim\DesatF	DesatF			unmatched
FBgn0185957	Dsim\GD14272	GD14272			unmatched
FBgn0185960	Dsim\GD14275	GD14275			unmatched
FBgn0185961	Dsim\GD14276	GD14276			unmatched
FBgn0185962	Dsim\GD14277	GD14277			unmatched
FBgn0185964	Dsim\GD14279	GD14279			unmatched
FBgn0185965	Dsim\GD14280	GD14280			unmatched
FBgn0185967	Dsim\GD14282	GD14282			unmatched
FBgn0185968	Dsim\GD14283	GD14283			unmatched
FBgn0185970	Dsim\GD14285	GD14285			unmatched
FBgn0185971	Dsim\GD14286	GD14286			unmatched
FBgn0185972	Dsim\GD14287	GD14287			unmatched
FBgn0185973	Dsim\GD14288	GD14288			unmatched
FBgn0185974	Dsim\GD14289	GD14289			unmatched
FBgn0185976	Dsim\GD14291	GD14291			unmatched
FBgn0185977	Dsim\GD14292	GD14292			unmatched
FBgn0185978	Dsim\GD14293	GD14293			unmatched
FBgn0185979	Dsim\GD14294	GD14294			unmatched
FBgn0185980	Dsim\GD14295	GD14295			unmatched
FBgn0185981	Dsim\GD14296	GD14296			unmatched
FBgn0185982	Dsim\GD14297	GD14297			unmatched
FBgn0185984	Dsim\GD14299	GD14299			unmatched
FBgn0185985	Dsim\GD14300	GD14300			unmatched
FBgn0185987	Dsim\GD14302	GD14302			unmatched
FBgn0185988	Dsim\GD14303	GD14303			unmatched
FBgn0185989	Dsim\GD14304	GD14304			unmatched
FBgn0185990	Dsim\GD14305	GD14305			unmatched
FBgn0185991	Dsim\GD14306	GD14306			unmatched
FBgn0185992	Dsim\GD14307	GD14307			unmatched
FBgn0185993	Dsim\GD14308	GD14308			unmatched
FBgn0185995	Dsim\GD14310	GD14310			unmatched
FBgn0185996	Dsim\GD14311	GD14311			unmatched
FBgn0185997	Dsim\GD14312	GD14312			unmatched
FBgn0185998	Dsim\GD14313	GD14313			unmatched
FBgn0185999	Dsim\GD14314	GD14314			unmatched
FBgn0186000	Dsim\GD14315	GD14315			unmatched
FBgn0186001	Dsim\GD14316	GD14316			unmatched
FBgn0186002	Dsim\GD14317	GD14317			unmatched
FBgn0186003	Dsim\GD14318	GD14318			unmatched
FBgn0186004	Dsim\GD14319	GD14319			unmatched
FBgn0186005	Dsim\GD14320	GD14320			unmatched
FBgn0186006	Dsim\GD14321	GD14321			unmatched
FBgn0186007	Dsim\GD14322	GD14322			unmatched
FBgn0186008	Dsim\GD14323	GD14323			unmatched
FBgn0186009	Dsim\GD14324	GD14324			unmatched
FBgn0186010	Dsim\GD14325	GD14325			unmatched
FBgn0186011	Dsim\GD14326	GD14326			unmatched
FBgn0186012	Dsim\GD14327	GD14327			unmatched
FBgn0186013	Dsim\GD14328	GD14328			unmatched
FBgn0186014	Dsim\GD14329	GD14329			unmatched
FBgn0186015	Dsim\GD14330	GD14330			unmatched
FBgn0186017	Dsim\GD14332	GD14332			unmatched
FBgn0186018	Dsim\GD14333	GD14333			unmatched
FBgn0186019	Dsim\GD14334	GD14334			unmatched
FBgn0186020	Dsim\GD14335	GD14335			unmatched
FBgn0186021	Dsim\GD14336	GD14336			unmatched
FBgn0186022	Dsim\GD14337	GD14337			unmatched
FBgn0186023	Dsim\GD14338	GD14338			unmatched
FBgn0186024	Dsim\GD14339	GD14339			unmatched
FBgn0186025	Dsim\GD14340	GD14340			unmatched
FBgn0186026	Dsim\GD14341	GD14341			unmatched
FBgn0186028	Dsim\GD14343	GD14343			unmatched
FBgn0186029	Dsim\GD14344	GD14344			unmatched
FBgn0186030	Dsim\GD14345	GD14345			unmatched
FBgn0186031	Dsim\GD14346	GD14346			unmatched
FBgn0186032	Dsim\GD14347	GD14347			unmatched
FBgn0186034	Dsim\GD14349	GD14349			unmatched
FBgn0186035	Dsim\GD14350	GD14350			unmatched
FBgn0186036	Dsim\GD14351	GD14351			unmatched
FBgn0186037	Dsim\GD14352	GD14352			unmatched
FBgn0186038	Dsim\GD14353	GD14353			unmatched
FBgn0186039	Dsim\GD14354	GD14354			unmatched
FBgn0186040	Dsim\GD14355	GD14355			unmatched
FBgn0186041	Dsim\GD14356	GD14356			unmatched
FBgn0186042	Dsim\GD14357	GD14357			unmatched
FBgn0186043	Dsim\GD14358	GD14358			unmatched
FBgn0186044	Dsim\GD14359	GD14359			unmatched
FBgn0186045	Dsim\GD14360	GD14360			unmatched
FBgn0186046	Dsim\GD14361	GD14361			unmatched
FBgn0186048	Dsim\GD14363	GD14363			unmatched
FBgn0186049	Dsim\GD14364	GD14364			unmatched
FBgn0186050	Dsim\GD14365	GD14365			unmatched
FBgn0186051	Dsim\GD14368	GD14368			unmatched
FBgn0186052	Dsim\GD14369	GD14369			unmatched
FBgn0186056	Dsim\GD14373	GD14373			unmatched
FBgn0186057	Dsim\GD14374	GD14374			unmatched
FBgn0186058	Dsim\Obp69a	Obp69a	FBgn0011279	Obp69a	matched
FBgn0186062	Dsim\GD14379	GD14379			unmatched
FBgn0186063	Dsim\GD14380	GD14380			unmatched
FBgn0186064	Dsim\GD14381	GD14381			unmatched
FBgn0186065	Dsim\GD14382	GD14382			unmatched
FBgn0186066	Dsim\GD14383	GD14383			unmatched
FBgn0186067	Dsim\GD14384	GD14384			unmatched
FBgn0186068	Dsim\GD14385	GD14385			unmatched
FBgn0186069	Dsim\GD14386	GD14386			unmatched
FBgn0186071	Dsim\GD14388	GD14388			unmatched
FBgn0186073	Dsim\GD14390	GD14390			unmatched
FBgn0186074	Dsim\GD14391	GD14391			unmatched
FBgn0186079	Dsim\GD14396	GD14396			unmatched
FBgn0186081	Dsim\GD14398	GD14398			unmatched
FBgn0186082	Dsim\GD14399	GD14399			unmatched
FBgn0186083	Dsim\GD14400	GD14400			unmatched
FBgn0186084	Dsim\GD14401	GD14401			unmatched
FBgn0186085	Dsim\GD14402	GD14402			unmatched
FBgn0186086	Dsim\GD14403	GD14403			unmatched
FBgn0186088	Dsim\GD14405	GD14405			unmatched
FBgn0186089	Dsim\GD14406	GD14406			unmatched
FBgn0186092	Dsim\GD14409	GD14409			unmatched
FBgn0186093	Dsim\GD14410	GD14410			unmatched
FBgn0186094	Dsim\GD14411	GD14411			unmatched
FBgn0186095	Dsim\GD14412	GD14412			unmatched
FBgn0186097	Dsim\GD14414	GD14414			unmatched
FBgn0186099	Dsim\GD14416	GD14416			unmatched
FBgn0186101	Dsim\GD14418	GD14418			unmatched
FBgn0186102	Dsim\GD14419	GD14419			unmatched
FBgn0186103	Dsim\GD14420	GD14420			unmatched
FBgn0186104	Dsim\GD14421	GD14421			unmatched
FBgn0186105	Dsim\GD14422	GD14422			unmatched
FBgn0186106	Dsim\GD14423	GD14423			unmatched
FBgn0186107	Dsim\GD14424	GD14424			unmatched
FBgn0186108	Dsim\GD14425	GD14425			unmatched
FBgn0186109	Dsim\GD14426	GD14426			unmatched
FBgn0186110	Dsim\GD14427	GD14427			unmatched
FBgn0186111	Dsim\GD14428	GD14428			unmatched
FBgn0186112	Dsim\GD14429	GD14429			unmatched
FBgn0186114	Dsim\GD14431	GD14431			unmatched
FBgn0186116	Dsim\GD14433	GD14433			unmatched
FBgn0186117	Dsim\GD14434	GD14434			unmatched
FBgn0186120	Dsim\GD14437	GD14437			unmatched
FBgn0186121	Dsim\GD14438	GD14438			unmatched
FBgn0186123	Dsim\GD14441	GD14441			unmatched
FBgn0186124	Dsim\GD14442	GD14442			unmatched
FBgn0186125	Dsim\GD14443	GD14443			unmatched
FBgn0186126	Dsim\GD14444	GD14444			unmatched
FBgn0186127	Dsim\GD14445	GD14445			unmatched
FBgn0186128	Dsim\GD14446	GD14446			unmatched
FBgn0186129	Dsim\GD14447	GD14447			unmatched
FBgn0186130	Dsim\GD14448	GD14448			unmatched
FBgn0186131	Dsim\GD14449	GD14449			unmatched
FBgn0186132	Dsim\GD14450	GD14450			unmatched
FBgn0186133	Dsim\GD14451	GD14451			unmatched
FBgn0186134	Dsim\GD14452	GD14452			unmatched
FBgn0186135	Dsim\GD14453	GD14453			unmatched
FBgn0186136	Dsim\GD14454	GD14454			unmatched
FBgn0186137	Dsim\GD14455	GD14455			unmatched
FBgn0186139	Dsim\GD14457	GD14457			unmatched
FBgn0186141	Dsim\GD14459	GD14459			unmatched
FBgn0186142	Dsim\GD14460	GD14460			unmatched
FBgn0186144	Dsim\GD14462	GD14462			unmatched
FBgn0186146	Dsim\GD14464	GD14464			unmatched
FBgn0186147	Dsim\GD14465	GD14465			unmatched
FBgn0186148	Dsim\GD14466	GD14466			unmatched
FBgn0186149	Dsim\GD14467	GD14467			unmatched
FBgn0186150	Dsim\GD14468	GD14468			unmatched
FBgn0186151	Dsim\GD14469	GD14469			unmatched
FBgn0186152	Dsim\GD14470	GD14470			unmatched
FBgn0186153	Dsim\GD14471	GD14471			unmatched
FBgn0186155	Dsim\GD14473	GD14473			unmatched
FBgn0186156	Dsim\GD14474	GD14474			unmatched
FBgn0186157	Dsim\GD14475	GD14475			unmatched
FBgn0186158	Dsim\GD14476	GD14476			unmatched
FBgn0186159	Dsim\GD14477	GD14477			unmatched
FBgn0186160	Dsim\GD14478	GD14478			unmatched
FBgn0186161	Dsim\GD14479	GD14479			unmatched
FBgn0186162	Dsim\GD14480	GD14480			unmatched
FBgn0186164	Dsim\GD14482	GD14482			unmatched
FBgn0186165	Dsim\GD14483	GD14483			unmatched
FBgn0186166	Dsim\GD14484	GD14484			unmatched
FBgn0186169	Dsim\GD14487	GD14487			unmatched
FBgn0186170	Dsim\GD14488	GD14488			unmatched
FBgn0186171	Dsim\GD14489	GD14489			unmatched
FBgn0186173	Dsim\GD14491	GD14491			unmatched
FBgn0186174	Dsim\GD14492	GD14492			unmatched
FBgn0186175	Dsim\GD14493	GD14493			unmatched
FBgn0186176	Dsim\GD14494	GD14494			unmatched
FBgn0186177	Dsim\GD14495	GD14495			unmatched
FBgn0186179	Dsim\GD14497	GD14497			unmatched
FBgn0186180	Dsim\GD14498	GD14498			unmatched
FBgn0186181	Dsim\GD14499	GD14499			unmatched
FBgn0186182	Dsim\GD14500	GD14500			unmatched
FBgn0186183	Dsim\GD14501	GD14501			unmatched
FBgn0186184	Dsim\GD14502	GD14502			unmatched
FBgn0186185	Dsim\GD14503	GD14503			unmatched
FBgn0186186	Dsim\GD14504	GD14504			unmatched
FBgn0186187	Dsim\GD14505	GD14505			unmatched
FBgn0186190	Dsim\GD14508	GD14508			unmatched
FBgn0186191	Dsim\GD14509	GD14509			unmatched
FBgn0186193	Dsim\GD14511	GD14511			unmatched
FBgn0186195	Dsim\GD14513	GD14513			unmatched
FBgn0186196	Dsim\GD14514	GD14514			unmatched
FBgn0186197	Dsim\GD14515	GD14515			unmatched
FBgn0186198	Dsim\GD14516	GD14516			unmatched
FBgn0186199	Dsim\GD14517	GD14517			unmatched
FBgn0186200	Dsim\GD14518	GD14518			unmatched
FBgn0186201	Dsim\GD14519	GD14519			unmatched
FBgn0186202	Dsim\GD14520	GD14520			unmatched
FBgn0186203	Dsim\GD14521	GD14521			unmatched
FBgn0186205	Dsim\GD14523	GD14523			unmatched
FBgn0186206	Dsim\GD14524	GD14524			unmatched
FBgn0186208	Dsim\GD14526	GD14526			unmatched
FBgn0186209	Dsim\GD14527	GD14527			unmatched
FBgn0186210	Dsim\GD14528	GD14528			unmatched
FBgn0186211	Dsim\GD14529	GD14529			unmatched
FBgn0186212	Dsim\GD14530	GD14530			unmatched
FBgn0186213	Dsim\GD14531	GD14531			unmatched
FBgn0186216	Dsim\GD14535	GD14535			unmatched
FBgn0186217	Dsim\GD14536	GD14536			unmatched
FBgn0186219	Dsim\GD14538	GD14538			unmatched
FBgn0186221	Dsim\GD14540	GD14540			unmatched
FBgn0186223	Dsim\GD14542	GD14542			unmatched
FBgn0186224	Dsim\GD14543	GD14543			unmatched
FBgn0186225	Dsim\GD14544	GD14544			unmatched
FBgn0186226	Dsim\GD14545	GD14545			unmatched
FBgn0186229	Dsim\GD14548	GD14548			unmatched
FBgn0186230	Dsim\GD14549	GD14549			unmatched
FBgn0186231	Dsim\GD14550	GD14550			unmatched
FBgn0186233	Dsim\GD14552	GD14552			unmatched
FBgn0186234	Dsim\GD14554	GD14554			unmatched
FBgn0186235	Dsim\GD14555	GD14555			unmatched
FBgn0186236	Dsim\GD14556	GD14556			unmatched
FBgn0186237	Dsim\GD14557	GD14557			unmatched
FBgn0186238	Dsim\GD14558	GD14558			unmatched
FBgn0186239	Dsim\GD14559	GD14559			unmatched
FBgn0186241	Dsim\GD14561	GD14561			unmatched
FBgn0186242	Dsim\GD14562	GD14562			unmatched
FBgn0186243	Dsim\GD14563	GD14563			unmatched
FBgn0186244	Dsim\GD14564	GD14564			unmatched
FBgn0186245	Dsim\GD14565	GD14565			unmatched
FBgn0186246	Dsim\GD14566	GD14566			unmatched
FBgn0186247	Dsim\GD14567	GD14567			unmatched
FBgn0186248	Dsim\GD14568	GD14568			unmatched
FBgn0186249	Dsim\GD14569	GD14569			unmatched
FBgn0186250	Dsim\GD14570	GD14570			unmatched
FBgn0186252	Dsim\GD14572	GD14572			unmatched
FBgn0186253	Dsim\GD14573	GD14573			unmatched
FBgn0186254	Dsim\GD14574	GD14574			unmatched
FBgn0186255	Dsim\GD14575	GD14575			unmatched
FBgn0186256	Dsim\GD14576	GD14576			unmatched
FBgn0186257	Dsim\GD14577	GD14577			unmatched
FBgn0186258	Dsim\GD14578	GD14578			unmatched
FBgn0186259	Dsim\GD14579	GD14579			unmatched
FBgn0186260	Dsim\GD14580	GD14580			unmatched
FBgn0186262	Dsim\GD14582	GD14582			unmatched
FBgn0186263	Dsim\GD14583	GD14583			unmatched
FBgn0186264	Dsim\GD14584	GD14584			unmatched
FBgn0186265	Dsim\GD14585	GD14585			unmatched
FBgn0186266	Dsim\GD14586	GD14586			unmatched
FBgn0186267	Dsim\GD14587	GD14587			unmatched
FBgn0186268	Dsim\GD14588	GD14588			unmatched
FBgn0186269	Dsim\GD14589	GD14589			unmatched
FBgn0186270	Dsim\GD14590	GD14590			unmatched
FBgn0186271	Dsim\GD14591	GD14591			unmatched
FBgn0186272	Dsim\GD14592	GD14592			unmatched
FBgn0186273	Dsim\GD14593	GD14593			unmatched
FBgn0186274	Dsim\GD14594	GD14594			unmatched
FBgn0186275	Dsim\GD14595	GD14595			unmatched
FBgn0186276	Dsim\GD14596	GD14596			unmatched
FBgn0186277	Dsim\GD14597	GD14597			unmatched
FBgn0186279	Dsim\GD14599	GD14599			unmatched
FBgn0186280	Dsim\GD14600	GD14600			unmatched
FBgn0186281	Dsim\GD14601	GD14601			unmatched
FBgn0186282	Dsim\GD14602	GD14602			unmatched
FBgn0186283	Dsim\GD14603	GD14603			unmatched
FBgn0186284	Dsim\GD14604	GD14604			unmatched
FBgn0186285	Dsim\GD14605	GD14605			unmatched
FBgn0186286	Dsim\GD14606	GD14606			unmatched
FBgn0186287	Dsim\GD14607	GD14607			unmatched
FBgn0186288	Dsim\GD14608	GD14608			unmatched
FBgn0186289	Dsim\GD14609	GD14609			unmatched
FBgn0186291	Dsim\GD14611	GD14611			unmatched
FBgn0186293	Dsim\GD14613	GD14613			unmatched
FBgn0186294	Dsim\GD14614	GD14614			unmatched
FBgn0186295	Dsim\GD14615	GD14615			unmatched
FBgn0186296	Dsim\GD14616	GD14616			unmatched
FBgn0186297	Dsim\GD14617	GD14617			unmatched
FBgn0186298	Dsim\GD14618	GD14618			unmatched
FBgn0186299	Dsim\GD14619	GD14619			unmatched
FBgn0186300	Dsim\GD14620	GD14620			unmatched
FBgn0186301	Dsim\GD14621	GD14621			unmatched
FBgn0186302	Dsim\GD14622	GD14622			unmatched
FBgn0186303	Dsim\GD14623	GD14623			unmatched
FBgn0186304	Dsim\GD14624	GD14624			unmatched
FBgn0186305	Dsim\GD14625	GD14625			unmatched
FBgn0186306	Dsim\GD14626	GD14626			unmatched
FBgn0186307	Dsim\GD14627	GD14627			unmatched
FBgn0186308	Dsim\GD14628	GD14628			unmatched
FBgn0186309	Dsim\GD14629	GD14629			unmatched
FBgn0186310	Dsim\GD14630	GD14630			unmatched
FBgn0186311	Dsim\GD14631	GD14631			unmatched
FBgn0186312	Dsim\GD14632	GD14632			unmatched
FBgn0186313	Dsim\GD14633	GD14633			unmatched
FBgn0186314	Dsim\GD14634	GD14634			unmatched
FBgn0186315	Dsim\GD14635	GD14635			unmatched
FBgn0186316	Dsim\GD14636	GD14636			unmatched
FBgn0186318	Dsim\GD14638	GD14638			unmatched
FBgn0186319	Dsim\GD14639	GD14639			unmatched
FBgn0186320	Dsim\GD14640	GD14640			unmatched
FBgn0186321	Dsim\GD14641	GD14641			unmatched
FBgn0186323	Dsim\GD14643	GD14643			unmatched
FBgn0186325	Dsim\GD14645	GD14645			unmatched
FBgn0186326	Dsim\GD14646	GD14646			unmatched
FBgn0186327	Dsim\GD14647	GD14647			unmatched
FBgn0186328	Dsim\GD14648	GD14648			unmatched
FBgn0186329	Dsim\GD14649	GD14649			unmatched
FBgn0186330	Dsim\GD14650	GD14650			unmatched
FBgn0186332	Dsim\GD14653	GD14653			unmatched
FBgn0186333	Dsim\GD14654	GD14654			unmatched
FBgn0186334	Dsim\GD14655	GD14655			unmatched
FBgn0186337	Dsim\GD14658	GD14658			unmatched
FBgn0186338	Dsim\GD14660	GD14660			unmatched
FBgn0186340	Dsim\GD14662	GD14662			unmatched
FBgn0186342	Dsim\GD14664	GD14664			unmatched
FBgn0186343	Dsim\GD14665	GD14665			unmatched
FBgn0186344	Dsim\GD14666	GD14666			unmatched
FBgn0186345	Dsim\GD14667	GD14667			unmatched
FBgn0186346	Dsim\GD14668	GD14668			unmatched
FBgn0186348	Dsim\GD14670	GD14670			unmatched
FBgn0186349	Dsim\GD14671	GD14671			unmatched
FBgn0186350	Dsim\GD14672	GD14672			unmatched
FBgn0186351	Dsim\GD14673	GD14673			unmatched
FBgn0186352	Dsim\GD14674	GD14674			unmatched
FBgn0186356	Dsim\GD14678	GD14678			unmatched
FBgn0186357	Dsim\GD14679	GD14679			unmatched
FBgn0186358	Dsim\Obp73a	Obp73a	FBgn0036681	Obp73a	matched
FBgn0186359	Dsim\GD14681	GD14681			unmatched
FBgn0186361	Dsim\GD14683	GD14683			unmatched
FBgn0186363	Dsim\GD14685	GD14685			unmatched
FBgn0186364	Dsim\GD14686	GD14686			unmatched
FBgn0186365	Dsim\GD14687	GD14687			unmatched
FBgn0186366	Dsim\GD14688	GD14688			unmatched
FBgn0186368	Dsim\GD14690	GD14690			unmatched
FBgn0186369	Dsim\GD14691	GD14691			unmatched
FBgn0186370	Dsim\GD14692	GD14692			unmatched
FBgn0186371	Dsim\GD14693	GD14693			unmatched
FBgn0186373	Dsim\GD14695	GD14695			unmatched
FBgn0186374	Dsim\GD14696	GD14696			unmatched
FBgn0186375	Dsim\GD14697	GD14697			unmatched
FBgn0186377	Dsim\GD14699	GD14699			unmatched
FBgn0186380	Dsim\GD14702	GD14702			unmatched
FBgn0186381	Dsim\GD14703	GD14703			unmatched
FBgn0186382	Dsim\GD14704	GD14704			unmatched
FBgn0186383	Dsim\GD14705	GD14705			unmatched
FBgn0186384	Dsim\GD14707	GD14707			unmatched
FBgn0186385	Dsim\GD14708	GD14708			unmatched
FBgn0186386	Dsim\GD14709	GD14709			unmatched
FBgn0186387	Dsim\GD14710	GD14710			unmatched
FBgn0186388	Dsim\GD14712	GD14712			unmatched
FBgn0186389	Dsim\GD14713	GD14713			unmatched
FBgn0186390	Dsim\GD14714	GD14714			unmatched
FBgn0186392	Dsim\GD14716	GD14716			unmatched
FBgn0186394	Dsim\GD14718	GD14718			unmatched
FBgn0186395	Dsim\GD14719	GD14719			unmatched
FBgn0186396	Dsim\GD14720	GD14720			unmatched
FBgn0186399	Dsim\GD14723	GD14723			unmatched
FBgn0186400	Dsim\GD14724	GD14724			unmatched
FBgn0186401	Dsim\GD14725	GD14725			unmatched
FBgn0186402	Dsim\GD14726	GD14726			unmatched
FBgn0186404	Dsim\GD14728	GD14728			unmatched
FBgn0186405	Dsim\GD14729	GD14729			unmatched
FBgn0186407	Dsim\GD14732	GD14732			unmatched
FBgn0186408	Dsim\GD14733	GD14733			unmatched
FBgn0186409	Dsim\GD14734	GD14734			unmatched
FBgn0186410	Dsim\GD14735	GD14735			unmatched
FBgn0186413	Dsim\GD14738	GD14738			unmatched
FBgn0186414	Dsim\GD14739	GD14739			unmatched
FBgn0186419	Dsim\GD14744	GD14744			unmatched
FBgn0186420	Dsim\GD14745	GD14745			unmatched
FBgn0186421	Dsim\GD14746	GD14746			unmatched
FBgn0186422	Dsim\GD14747	GD14747			unmatched
FBgn0186423	Dsim\GD14748	GD14748			unmatched
FBgn0186425	Dsim\GD14750	GD14750			unmatched
FBgn0186426	Dsim\GD14751	GD14751			unmatched
FBgn0186427	Dsim\GD14752	GD14752			unmatched
FBgn0186429	Dsim\GD14754	GD14754			unmatched
FBgn0186430	Dsim\GD14755	GD14755			unmatched
FBgn0186431	Dsim\GD14756	GD14756			unmatched
FBgn0186432	Dsim\GD14757	GD14757			unmatched
FBgn0186433	Dsim\GD14758	GD14758			unmatched
FBgn0186434	Dsim\GD14759	GD14759			unmatched
FBgn0186435	Dsim\GD14760	GD14760			unmatched
FBgn0186436	Dsim\GD14762	GD14762			unmatched
FBgn0186437	Dsim\GD14763	GD14763			unmatched
FBgn0186438	Dsim\GD14764	GD14764			unmatched
FBgn0186439	Dsim\GD14765	GD14765			unmatched
FBgn0186440	Dsim\GD14766	GD14766			unmatched
FBgn0186441	Dsim\GD14767	GD14767			unmatched
FBgn0186442	Dsim\GD14768	GD14768			unmatched
FBgn0186443	Dsim\GD14769	GD14769			unmatched
FBgn0186445	Dsim\GD14772	GD14772			unmatched
FBgn0186446	Dsim\GD14773	GD14773			unmatched
FBgn0186447	Dsim\GD14774	GD14774			unmatched
FBgn0186449	Dsim\GD14776	GD14776			unmatched
FBgn0186450	Dsim\GD14777	GD14777			unmatched
FBgn0186451	Dsim\GD14778	GD14778			unmatched
FBgn0186452	Dsim\GD14779	GD14779			unmatched
FBgn0186453	Dsim\GD14780	GD14780			unmatched
FBgn0186454	Dsim\GD14781	GD14781			unmatched
FBgn0186455	Dsim\GD14782	GD14782			unmatched
FBgn0186456	Dsim\GD14783	GD14783			unmatched
FBgn0186457	Dsim\GD14784	GD14784			unmatched
FBgn0186458	Dsim\GD14785	GD14785			unmatched
FBgn0186459	Dsim\GD14786	GD14786			unmatched
FBgn0186460	Dsim\GD14787	GD14787			unmatched
FBgn0186461	Dsim\GD14788	GD14788			unmatched
FBgn0186462	Dsim\GD14789	GD14789			unmatched
FBgn0186464	Dsim\GD14791	GD14791			unmatched
FBgn0186465	Dsim\GD14792	GD14792			unmatched
FBgn0186466	Dsim\GD14793	GD14793			unmatched
FBgn0186467	Dsim\GD14794	GD14794			unmatched
FBgn0186468	Dsim\GD14795	GD14795			unmatched
FBgn0186470	Dsim\GD14797	GD14797			unmatched
FBgn0186472	Dsim\GD14799	GD14799			unmatched
FBgn0186473	Dsim\GD14800	GD14800			unmatched
FBgn0186474	Dsim\Chd3	Chd3	FBgn0023395	Chd3	matched
FBgn0186475	Dsim\GD14802	GD14802			unmatched
FBgn0186476	Dsim\GD14803	GD14803			unmatched
FBgn0186479	Dsim\GD14806	GD14806			unmatched
FBgn0186480	Dsim\GD14807	GD14807			unmatched
FBgn0186481	Dsim\GD14808	GD14808			unmatched
FBgn0186483	Dsim\GD14810	GD14810			unmatched
FBgn0186484	Dsim\GD14811	GD14811			unmatched
FBgn0186485	Dsim\GD14812	GD14812			unmatched
FBgn0186487	Dsim\GD14814	GD14814			unmatched
FBgn0186488	Dsim\GD14815	GD14815			unmatched
FBgn0186489	Dsim\GD14816	GD14816			unmatched
FBgn0186490	Dsim\GD14817	GD14817			unmatched
FBgn0186491	Dsim\GD14818	GD14818			unmatched
FBgn0186492	Dsim\GD14819	GD14819			unmatched
FBgn0186493	Dsim\GD14820	GD14820			unmatched
FBgn0186496	Dsim\GD14823	GD14823			unmatched
FBgn0186497	Dsim\GD14824	GD14824			unmatched
FBgn0186499	Dsim\GD14826	GD14826			unmatched
FBgn0186500	Dsim\GD14827	GD14827			unmatched
FBgn0186501	Dsim\GD14828	GD14828			unmatched
FBgn0186502	Dsim\GD14829	GD14829			unmatched
FBgn0186503	Dsim\GD14830	GD14830			unmatched
FBgn0186504	Dsim\GD14831	GD14831			unmatched
FBgn0186505	Dsim\GD14832	GD14832			unmatched
FBgn0186506	Dsim\GD14833	GD14833			unmatched
FBgn0186507	Dsim\GD14834	GD14834			unmatched
FBgn0186508	Dsim\GD14835	GD14835			unmatched
FBgn0186509	Dsim\GD14836	GD14836			unmatched
FBgn0186510	Dsim\GD14837	GD14837			unmatched
FBgn0186511	Dsim\GD14838	GD14838			unmatched
FBgn0186512	Dsim\GD14839	GD14839			unmatched
FBgn0186513	Dsim\GD14840	GD14840			unmatched
FBgn0186514	Dsim\GD14841	GD14841			unmatched
FBgn0186517	Dsim\GD14844	GD14844			unmatched
FBgn0186518	Dsim\GD14845	GD14845			unmatched
FBgn0186519	Dsim\GD14846	GD14846			unmatched
FBgn0186520	Dsim\GD14847	GD14847			unmatched
FBgn0186521	Dsim\GD14848	GD14848			unmatched
FBgn0186522	Dsim\GD14849	GD14849			unmatched
FBgn0186524	Dsim\GD14851	GD14851			unmatched
FBgn0186526	Dsim\GD14853	GD14853			unmatched
FBgn0186527	Dsim\GD14854	GD14854			unmatched
FBgn0186530	Dsim\GD14857	GD14857			unmatched
FBgn0186531	Dsim\GD14858	GD14858			unmatched
FBgn0186532	Dsim\GD14859	GD14859			unmatched
FBgn0186533	Dsim\GD14860	GD14860			unmatched
FBgn0186534	Dsim\GD14861	GD14861			unmatched
FBgn0186535	Dsim\GD14862	GD14862			unmatched
FBgn0186536	Dsim\GD14863	GD14863			unmatched
FBgn0186537	Dsim\GD14864	GD14864			unmatched
FBgn0186538	Dsim\GD14865	GD14865			unmatched
FBgn0186541	Dsim\GD14868	GD14868			unmatched
FBgn0186542	Dsim\GD14869	GD14869			unmatched
FBgn0186543	Dsim\GD14870	GD14870			unmatched
FBgn0186544	Dsim\GD14871	GD14871			unmatched
FBgn0186545	Dsim\GD14872	GD14872			unmatched
FBgn0186546	Dsim\GD14873	GD14873			unmatched
FBgn0186547	Dsim\GD14874	GD14874			unmatched
FBgn0186548	Dsim\GD14876	GD14876			unmatched
FBgn0186549	Dsim\GD14877	GD14877			unmatched
FBgn0186550	Dsim\GD14878	GD14878			unmatched
FBgn0186551	Dsim\GD14879	GD14879			unmatched
FBgn0186552	Dsim\GD14880	GD14880			unmatched
FBgn0186553	Dsim\GD14881	GD14881			unmatched
FBgn0186554	Dsim\GD14882	GD14882			unmatched
FBgn0186555	Dsim\GD14883	GD14883			unmatched
FBgn0186556	Dsim\GD14884	GD14884			unmatched
FBgn0186557	Dsim\GD14885	GD14885			unmatched
FBgn0186558	Dsim\GD14886	GD14886			unmatched
FBgn0186559	Dsim\GD14887	GD14887			unmatched
FBgn0186560	Dsim\GD14888	GD14888			unmatched
FBgn0186561	Dsim\GD14889	GD14889			unmatched
FBgn0186562	Dsim\GD14890	GD14890			unmatched
FBgn0186563	Dsim\GD14891	GD14891			unmatched
FBgn0186564	Dsim\GD14892	GD14892			unmatched
FBgn0186566	Dsim\GD14894	GD14894			unmatched
FBgn0186567	Dsim\GD14895	GD14895			unmatched
FBgn0186568	Dsim\GD14896	GD14896			unmatched
FBgn0186569	Dsim\GD14897	GD14897			unmatched
FBgn0186570	Dsim\GD14898	GD14898			unmatched
FBgn0186571	Dsim\GD14899	GD14899			unmatched
FBgn0186572	Dsim\GD14900	GD14900			unmatched
FBgn0186574	Dsim\GD14902	GD14902			unmatched
FBgn0186576	Dsim\GD14904	GD14904			unmatched
FBgn0186577	Dsim\GD14905	GD14905			unmatched
FBgn0186578	Dsim\GD14906	GD14906			unmatched
FBgn0186579	Dsim\GD14907	GD14907			unmatched
FBgn0186580	Dsim\GD14908	GD14908			unmatched
FBgn0186581	Dsim\GD14909	GD14909			unmatched
FBgn0186583	Dsim\GD14911	GD14911			unmatched
FBgn0186586	Dsim\GD14914	GD14914			unmatched
FBgn0186587	Dsim\GD14915	GD14915			unmatched
FBgn0186588	Dsim\GD14916	GD14916			unmatched
FBgn0186589	Dsim\GD14917	GD14917			unmatched
FBgn0186590	Dsim\GD14918	GD14918			unmatched
FBgn0186593	Dsim\GD14921	GD14921			unmatched
FBgn0186595	Dsim\GD14923	GD14923			unmatched
FBgn0186597	Dsim\GD14925	GD14925			unmatched
FBgn0186598	Dsim\GD14926	GD14926			unmatched
FBgn0186599	Dsim\GD14927	GD14927			unmatched
FBgn0186601	Dsim\GD14929	GD14929			unmatched
FBgn0186602	Dsim\GD14930	GD14930			unmatched
FBgn0186604	Dsim\GD14932	GD14932			unmatched
FBgn0186606	Dsim\GD14934	GD14934			unmatched
FBgn0186607	Dsim\GD14935	GD14935			unmatched
FBgn0186608	Dsim\GD14936	GD14936			unmatched
FBgn0186609	Dsim\GD14937	GD14937			unmatched
FBgn0186610	Dsim\GD14938	GD14938			unmatched
FBgn0186611	Dsim\GD14939	GD14939			unmatched
FBgn0186613	Dsim\GD14941	GD14941			unmatched
FBgn0186614	Dsim\GD14942	GD14942			unmatched
FBgn0186615	Dsim\GD14943	GD14943			unmatched
FBgn0186616	Dsim\GD14944	GD14944			unmatched
FBgn0186618	Dsim\GD14946	GD14946			unmatched
FBgn0186619	Dsim\GD14947	GD14947			unmatched
FBgn0186620	Dsim\GD14948	GD14948			unmatched
FBgn0186621	Dsim\GD14949	GD14949			unmatched
FBgn0186622	Dsim\GD14950	GD14950			unmatched
FBgn0186623	Dsim\GD14951	GD14951			unmatched
FBgn0186624	Dsim\GD14952	GD14952			unmatched
FBgn0186625	Dsim\GD14953	GD14953			unmatched
FBgn0186626	Dsim\GD14954	GD14954			unmatched
FBgn0186627	Dsim\GD14955	GD14955			unmatched
FBgn0186628	Dsim\GD14956	GD14956			unmatched
FBgn0186629	Dsim\GD14957	GD14957			unmatched
FBgn0186630	Dsim\GD14958	GD14958			unmatched
FBgn0186631	Dsim\GD14959	GD14959			unmatched
FBgn0186634	Dsim\GD14962	GD14962			unmatched
FBgn0186636	Dsim\GD14964	GD14964			unmatched
FBgn0186637	Dsim\GD14965	GD14965			unmatched
FBgn0186638	Dsim\GD14966	GD14966			unmatched
FBgn0186639	Dsim\GD14967	GD14967			unmatched
FBgn0186640	Dsim\GD14968	GD14968			unmatched
FBgn0186641	Dsim\GD14969	GD14969			unmatched
FBgn0186642	Dsim\GD14970	GD14970			unmatched
FBgn0186643	Dsim\GD14971	GD14971			unmatched
FBgn0186644	Dsim\GD14972	GD14972			unmatched
FBgn0186645	Dsim\GD14973	GD14973			unmatched
FBgn0186647	Dsim\GD14975	GD14975			unmatched
FBgn0186649	Dsim\GD14977	GD14977			unmatched
FBgn0186650	Dsim\GD14978	GD14978			unmatched
FBgn0186651	Dsim\GD14979	GD14979			unmatched
FBgn0186653	Dsim\GD14981	GD14981			unmatched
FBgn0186654	Dsim\GD14982	GD14982			unmatched
FBgn0186655	Dsim\GD14983	GD14983			unmatched
FBgn0186656	Dsim\GD14984	GD14984			unmatched
FBgn0186657	Dsim\GD14985	GD14985			unmatched
FBgn0186658	Dsim\GD14986	GD14986			unmatched
FBgn0186661	Dsim\GD14989	GD14989			unmatched
FBgn0186662	Dsim\GD14990	GD14990			unmatched
FBgn0186666	Dsim\GD14994	GD14994			unmatched
FBgn0186668	Dsim\GD14996	GD14996			unmatched
FBgn0186670	Dsim\GD14998	GD14998			unmatched
FBgn0186673	Dsim\GD15001	GD15001			unmatched
FBgn0186674	Dsim\GD15002	GD15002			unmatched
FBgn0186675	Dsim\GD15003	GD15003			unmatched
FBgn0186677	Dsim\GD15005	GD15005			unmatched
FBgn0186681	Dsim\GD15009	GD15009			unmatched
FBgn0186682	Dsim\GD15010	GD15010			unmatched
FBgn0186683	Dsim\GD15011	GD15011			unmatched
FBgn0186684	Dsim\GD15012	GD15012			unmatched
FBgn0186685	Dsim\GD15013	GD15013			unmatched
FBgn0186686	Dsim\GD15014	GD15014			unmatched
FBgn0186687	Dsim\GD15015	GD15015			unmatched
FBgn0186688	Dsim\GD15016	GD15016			unmatched
FBgn0186690	Dsim\GD15018	GD15018			unmatched
FBgn0186691	Dsim\GD15019	GD15019			unmatched
FBgn0186694	Dsim\GD15022	GD15022			unmatched
FBgn0186695	Dsim\GD15023	GD15023			unmatched
FBgn0186696	Dsim\GD15024	GD15024			unmatched
FBgn0186697	Dsim\GD15025	GD15025			unmatched
FBgn0186698	Dsim\GD15026	GD15026			unmatched
FBgn0186700	Dsim\GD15028	GD15028			unmatched
FBgn0186701	Dsim\GD15029	GD15029			unmatched
FBgn0186702	Dsim\GD15030	GD15030			unmatched
FBgn0186703	Dsim\GD15031	GD15031			unmatched
FBgn0186704	Dsim\GD15032	GD15032			unmatched
FBgn0186705	Dsim\GD15033	GD15033			unmatched
FBgn0186706	Dsim\GD15034	GD15034			unmatched
FBgn0186707	Dsim\GD15035	GD15035			unmatched
FBgn0186708	Dsim\GD15036	GD15036			unmatched
FBgn0186709	Dsim\GD15037	GD15037			unmatched
FBgn0186710	Dsim\GD15038	GD15038			unmatched
FBgn0186711	Dsim\GD15039	GD15039			unmatched
FBgn0186712	Dsim\GD15040	GD15040			unmatched
FBgn0186715	Dsim\GD15043	GD15043			unmatched
FBgn0186716	Dsim\GD15044	GD15044			unmatched
FBgn0186717	Dsim\GD15045	GD15045			unmatched
FBgn0186718	Dsim\GD15046	GD15046			unmatched
FBgn0186719	Dsim\GD15047	GD15047			unmatched
FBgn0186720	Dsim\GD15048	GD15048			unmatched
FBgn0186721	Dsim\GD15049	GD15049			unmatched
FBgn0186722	Dsim\GD15050	GD15050			unmatched
FBgn0186723	Dsim\GD15051	GD15051			unmatched
FBgn0186724	Dsim\GD15052	GD15052			unmatched
FBgn0186725	Dsim\GD15053	GD15053			unmatched
FBgn0186726	Dsim\GD15054	GD15054			unmatched
FBgn0186727	Dsim\GD15055	GD15055			unmatched
FBgn0186728	Dsim\GD15056	GD15056			unmatched
FBgn0186729	Dsim\GD15057	GD15057			unmatched
FBgn0186730	Dsim\GD15058	GD15058			unmatched
FBgn0186731	Dsim\GD15059	GD15059			unmatched
FBgn0186732	Dsim\GD15060	GD15060			unmatched
FBgn0186733	Dsim\GD15061	GD15061			unmatched
FBgn0186734	Dsim\GD15062	GD15062			unmatched
FBgn0186735	Dsim\GD15063	GD15063			unmatched
FBgn0186736	Dsim\GD15064	GD15064			unmatched
FBgn0186738	Dsim\GD15066	GD15066			unmatched
FBgn0186739	Dsim\GD15067	GD15067			unmatched
FBgn0186741	Dsim\GD15069	GD15069			unmatched
FBgn0186743	Dsim\GD15071	GD15071			unmatched
FBgn0186745	Dsim\GD15073	GD15073			unmatched
FBgn0186746	Dsim\GD15074	GD15074			unmatched
FBgn0186747	Dsim\GD15075	GD15075			unmatched
FBgn0186748	Dsim\GD15076	GD15076			unmatched
FBgn0186750	Dsim\GD15078	GD15078			unmatched
FBgn0186751	Dsim\GD15079	GD15079			unmatched
FBgn0186754	Dsim\GD15082	GD15082			unmatched
FBgn0186755	Dsim\GD15083	GD15083			unmatched
FBgn0186756	Dsim\GD15084	GD15084			unmatched
FBgn0186758	Dsim\GD15086	GD15086			unmatched
FBgn0186759	Dsim\GD15087	GD15087			unmatched
FBgn0186761	Dsim\GD15089	GD15089			unmatched
FBgn0186763	Dsim\GD15091	GD15091			unmatched
FBgn0186764	Dsim\GD15092	GD15092			unmatched
FBgn0186767	Dsim\GD15096	GD15096			unmatched
FBgn0186768	Dsim\GD15097	GD15097			unmatched
FBgn0186769	Dsim\GD15098	GD15098			unmatched
FBgn0186770	Dsim\GD15099	GD15099			unmatched
FBgn0186771	Dsim\GD15100	GD15100			unmatched
FBgn0186773	Dsim\GD15102	GD15102			unmatched
FBgn0186775	Dsim\GD15104	GD15104			unmatched
FBgn0186778	Dsim\GD15107	GD15107			unmatched
FBgn0186782	Dsim\GD15111	GD15111			unmatched
FBgn0186783	Dsim\GD15112	GD15112			unmatched
FBgn0186788	Dsim\GD15117	GD15117			unmatched
FBgn0186789	Dsim\GD15118	GD15118			unmatched
FBgn0186791	Dsim\GD15120	GD15120			unmatched
FBgn0186792	Dsim\GD15121	GD15121			unmatched
FBgn0186793	Dsim\GD15122	GD15122			unmatched
FBgn0186797	Dsim\GD15126	GD15126			unmatched
FBgn0186798	Dsim\GD15127	GD15127			unmatched
FBgn0186799	Dsim\GD15128	GD15128			unmatched
FBgn0186804	Dsim\GD15133	GD15133			unmatched
FBgn0186806	Dsim\GD15135	GD15135			unmatched
FBgn0186807	Dsim\GD15136	GD15136			unmatched
FBgn0186808	Dsim\GD15137	GD15137			unmatched
FBgn0186809	Dsim\MtnC	MtnC	FBgn0038790	MtnC	matched
FBgn0186812	Dsim\GD15142	GD15142			unmatched
FBgn0186814	Dsim\GD15144	GD15144			unmatched
FBgn0186815	Dsim\GD15145	GD15145			unmatched
FBgn0186816	Dsim\GD15146	GD15146			unmatched
FBgn0186819	Dsim\GD15149	GD15149			unmatched
FBgn0186825	Dsim\GD15155	GD15155			unmatched
FBgn0186826	Dsim\GD15156	GD15156			unmatched
FBgn0186827	Dsim\GD15157	GD15157			unmatched
FBgn0186829	Dsim\GD15159	GD15159			unmatched
FBgn0186830	Dsim\GD15160	GD15160			unmatched
FBgn0186833	Dsim\GD15163	GD15163			unmatched
FBgn0186835	Dsim\GD15165	GD15165			unmatched
FBgn0186838	Dsim\GD15168	GD15168			unmatched
FBgn0186839	Dsim\GD15169	GD15169			unmatched
FBgn0186843	Dsim\GD15173	GD15173			unmatched
FBgn0186844	Dsim\GD15174	GD15174			unmatched
FBgn0186847	Dsim\GD15177	GD15177			unmatched
FBgn0186848	Dsim\GD15178	GD15178			unmatched
FBgn0186849	Dsim\GD15179	GD15179			unmatched
FBgn0186850	Dsim\GD15180	GD15180			unmatched
FBgn0186852	Dsim\GD15182	GD15182			unmatched
FBgn0186856	Dsim\GD15186	GD15186			unmatched
FBgn0186857	Dsim\GD15187	GD15187			unmatched
FBgn0186858	Dsim\GD15188	GD15188			unmatched
FBgn0186860	Dsim\GD15190	GD15190			unmatched
FBgn0186862	Dsim\GD15192	GD15192			unmatched
FBgn0186865	Dsim\GD15195	GD15195			unmatched
FBgn0186866	Dsim\GD15196	GD15196			unmatched
FBgn0186867	Dsim\GD15197	GD15197			unmatched
FBgn0186868	Dsim\GD15198	GD15198			unmatched
FBgn0186869	Dsim\GD15199	GD15199			unmatched
FBgn0186870	Dsim\GD15200	GD15200			unmatched
FBgn0186872	Dsim\GD15202	GD15202			unmatched
FBgn0186875	Dsim\GD15205	GD15205			unmatched
FBgn0186876	Dsim\GD15206	GD15206			unmatched
FBgn0186878	Dsim\GD15208	GD15208			unmatched
FBgn0186879	Dsim\GD15209	GD15209			unmatched
FBgn0186880	Dsim\GD15210	GD15210			unmatched
FBgn0186881	Dsim\GD15211	GD15211			unmatched
FBgn0186882	Dsim\GD15212	GD15212			unmatched
FBgn0186883	Dsim\Obp56d	Obp56d	FBgn0034470	Obp56d	matched
FBgn0186885	Dsim\GD15215	GD15215			unmatched
FBgn0186886	Dsim\GD15216	GD15216			unmatched
FBgn0186888	Dsim\GD15218	GD15218			unmatched
FBgn0186890	Dsim\GD15220	GD15220			unmatched
FBgn0186891	Dsim\GD15221	GD15221			unmatched
FBgn0186894	Dsim\GD15224	GD15224			unmatched
FBgn0186895	Dsim\GD15225	GD15225			unmatched
FBgn0186896	Dsim\GD15226	GD15226			unmatched
FBgn0186900	Dsim\GD15230	GD15230			unmatched
FBgn0186901	Dsim\GD15231	GD15231			unmatched
FBgn0186903	Dsim\GD15233	GD15233			unmatched
FBgn0186905	Dsim\GD15235	GD15235			unmatched
FBgn0186908	Dsim\GD15239	GD15239			unmatched
FBgn0186909	Dsim\GD15240	GD15240			unmatched
FBgn0186911	Dsim\GD15243	GD15243			unmatched
FBgn0186912	Dsim\GD15244	GD15244			unmatched
FBgn0186916	Dsim\GD15248	GD15248			unmatched
FBgn0186918	Dsim\GD15250	GD15250			unmatched
FBgn0186919	Dsim\GD15251	GD15251			unmatched
FBgn0186920	Dsim\GD15252	GD15252			unmatched
FBgn0186921	Dsim\GD15253	GD15253			unmatched
FBgn0186922	Dsim\GD15254	GD15254			unmatched
FBgn0186923	Dsim\GD15255	GD15255			unmatched
FBgn0186924	Dsim\GD15256	GD15256			unmatched
FBgn0186925	Dsim\GD15257	GD15257			unmatched
FBgn0186927	Dsim\GD15259	GD15259			unmatched
FBgn0186930	Dsim\GD15262	GD15262			unmatched
FBgn0186933	Dsim\GD15265	GD15265			unmatched
FBgn0186937	Dsim\GD15269	GD15269			unmatched
FBgn0186938	Dsim\GD15270	GD15270			unmatched
FBgn0186941	Dsim\GD15273	GD15273			unmatched
FBgn0186943	Dsim\GD15275	GD15275			unmatched
FBgn0186945	Dsim\GD15277	GD15277			unmatched
FBgn0186946	Dsim\GD15278	GD15278			unmatched
FBgn0186947	Dsim\GD15279	GD15279			unmatched
FBgn0186948	Dsim\GD15280	GD15280			unmatched
FBgn0186949	Dsim\GD15281	GD15281			unmatched
FBgn0186951	Dsim\GD15283	GD15283			unmatched
FBgn0186953	Dsim\GD15285	GD15285			unmatched
FBgn0186954	Dsim\GD15286	GD15286			unmatched
FBgn0186955	Dsim\GD15287	GD15287			unmatched
FBgn0186956	Dsim\GD15288	GD15288			unmatched
FBgn0186957	Dsim\GD15289	GD15289			unmatched
FBgn0186959	Dsim\GD15291	GD15291			unmatched
FBgn0186962	Dsim\GD15294	GD15294			unmatched
FBgn0186963	Dsim\GD15295	GD15295			unmatched
FBgn0186964	Dsim\GD15296	GD15296			unmatched
FBgn0186965	Dsim\GD15297	GD15297			unmatched
FBgn0186968	Dsim\GD15300	GD15300			unmatched
FBgn0186970	Dsim\GD15302	GD15302			unmatched
FBgn0186971	Dsim\GD15303	GD15303			unmatched
FBgn0186973	Dsim\GD15305	GD15305			unmatched
FBgn0186974	Dsim\GD15306	GD15306			unmatched
FBgn0186975	Dsim\GD15307	GD15307			unmatched
FBgn0186976	Dsim\GD15308	GD15308			unmatched
FBgn0186978	Dsim\GD15310	GD15310			unmatched
FBgn0186981	Dsim\GD15313	GD15313			unmatched
FBgn0186982	Dsim\GD15314	GD15314			unmatched
FBgn0186986	Dsim\GD15318	GD15318			unmatched
FBgn0186988	Dsim\GD15320	GD15320			unmatched
FBgn0186993	Dsim\GD15325	GD15325			unmatched
FBgn0187002	Dsim\GD15334	GD15334			unmatched
FBgn0187003	Dsim\GD15335	GD15335			unmatched
FBgn0187005	Dsim\GD15337	GD15337			unmatched
FBgn0187006	Dsim\GD15338	GD15338			unmatched
FBgn0187007	Dsim\GD15339	GD15339			unmatched
FBgn0187008	Dsim\GD15340	GD15340			unmatched
FBgn0187009	Dsim\GD15341	GD15341			unmatched
FBgn0187018	Dsim\GD15350	GD15350			unmatched
FBgn0187023	Dsim\GD15355	GD15355			unmatched
FBgn0187024	Dsim\GD15356	GD15356			unmatched
FBgn0187025	Dsim\GD15357	GD15357			unmatched
FBgn0187026	Dsim\GD15358	GD15358			unmatched
FBgn0187027	Dsim\GD15359	GD15359			unmatched
FBgn0187028	Dsim\GD15360	GD15360			unmatched
FBgn0187031	Dsim\GD15363	GD15363			unmatched
FBgn0187033	Dsim\GD15365	GD15365			unmatched
FBgn0187036	Dsim\GD15368	GD15368			unmatched
FBgn0187037	Dsim\GD15369	GD15369			unmatched
FBgn0187041	Dsim\GD15373	GD15373			unmatched
FBgn0187042	Dsim\GD15374	GD15374			unmatched
FBgn0187043	Dsim\GD15375	GD15375			unmatched
FBgn0187046	Dsim\GD15378	GD15378			unmatched
FBgn0187047	Dsim\GD15379	GD15379			unmatched
FBgn0187048	Dsim\GD15380	GD15380			unmatched
FBgn0187049	Dsim\GD15381	GD15381			unmatched
FBgn0187050	Dsim\GD15382	GD15382			unmatched
FBgn0187053	Dsim\GD15385	GD15385			unmatched
FBgn0187055	Dsim\GD15387	GD15387			unmatched
FBgn0187056	Dsim\GD15388	GD15388			unmatched
FBgn0187058	Dsim\GD15390	GD15390			unmatched
FBgn0187059	Dsim\GD15391	GD15391			unmatched
FBgn0187060	Dsim\GD15392	GD15392			unmatched
FBgn0187061	Dsim\GD15393	GD15393			unmatched
FBgn0187062	Dsim\GD15394	GD15394			unmatched
FBgn0187064	Dsim\GD15396	GD15396			unmatched
FBgn0187065	Dsim\GD15397	GD15397			unmatched
FBgn0187066	Dsim\GD15398	GD15398			unmatched
FBgn0187068	Dsim\GD15400	GD15400			unmatched
FBgn0187069	Dsim\GD15401	GD15401			unmatched
FBgn0187072	Dsim\GD15404	GD15404			unmatched
FBgn0187073	Dsim\GD15406	GD15406			unmatched
FBgn0187074	Dsim\GD15407	GD15407			unmatched
FBgn0187076	Dsim\GD15409	GD15409			unmatched
FBgn0187077	Dsim\GD15410	GD15410			unmatched
FBgn0187078	Dsim\GD15411	GD15411			unmatched
FBgn0187079	Dsim\GD15412	GD15412			unmatched
FBgn0187080	Dsim\GD15413	GD15413			unmatched
FBgn0187099	Dsim\GD15432	GD15432			unmatched
FBgn0187100	Dsim\GD15433	GD15433			unmatched
FBgn0187103	Dsim\GD15436	GD15436			unmatched
FBgn0187104	Dsim\GD15437	GD15437			unmatched
FBgn0187106	Dsim\GD15439	GD15439			unmatched
FBgn0187107	Dsim\GD15440	GD15440			unmatched
FBgn0187108	Dsim\GD15441	GD15441			unmatched
FBgn0187112	Dsim\GD15445	GD15445			unmatched
FBgn0187113	Dsim\GD15446	GD15446			unmatched
FBgn0187114	Dsim\GD15447	GD15447			unmatched
FBgn0187115	Dsim\GD15448	GD15448			unmatched
FBgn0187118	Dsim\GD15451	GD15451			unmatched
FBgn0187119	Dsim\GD15452	GD15452			unmatched
FBgn0187120	Dsim\GD15453	GD15453			unmatched
FBgn0187121	Dsim\GD15454	GD15454			unmatched
FBgn0187122	Dsim\GD15455	GD15455			unmatched
FBgn0187124	Dsim\GD15457	GD15457			unmatched
FBgn0187126	Dsim\GD15459	GD15459			unmatched
FBgn0187127	Dsim\GD15460	GD15460			unmatched
FBgn0187128	Dsim\GD15461	GD15461			unmatched
FBgn0187130	Dsim\GD15463	GD15463			unmatched
FBgn0187131	Dsim\Dat	Dat			unmatched
FBgn0187132	Dsim\GD15465	GD15465			unmatched
FBgn0187133	Dsim\GD15466	GD15466			unmatched
FBgn0187134	Dsim\GD15467	GD15467			unmatched
FBgn0187135	Dsim\GD15468	GD15468			unmatched
FBgn0187136	Dsim\GD15469	GD15469			unmatched
FBgn0187137	Dsim\GD15470	GD15470			unmatched
FBgn0187138	Dsim\GD15471	GD15471			unmatched
FBgn0187139	Dsim\GD15472	GD15472			unmatched
FBgn0187141	Dsim\GD15474	GD15474			unmatched
FBgn0187142	Dsim\GD15475	GD15475			unmatched
FBgn0187143	Dsim\GD15476	GD15476			unmatched
FBgn0187144	Dsim\GD15477	GD15477			unmatched
FBgn0187147	Dsim\GD15480	GD15480			unmatched
FBgn0187148	Dsim\GD15481	GD15481			unmatched
FBgn0187149	Dsim\GD15482	GD15482			unmatched
FBgn0187150	Dsim\GD15483	GD15483			unmatched
FBgn0187151	Dsim\GD15484	GD15484			unmatched
FBgn0187152	Dsim\GD15485	GD15485			unmatched
FBgn0187153	Dsim\GD15486	GD15486			unmatched
FBgn0187155	Dsim\GD15488	GD15488			unmatched
FBgn0187156	Dsim\GD15489	GD15489			unmatched
FBgn0187157	Dsim\GD15490	GD15490			unmatched
FBgn0187158	Dsim\GD15491	GD15491			unmatched
FBgn0187160	Dsim\GD15493	GD15493			unmatched
FBgn0187162	Dsim\GD15495	GD15495			unmatched
FBgn0187163	Dsim\GD15496	GD15496			unmatched
FBgn0187164	Dsim\GD15497	GD15497			unmatched
FBgn0187165	Dsim\GD15498	GD15498			unmatched
FBgn0187166	Dsim\GD15499	GD15499			unmatched
FBgn0187167	Dsim\GD15500	GD15500			unmatched
FBgn0187168	Dsim\GD15501	GD15501			unmatched
FBgn0187169	Dsim\GD15502	GD15502			unmatched
FBgn0187170	Dsim\GD15503	GD15503			unmatched
FBgn0187171	Dsim\GD15504	GD15504			unmatched
FBgn0187172	Dsim\GD15505	GD15505			unmatched
FBgn0187175	Dsim\GD15508	GD15508			unmatched
FBgn0187176	Dsim\GD15509	GD15509			unmatched
FBgn0187177	Dsim\GD15510	GD15510			unmatched
FBgn0187178	Dsim\GD15511	GD15511			unmatched
FBgn0187180	Dsim\GD15513	GD15513			unmatched
FBgn0187181	Dsim\GD15514	GD15514			unmatched
FBgn0187182	Dsim\GD15515	GD15515			unmatched
FBgn0187183	Dsim\GD15516	GD15516			unmatched
FBgn0187185	Dsim\GD15518	GD15518			unmatched
FBgn0187186	Dsim\GD15519	GD15519			unmatched
FBgn0187187	Dsim\GD15520	GD15520			unmatched
FBgn0187189	Dsim\GD15522	GD15522			unmatched
FBgn0187190	Dsim\GD15523	GD15523			unmatched
FBgn0187192	Dsim\GD15525	GD15525			unmatched
FBgn0187193	Dsim\GD15526	GD15526			unmatched
FBgn0187197	Dsim\GD15530	GD15530			unmatched
FBgn0187199	Dsim\GD15533	GD15533			unmatched
FBgn0187200	Dsim\GD15534	GD15534			unmatched
FBgn0187201	Dsim\GD15535	GD15535			unmatched
FBgn0187202	Dsim\GD15536	GD15536			unmatched
FBgn0187203	Dsim\Obp19c	Obp19c	FBgn0031111	Obp19c	matched
FBgn0187204	Dsim\GD15538	GD15538			unmatched
FBgn0187205	Dsim\GD15539	GD15539			unmatched
FBgn0187206	Dsim\GD15540	GD15540			unmatched
FBgn0187208	Dsim\GD15542	GD15542			unmatched
FBgn0187212	Dsim\GD15546	GD15546			unmatched
FBgn0187213	Dsim\GD15547	GD15547			unmatched
FBgn0187214	Dsim\GD15548	GD15548			unmatched
FBgn0187216	Dsim\GD15550	GD15550			unmatched
FBgn0187217	Dsim\GD15551	GD15551			unmatched
FBgn0187220	Dsim\GD15554	GD15554			unmatched
FBgn0187221	Dsim\GD15555	GD15555			unmatched
FBgn0187224	Dsim\GD15558	GD15558			unmatched
FBgn0187225	Dsim\GD15559	GD15559			unmatched
FBgn0187228	Dsim\GD15562	GD15562			unmatched
FBgn0187229	Dsim\GD15563	GD15563			unmatched
FBgn0187231	Dsim\GD15566	GD15566			unmatched
FBgn0187233	Dsim\GD15568	GD15568			unmatched
FBgn0187234	Dsim\GD15569	GD15569			unmatched
FBgn0187236	Dsim\GD15571	GD15571			unmatched
FBgn0187237	Dsim\GD15572	GD15572			unmatched
FBgn0187238	Dsim\GD15573	GD15573			unmatched
FBgn0187240	Dsim\GD15575	GD15575			unmatched
FBgn0187241	Dsim\GD15576	GD15576			unmatched
FBgn0187243	Dsim\GD15578	GD15578			unmatched
FBgn0187244	Dsim\GD15579	GD15579			unmatched
FBgn0187245	Dsim\GD15580	GD15580			unmatched
FBgn0187246	Dsim\GD15581	GD15581			unmatched
FBgn0187249	Dsim\GD15584	GD15584			unmatched
FBgn0187250	Dsim\GD15585	GD15585			unmatched
FBgn0187251	Dsim\GD15586	GD15586			unmatched
FBgn0187252	Dsim\GD15587	GD15587			unmatched
FBgn0187253	Dsim\GD15588	GD15588			unmatched
FBgn0187254	Dsim\GD15589	GD15589			unmatched
FBgn0187256	Dsim\GD15591	GD15591			unmatched
FBgn0187258	Dsim\GD15593	GD15593			unmatched
FBgn0187260	Dsim\GD15595	GD15595			unmatched
FBgn0187262	Dsim\GD15597	GD15597			unmatched
FBgn0187263	Dsim\GD15598	GD15598			unmatched
FBgn0187264	Dsim\GD15599	GD15599			unmatched
FBgn0187265	Dsim\GD15600	GD15600			unmatched
FBgn0187267	Dsim\GD15602	GD15602			unmatched
FBgn0187268	Dsim\Obp18a	Obp18a	FBgn0030985	Obp18a	matched
FBgn0187272	Dsim\GD15607	GD15607			unmatched
FBgn0187273	Dsim\GD15608	GD15608			unmatched
FBgn0187276	Dsim\GD15611	GD15611			unmatched
FBgn0187277	Dsim\GD15612	GD15612			unmatched
FBgn0187279	Dsim\GD15615	GD15615			unmatched
FBgn0187280	Dsim\GD15616	GD15616			unmatched
FBgn0187282	Dsim\GD15618	GD15618			unmatched
FBgn0187285	Dsim\GD15621	GD15621			unmatched
FBgn0187286	Dsim\GD15622	GD15622			unmatched
FBgn0187287	Dsim\GD15623	GD15623			unmatched
FBgn0187289	Dsim\GD15625	GD15625			unmatched
FBgn0187291	Dsim\GD15627	GD15627			unmatched
FBgn0187293	Dsim\GD15630	GD15630			unmatched
FBgn0187294	Dsim\GD15631	GD15631			unmatched
FBgn0187295	Dsim\GD15632	GD15632			unmatched
FBgn0187296	Dsim\GD15633	GD15633			unmatched
FBgn0187297	Dsim\GD15634	GD15634			unmatched
FBgn0187300	Dsim\GD15637	GD15637			unmatched
FBgn0187301	Dsim\GD15638	GD15638			unmatched
FBgn0187305	Dsim\GD15643	GD15643			unmatched
FBgn0187306	Dsim\GD15644	GD15644			unmatched
FBgn0187308	Dsim\GD15646	GD15646			unmatched
FBgn0187309	Dsim\GD15647	GD15647			unmatched
FBgn0187310	Dsim\GD15648	GD15648			unmatched
FBgn0187312	Dsim\GD15650	GD15650			unmatched
FBgn0187315	Dsim\GD15653	GD15653			unmatched
FBgn0187317	Dsim\GD15655	GD15655			unmatched
FBgn0187319	Dsim\GD15657	GD15657			unmatched
FBgn0187320	Dsim\GD15658	GD15658			unmatched
FBgn0187321	Dsim\GD15659	GD15659			unmatched
FBgn0187322	Dsim\GD15660	GD15660			unmatched
FBgn0187323	Dsim\GD15661	GD15661			unmatched
FBgn0187324	Dsim\GD15662	GD15662			unmatched
FBgn0187327	Dsim\GD15665	GD15665			unmatched
FBgn0187328	Dsim\GD15666	GD15666			unmatched
FBgn0187330	Dsim\GD15668	GD15668			unmatched
FBgn0187332	Dsim\GD15670	GD15670			unmatched
FBgn0187334	Dsim\GD15672	GD15672			unmatched
FBgn0187335	Dsim\GD15673	GD15673			unmatched
FBgn0187336	Dsim\GD15674	GD15674			unmatched
FBgn0187337	Dsim\GD15675	GD15675			unmatched
FBgn0187338	Dsim\GD15676	GD15676			unmatched
FBgn0187339	Dsim\GD15677	GD15677			unmatched
FBgn0187340	Dsim\GD15678	GD15678			unmatched
FBgn0187342	Dsim\GD15680	GD15680			unmatched
FBgn0187343	Dsim\GD15681	GD15681			unmatched
FBgn0187344	Dsim\GD15682	GD15682			unmatched
FBgn0187347	Dsim\GD15685	GD15685			unmatched
FBgn0187349	Dsim\GD15687	GD15687			unmatched
FBgn0187350	Dsim\GD15688	GD15688			unmatched
FBgn0187352	Dsim\GD15690	GD15690			unmatched
FBgn0187353	Dsim\GD15691	GD15691			unmatched
FBgn0187354	Dsim\GD15692	GD15692			unmatched
FBgn0187355	Dsim\GD15693	GD15693			unmatched
FBgn0187356	Dsim\GD15694	GD15694			unmatched
FBgn0187357	Dsim\GD15695	GD15695			unmatched
FBgn0187359	Dsim\GD15697	GD15697			unmatched
FBgn0187360	Dsim\GD15698	GD15698			unmatched
FBgn0187364	Dsim\GD15703	GD15703			unmatched
FBgn0187365	Dsim\GD15704	GD15704			unmatched
FBgn0187366	Dsim\GD15705	GD15705			unmatched
FBgn0187369	Dsim\GD15708	GD15708			unmatched
FBgn0187372	Dsim\GD15711	GD15711			unmatched
FBgn0187373	Dsim\GD15712	GD15712			unmatched
FBgn0187374	Dsim\GD15713	GD15713			unmatched
FBgn0187375	Dsim\GD15714	GD15714			unmatched
FBgn0187376	Dsim\GD15715	GD15715			unmatched
FBgn0187377	Dsim\GD15716	GD15716			unmatched
FBgn0187378	Dsim\GD15717	GD15717			unmatched
FBgn0187379	Dsim\GD15718	GD15718			unmatched
FBgn0187380	Dsim\GD15719	GD15719			unmatched
FBgn0187381	Dsim\GD15720	GD15720			unmatched
FBgn0187382	Dsim\GD15721	GD15721			unmatched
FBgn0187383	Dsim\GD15722	GD15722			unmatched
FBgn0187384	Dsim\GD15723	GD15723			unmatched
FBgn0187385	Dsim\GD15724	GD15724			unmatched
FBgn0187386	Dsim\GD15725	GD15725			unmatched
FBgn0187387	Dsim\GD15726	GD15726			unmatched
FBgn0187388	Dsim\GD15727	GD15727			unmatched
FBgn0187389	Dsim\GD15728	GD15728			unmatched
FBgn0187391	Dsim\GD15730	GD15730			unmatched
FBgn0187392	Dsim\GD15731	GD15731			unmatched
FBgn0187393	Dsim\GD15732	GD15732			unmatched
FBgn0187394	Dsim\GD15733	GD15733			unmatched
FBgn0187395	Dsim\GD15734	GD15734			unmatched
FBgn0187396	Dsim\GD15735	GD15735			unmatched
FBgn0187398	Dsim\GD15737	GD15737			unmatched
FBgn0187399	Dsim\GD15738	GD15738			unmatched
FBgn0187401	Dsim\GD15740	GD15740			unmatched
FBgn0187402	Dsim\GD15741	GD15741			unmatched
FBgn0187403	Dsim\GD15742	GD15742			unmatched
FBgn0187404	Dsim\GD15743	GD15743			unmatched
FBgn0187405	Dsim\GD15744	GD15744			unmatched
FBgn0187406	Dsim\GD15745	GD15745			unmatched
FBgn0187407	Dsim\GD15746	GD15746			unmatched
FBgn0187408	Dsim\GD15747	GD15747			unmatched
FBgn0187409	Dsim\GD15748	GD15748			unmatched
FBgn0187410	Dsim\GD15749	GD15749			unmatched
FBgn0187411	Dsim\GD15750	GD15750			unmatched
FBgn0187412	Dsim\GD15751	GD15751			unmatched
FBgn0187413	Dsim\GD15752	GD15752			unmatched
FBgn0187415	Dsim\GD15754	GD15754			unmatched
FBgn0187416	Dsim\GD15755	GD15755			unmatched
FBgn0187417	Dsim\GD15756	GD15756			unmatched
FBgn0187418	Dsim\GD15757	GD15757			unmatched
FBgn0187419	Dsim\GD15758	GD15758			unmatched
FBgn0187422	Dsim\GD15761	GD15761			unmatched
FBgn0187424	Dsim\GD15763	GD15763			unmatched
FBgn0187425	Dsim\GD15764	GD15764			unmatched
FBgn0187426	Dsim\GD15765	GD15765			unmatched
FBgn0187427	Dsim\GD15766	GD15766			unmatched
FBgn0187428	Dsim\GD15767	GD15767			unmatched
FBgn0187429	Dsim\GD15768	GD15768			unmatched
FBgn0187432	Dsim\GD15772	GD15772			unmatched
FBgn0187433	Dsim\GD15773	GD15773			unmatched
FBgn0187434	Dsim\GD15774	GD15774			unmatched
FBgn0187435	Dsim\GD15775	GD15775			unmatched
FBgn0187437	Dsim\GD15777	GD15777			unmatched
FBgn0187438	Dsim\GD15778	GD15778			unmatched
FBgn0187439	Dsim\GD15779	GD15779			unmatched
FBgn0187440	Dsim\GD15780	GD15780			unmatched
FBgn0187441	Dsim\GD15781	GD15781			unmatched
FBgn0187442	Dsim\GD15782	GD15782			unmatched
FBgn0187443	Dsim\GD15783	GD15783			unmatched
FBgn0187444	Dsim\GD15784	GD15784			unmatched
FBgn0187445	Dsim\GD15786	GD15786			unmatched
FBgn0187446	Dsim\GD15787	GD15787			unmatched
FBgn0187448	Dsim\GD15789	GD15789			unmatched
FBgn0187449	Dsim\GD15791	GD15791			unmatched
FBgn0187451	Dsim\GD15793	GD15793			unmatched
FBgn0187452	Dsim\GD15794	GD15794			unmatched
FBgn0187454	Dsim\GD15796	GD15796			unmatched
FBgn0187456	Dsim\GD15798	GD15798			unmatched
FBgn0187457	Dsim\GD15799	GD15799			unmatched
FBgn0187458	Dsim\GD15800	GD15800			unmatched
FBgn0187460	Dsim\GD15802	GD15802			unmatched
FBgn0187464	Dsim\GD15806	GD15806			unmatched
FBgn0187465	Dsim\GD15807	GD15807			unmatched
FBgn0187467	Dsim\GD15809	GD15809			unmatched
FBgn0187468	Dsim\GD15810	GD15810			unmatched
FBgn0187471	Dsim\GD15813	GD15813			unmatched
FBgn0187472	Dsim\GD15814	GD15814			unmatched
FBgn0187473	Dsim\GD15815	GD15815			unmatched
FBgn0187474	Dsim\GD15816	GD15816			unmatched
FBgn0187477	Dsim\GD15819	GD15819			unmatched
FBgn0187478	Dsim\GD15820	GD15820			unmatched
FBgn0187479	Dsim\GD15821	GD15821			unmatched
FBgn0187480	Dsim\GD15822	GD15822			unmatched
FBgn0187481	Dsim\GD15823	GD15823			unmatched
FBgn0187482	Dsim\GD15824	GD15824			unmatched
FBgn0187483	Dsim\GD15825	GD15825			unmatched
FBgn0187484	Dsim\GD15826	GD15826			unmatched
FBgn0187485	Dsim\GD15827	GD15827			unmatched
FBgn0187486	Dsim\GD15828	GD15828			unmatched
FBgn0187487	Dsim\GD15829	GD15829			unmatched
FBgn0187489	Dsim\GD15831	GD15831			unmatched
FBgn0187490	Dsim\GD15832	GD15832			unmatched
FBgn0187491	Dsim\GD15833	GD15833			unmatched
FBgn0187492	Dsim\GD15834	GD15834			unmatched
FBgn0187493	Dsim\GD15835	GD15835			unmatched
FBgn0187497	Dsim\GD15841	GD15841			unmatched
FBgn0187498	Dsim\GD15843	GD15843			unmatched
FBgn0187500	Dsim\GD15845	GD15845			unmatched
FBgn0187501	Dsim\GD15846	GD15846			unmatched
FBgn0187502	Dsim\GD15847	GD15847			unmatched
FBgn0187503	Dsim\GD15848	GD15848			unmatched
FBgn0187504	Dsim\GD15849	GD15849			unmatched
FBgn0187508	Dsim\GD15853	GD15853			unmatched
FBgn0187509	Dsim\GD15854	GD15854			unmatched
FBgn0187510	Dsim\GD15855	GD15855			unmatched
FBgn0187511	Dsim\GD15856	GD15856			unmatched
FBgn0187512	Dsim\GD15857	GD15857			unmatched
FBgn0187513	Dsim\GD15858	GD15858			unmatched
FBgn0187514	Dsim\GD15859	GD15859			unmatched
FBgn0187515	Dsim\GD15860	GD15860			unmatched
FBgn0187516	Dsim\GD15861	GD15861			unmatched
FBgn0187522	Dsim\GD15868	GD15868			unmatched
FBgn0187523	Dsim\GD15869	GD15869			unmatched
FBgn0187524	Dsim\GD15871	GD15871			unmatched
FBgn0187525	Dsim\GD15872	GD15872			unmatched
FBgn0187526	Dsim\GD15873	GD15873			unmatched
FBgn0187528	Dsim\GD15875	GD15875			unmatched
FBgn0187529	Dsim\GD15876	GD15876			unmatched
FBgn0187530	Dsim\GD15877	GD15877			unmatched
FBgn0187531	Dsim\GD15878	GD15878			unmatched
FBgn0187532	Dsim\GD15879	GD15879			unmatched
FBgn0187535	Dsim\GD15883	GD15883			unmatched
FBgn0187536	Dsim\GD15884	GD15884			unmatched
FBgn0187538	Dsim\GD15886	GD15886			unmatched
FBgn0187539	Dsim\GD15887	GD15887			unmatched
FBgn0187540	Dsim\GD15888	GD15888			unmatched
FBgn0187541	Dsim\GD15889	GD15889			unmatched
FBgn0187545	Dsim\GD15894	GD15894			unmatched
FBgn0187546	Dsim\GD15895	GD15895			unmatched
FBgn0187547	Dsim\GD15896	GD15896			unmatched
FBgn0187548	Dsim\GD15897	GD15897			unmatched
FBgn0187550	Dsim\GD15899	GD15899			unmatched
FBgn0187551	Dsim\GD15900	GD15900			unmatched
FBgn0187552	Dsim\GD15902	GD15902			unmatched
FBgn0187553	Dsim\GD15903	GD15903			unmatched
FBgn0187555	Dsim\GD15905	GD15905			unmatched
FBgn0187556	Dsim\GD15906	GD15906			unmatched
FBgn0187557	Dsim\GD15907	GD15907			unmatched
FBgn0187558	Dsim\GD15908	GD15908			unmatched
FBgn0187559	Dsim\GD15909	GD15909			unmatched
FBgn0187560	Dsim\GD15910	GD15910			unmatched
FBgn0187561	Dsim\GD15911	GD15911			unmatched
FBgn0187562	Dsim\GD15912	GD15912			unmatched
FBgn0187564	Dsim\GD15914	GD15914			unmatched
FBgn0187565	Dsim\GD15915	GD15915			unmatched
FBgn0187566	Dsim\GD15917	GD15917			unmatched
FBgn0187567	Dsim\GD15918	GD15918			unmatched
FBgn0187568	Dsim\GD15919	GD15919			unmatched
FBgn0187569	Dsim\GD15920	GD15920			unmatched
FBgn0187571	Dsim\GD15922	GD15922			unmatched
FBgn0187572	Dsim\GD15923	GD15923			unmatched
FBgn0187573	Dsim\GD15924	GD15924			unmatched
FBgn0187577	Dsim\GD15928	GD15928			unmatched
FBgn0187579	Dsim\GD15930	GD15930			unmatched
FBgn0187580	Dsim\GD15931	GD15931			unmatched
FBgn0187581	Dsim\GD15932	GD15932			unmatched
FBgn0187583	Dsim\GD15934	GD15934			unmatched
FBgn0187584	Dsim\GD15935	GD15935			unmatched
FBgn0187585	Dsim\GD15936	GD15936			unmatched
FBgn0187588	Dsim\GD15939	GD15939			unmatched
FBgn0187590	Dsim\GD15941	GD15941			unmatched
FBgn0187591	Dsim\GD15942	GD15942			unmatched
FBgn0187593	Dsim\GD15944	GD15944			unmatched
FBgn0187594	Dsim\GD15945	GD15945			unmatched
FBgn0187595	Dsim\GD15946	GD15946			unmatched
FBgn0187596	Dsim\GD15947	GD15947			unmatched
FBgn0187597	Dsim\GD15948	GD15948			unmatched
FBgn0187598	Dsim\GD15949	GD15949			unmatched
FBgn0187599	Dsim\GD15950	GD15950			unmatched
FBgn0187600	Dsim\GD15951	GD15951			unmatched
FBgn0187602	Dsim\GD15954	GD15954			unmatched
FBgn0187603	Dsim\GD15955	GD15955			unmatched
FBgn0187604	Dsim\GD15956	GD15956			unmatched
FBgn0187607	Dsim\GD15959	GD15959			unmatched
FBgn0187608	Dsim\GD15960	GD15960			unmatched
FBgn0187609	Dsim\GD15961	GD15961			unmatched
FBgn0187611	Dsim\GD15963	GD15963			unmatched
FBgn0187612	Dsim\GD15964	GD15964			unmatched
FBgn0187614	Dsim\GD15966	GD15966			unmatched
FBgn0187615	Dsim\GD15967	GD15967			unmatched
FBgn0187616	Dsim\GD15968	GD15968			unmatched
FBgn0187618	Dsim\GD15970	GD15970			unmatched
FBgn0187619	Dsim\GD15972	GD15972			unmatched
FBgn0187620	Dsim\GD15973	GD15973			unmatched
FBgn0187621	Dsim\GD15974	GD15974			unmatched
FBgn0187622	Dsim\GD15975	GD15975			unmatched
FBgn0187623	Dsim\GD15976	GD15976			unmatched
FBgn0187625	Dsim\GD15978	GD15978			unmatched
FBgn0187626	Dsim\GD15979	GD15979			unmatched
FBgn0187627	Dsim\GD15980	GD15980			unmatched
FBgn0187629	Dsim\GD15982	GD15982			unmatched
FBgn0187630	Dsim\GD15983	GD15983			unmatched
FBgn0187632	Dsim\GD15985	GD15985			unmatched
FBgn0187633	Dsim\GD15986	GD15986			unmatched
FBgn0187634	Dsim\GD15988	GD15988			unmatched
FBgn0187635	Dsim\GD15989	GD15989			unmatched
FBgn0187636	Dsim\GD15990	GD15990			unmatched
FBgn0187637	Dsim\GD15991	GD15991			unmatched
FBgn0187638	Dsim\GD15993	GD15993			unmatched
FBgn0187639	Dsim\GD15994	GD15994			unmatched
FBgn0187640	Dsim\GD15995	GD15995			unmatched
FBgn0187641	Dsim\GD15996	GD15996			unmatched
FBgn0187642	Dsim\GD15998	GD15998			unmatched
FBgn0187643	Dsim\GD15999	GD15999			unmatched
FBgn0187644	Dsim\GD16000	GD16000			unmatched
FBgn0187645	Dsim\GD16001	GD16001			unmatched
FBgn0187646	Dsim\GD16002	GD16002			unmatched
FBgn0187647	Dsim\GD16003	GD16003			unmatched
FBgn0187648	Dsim\GD16004	GD16004			unmatched
FBgn0187650	Dsim\GD16006	GD16006			unmatched
FBgn0187651	Dsim\GD16007	GD16007			unmatched
FBgn0187653	Dsim\GD16009	GD16009			unmatched
FBgn0187654	Dsim\GD16010	GD16010			unmatched
FBgn0187655	Dsim\GD16013	GD16013			unmatched
FBgn0187656	Dsim\GD16014	GD16014			unmatched
FBgn0187657	Dsim\GD16015	GD16015			unmatched
FBgn0187658	Dsim\GD16016	GD16016			unmatched
FBgn0187660	Dsim\GD16019	GD16019			unmatched
FBgn0187661	Dsim\GD16020	GD16020			unmatched
FBgn0187664	Dsim\GD16023	GD16023			unmatched
FBgn0187665	Dsim\GD16024	GD16024			unmatched
FBgn0187666	Dsim\GD16025	GD16025			unmatched
FBgn0187668	Dsim\GD16028	GD16028			unmatched
FBgn0187671	Dsim\GD16031	GD16031			unmatched
FBgn0187672	Dsim\GD16032	GD16032			unmatched
FBgn0187673	Dsim\GD16033	GD16033			unmatched
FBgn0187675	Dsim\GD16035	GD16035			unmatched
FBgn0187676	Dsim\GD16036	GD16036			unmatched
FBgn0187678	Dsim\GD16038	GD16038			unmatched
FBgn0187679	Dsim\GD16039	GD16039			unmatched
FBgn0187680	Dsim\GD16040	GD16040			unmatched
FBgn0187681	Dsim\GD16041	GD16041			unmatched
FBgn0187682	Dsim\GD16042	GD16042			unmatched
FBgn0187684	Dsim\GD16045	GD16045			unmatched
FBgn0187686	Dsim\GD16047	GD16047			unmatched
FBgn0187687	Dsim\GD16048	GD16048			unmatched
FBgn0187688	Dsim\GD16049	GD16049			unmatched
FBgn0187689	Dsim\GD16050	GD16050			unmatched
FBgn0187690	Dsim\GD16051	GD16051			unmatched
FBgn0187691	Dsim\GD16052	GD16052			unmatched
FBgn0187693	Dsim\GD16054	GD16054			unmatched
FBgn0187694	Dsim\GD16055	GD16055			unmatched
FBgn0187695	Dsim\GD16056	GD16056			unmatched
FBgn0187696	Dsim\GD16057	GD16057			unmatched
FBgn0187697	Dsim\GD16058	GD16058			unmatched
FBgn0187704	Dsim\GD16066	GD16066			unmatched
FBgn0187706	Dsim\GD16068	GD16068			unmatched
FBgn0187707	Dsim\GD16069	GD16069			unmatched
FBgn0187709	Dsim\GD16071	GD16071			unmatched
FBgn0187710	Dsim\GD16072	GD16072			unmatched
FBgn0187712	Dsim\GD16074	GD16074			unmatched
FBgn0187713	Dsim\GD16075	GD16075			unmatched
FBgn0187714	Dsim\GD16076	GD16076			unmatched
FBgn0187715	Dsim\GD16077	GD16077			unmatched
FBgn0187716	Dsim\GD16078	GD16078			unmatched
FBgn0187717	Dsim\GD16079	GD16079			unmatched
FBgn0187718	Dsim\GD16080	GD16080			unmatched
FBgn0187719	Dsim\GD16081	GD16081			unmatched
FBgn0187721	Dsim\GD16083	GD16083			unmatched
FBgn0187724	Dsim\GD16086	GD16086			unmatched
FBgn0187725	Dsim\GD16087	GD16087			unmatched
FBgn0187726	Dsim\GD16088	GD16088			unmatched
FBgn0187727	Dsim\GD16089	GD16089			unmatched
FBgn0187728	Dsim\GD16090	GD16090			unmatched
FBgn0187729	Dsim\GD16091	GD16091			unmatched
FBgn0187730	Dsim\GD16092	GD16092			unmatched
FBgn0187731	Dsim\GD16093	GD16093			unmatched
FBgn0187732	Dsim\GD16094	GD16094			unmatched
FBgn0187733	Dsim\GD16096	GD16096			unmatched
FBgn0187734	Dsim\GD16097	GD16097			unmatched
FBgn0187735	Dsim\GD16098	GD16098			unmatched
FBgn0187736	Dsim\GD16099	GD16099			unmatched
FBgn0187743	Dsim\HP1D2	HP1D2			unmatched
FBgn0187744	Dsim\GD16107	GD16107			unmatched
FBgn0187745	Dsim\GD16108	GD16108			unmatched
FBgn0187746	Dsim\GD16109	GD16109			unmatched
FBgn0187747	Dsim\GD16110	GD16110			unmatched
FBgn0187748	Dsim\GD16111	GD16111			unmatched
FBgn0187749	Dsim\GD16112	GD16112			unmatched
FBgn0187751	Dsim\GD16114	GD16114			unmatched
FBgn0187753	Dsim\GD16117	GD16117			unmatched
FBgn0187754	Dsim\GD16118	GD16118			unmatched
FBgn0187755	Dsim\GD16119	GD16119			unmatched
FBgn0187756	Dsim\GD16120	GD16120			unmatched
FBgn0187757	Dsim\GD16121	GD16121			unmatched
FBgn0187758	Dsim\GD16122	GD16122			unmatched
FBgn0187759	Dsim\GD16123	GD16123			unmatched
FBgn0187760	Dsim\GD16124	GD16124			unmatched
FBgn0187761	Dsim\GD16125	GD16125			unmatched
FBgn0187762	Dsim\GD16126	GD16126			unmatched
FBgn0187763	Dsim\GD16127	GD16127			unmatched
FBgn0187764	Dsim\GD16128	GD16128			unmatched
FBgn0187765	Dsim\GD16129	GD16129			unmatched
FBgn0187766	Dsim\GD16130	GD16130			unmatched
FBgn0187767	Dsim\GD16132	GD16132			unmatched
FBgn0187768	Dsim\GD16133	GD16133			unmatched
FBgn0187769	Dsim\GD16134	GD16134			unmatched
FBgn0187770	Dsim\GD16135	GD16135			unmatched
FBgn0187772	Dsim\GD16138	GD16138			unmatched
FBgn0187773	Dsim\GD16139	GD16139			unmatched
FBgn0187774	Dsim\GD16140	GD16140			unmatched
FBgn0187775	Dsim\GD16141	GD16141			unmatched
FBgn0187776	Dsim\GD16142	GD16142			unmatched
FBgn0187777	Dsim\GD16143	GD16143			unmatched
FBgn0187778	Dsim\GD16145	GD16145			unmatched
FBgn0187780	Dsim\GD16147	GD16147			unmatched
FBgn0187783	Dsim\GD16150	GD16150			unmatched
FBgn0187785	Dsim\GD16152	GD16152			unmatched
FBgn0187786	Dsim\GD16153	GD16153			unmatched
FBgn0187787	Dsim\GD16154	GD16154			unmatched
FBgn0187788	Dsim\GD16155	GD16155			unmatched
FBgn0187789	Dsim\GD16156	GD16156			unmatched
FBgn0187792	Dsim\GD16161	GD16161			unmatched
FBgn0187793	Dsim\GD16162	GD16162			unmatched
FBgn0187795	Dsim\GD16164	GD16164			unmatched
FBgn0187797	Dsim\GD16167	GD16167			unmatched
FBgn0187798	Dsim\GD16168	GD16168			unmatched
FBgn0187799	Dsim\GD16169	GD16169			unmatched
FBgn0187800	Dsim\GD16170	GD16170			unmatched
FBgn0187801	Dsim\GD16171	GD16171			unmatched
FBgn0187802	Dsim\GD16172	GD16172			unmatched
FBgn0187804	Dsim\GD16175	GD16175			unmatched
FBgn0187808	Dsim\GD16179	GD16179			unmatched
FBgn0187811	Dsim\GD16182	GD16182			unmatched
FBgn0187812	Dsim\GD16183	GD16183			unmatched
FBgn0187813	Dsim\GD16184	GD16184			unmatched
FBgn0187814	Dsim\GD16185	GD16185			unmatched
FBgn0187815	Dsim\GD16186	GD16186			unmatched
FBgn0187816	Dsim\GD16187	GD16187			unmatched
FBgn0187817	Dsim\GD16188	GD16188			unmatched
FBgn0187819	Dsim\GD16190	GD16190			unmatched
FBgn0187821	Dsim\GD16192	GD16192			unmatched
FBgn0187823	Dsim\GD16194	GD16194			unmatched
FBgn0187824	Dsim\GD16195	GD16195			unmatched
FBgn0187826	Dsim\GD16197	GD16197			unmatched
FBgn0187827	Dsim\GD16198	GD16198			unmatched
FBgn0187828	Dsim\GD16199	GD16199			unmatched
FBgn0187829	Dsim\GD16200	GD16200			unmatched
FBgn0187831	Dsim\GD16202	GD16202			unmatched
FBgn0187833	Dsim\GD16205	GD16205			unmatched
FBgn0187834	Dsim\GD16206	GD16206			unmatched
FBgn0187835	Dsim\GD16207	GD16207			unmatched
FBgn0187836	Dsim\GD16208	GD16208			unmatched
FBgn0187837	Dsim\GD16209	GD16209			unmatched
FBgn0187838	Dsim\GD16210	GD16210			unmatched
FBgn0187841	Dsim\GD16213	GD16213			unmatched
FBgn0187842	Dsim\GD16214	GD16214			unmatched
FBgn0187843	Dsim\GD16215	GD16215			unmatched
FBgn0187844	Dsim\GD16216	GD16216			unmatched
FBgn0187845	Dsim\GD16217	GD16217			unmatched
FBgn0187846	Dsim\GD16218	GD16218			unmatched
FBgn0187847	Dsim\GD16219	GD16219			unmatched
FBgn0187848	Dsim\GD16221	GD16221			unmatched
FBgn0187849	Dsim\GD16222	GD16222			unmatched
FBgn0187850	Dsim\GD16223	GD16223			unmatched
FBgn0187851	Dsim\GD16224	GD16224			unmatched
FBgn0187852	Dsim\GD16225	GD16225			unmatched
FBgn0187854	Dsim\GD16227	GD16227			unmatched
FBgn0187855	Dsim\GD16228	GD16228			unmatched
FBgn0187856	Dsim\GD16229	GD16229			unmatched
FBgn0187857	Dsim\GD16230	GD16230			unmatched
FBgn0187859	Dsim\GD16232	GD16232			unmatched
FBgn0187860	Dsim\GD16233	GD16233			unmatched
FBgn0187862	Dsim\GD16235	GD16235			unmatched
FBgn0187863	Dsim\GD16236	GD16236			unmatched
FBgn0187864	Dsim\GD16237	GD16237			unmatched
FBgn0187865	Dsim\GD16238	GD16238			unmatched
FBgn0187866	Dsim\GD16239	GD16239			unmatched
FBgn0187868	Dsim\GD16241	GD16241			unmatched
FBgn0187869	Dsim\GD16242	GD16242			unmatched
FBgn0187870	Dsim\GD16243	GD16243			unmatched
FBgn0187871	Dsim\GD16244	GD16244			unmatched
FBgn0187872	Dsim\GD16245	GD16245			unmatched
FBgn0187873	Dsim\GD16246	GD16246			unmatched
FBgn0187876	Dsim\GD16249	GD16249			unmatched
FBgn0187878	Dsim\GD16251	GD16251			unmatched
FBgn0187880	Dsim\GD16253	GD16253			unmatched
FBgn0187881	Dsim\GD16254	GD16254			unmatched
FBgn0187884	Dsim\GD16257	GD16257			unmatched
FBgn0187885	Dsim\GD16258	GD16258			unmatched
FBgn0187886	Dsim\GD16259	GD16259			unmatched
FBgn0187887	Dsim\GD16260	GD16260			unmatched
FBgn0187888	Dsim\GD16261	GD16261			unmatched
FBgn0187889	Dsim\GD16262	GD16262			unmatched
FBgn0187890	Dsim\GD16263	GD16263			unmatched
FBgn0187891	Dsim\GD16264	GD16264			unmatched
FBgn0187893	Dsim\GD16266	GD16266			unmatched
FBgn0187894	Dsim\GD16267	GD16267			unmatched
FBgn0187896	Dsim\GD16269	GD16269			unmatched
FBgn0187897	Dsim\GD16270	GD16270			unmatched
FBgn0187899	Dsim\GD16272	GD16272			unmatched
FBgn0187900	Dsim\GD16273	GD16273			unmatched
FBgn0187901	Dsim\GD16274	GD16274			unmatched
FBgn0187902	Dsim\GD16275	GD16275			unmatched
FBgn0187903	Dsim\GD16276	GD16276			unmatched
FBgn0187907	Dsim\GD16280	GD16280			unmatched
FBgn0187908	Dsim\GD16281	GD16281			unmatched
FBgn0187909	Dsim\GD16282	GD16282			unmatched
FBgn0187911	Dsim\GD16284	GD16284			unmatched
FBgn0187912	Dsim\GD16285	GD16285			unmatched
FBgn0187913	Dsim\GD16286	GD16286			unmatched
FBgn0187914	Dsim\GD16287	GD16287			unmatched
FBgn0187917	Dsim\GD16290	GD16290			unmatched
FBgn0187918	Dsim\GD16291	GD16291			unmatched
FBgn0187919	Dsim\GD16292	GD16292			unmatched
FBgn0187920	Dsim\GD16293	GD16293			unmatched
FBgn0187921	Dsim\GD16294	GD16294			unmatched
FBgn0187922	Dsim\GD16295	GD16295			unmatched
FBgn0187924	Dsim\GD16297	GD16297			unmatched
FBgn0187925	Dsim\GD16298	GD16298			unmatched
FBgn0187926	Dsim\GD16299	GD16299			unmatched
FBgn0187927	Dsim\GD16300	GD16300			unmatched
FBgn0187928	Dsim\GD16301	GD16301			unmatched
FBgn0187929	Dsim\GD16303	GD16303			unmatched
FBgn0187931	Dsim\GD16305	GD16305			unmatched
FBgn0187934	Dsim\GD16308	GD16308			unmatched
FBgn0187935	Dsim\GD16309	GD16309			unmatched
FBgn0187936	Dsim\GD16313	GD16313			unmatched
FBgn0187938	Dsim\GD16315	GD16315			unmatched
FBgn0187939	Dsim\GD16316	GD16316			unmatched
FBgn0187940	Dsim\GD16317	GD16317			unmatched
FBgn0187942	Dsim\GD16319	GD16319			unmatched
FBgn0187943	Dsim\GD16320	GD16320			unmatched
FBgn0187944	Dsim\GD16321	GD16321			unmatched
FBgn0187945	Dsim\GD16322	GD16322			unmatched
FBgn0187948	Dsim\GD16325	GD16325			unmatched
FBgn0187949	Dsim\GD16326	GD16326			unmatched
FBgn0187950	Dsim\GD16327	GD16327			unmatched
FBgn0187951	Dsim\GD16328	GD16328			unmatched
FBgn0187952	Dsim\GD16329	GD16329			unmatched
FBgn0187953	Dsim\GD16330	GD16330			unmatched
FBgn0187954	Dsim\GD16331	GD16331			unmatched
FBgn0187955	Dsim\GD16332	GD16332			unmatched
FBgn0187956	Dsim\GD16333	GD16333			unmatched
FBgn0187957	Dsim\GD16334	GD16334			unmatched
FBgn0187958	Dsim\GD16335	GD16335			unmatched
FBgn0187959	Dsim\GD16336	GD16336			unmatched
FBgn0187960	Dsim\GD16337	GD16337			unmatched
FBgn0187961	Dsim\GD16338	GD16338			unmatched
FBgn0187962	Dsim\GD16339	GD16339			unmatched
FBgn0187963	Dsim\GD16340	GD16340			unmatched
FBgn0187964	Dsim\GD16341	GD16341			unmatched
FBgn0187965	Dsim\GD16342	GD16342			unmatched
FBgn0187966	Dsim\GD16343	GD16343			unmatched
FBgn0187967	Dsim\GD16344	GD16344			unmatched
FBgn0187968	Dsim\GD16345	GD16345			unmatched
FBgn0187969	Dsim\GD16346	GD16346			unmatched
FBgn0187971	Dsim\GD16348	GD16348			unmatched
FBgn0187972	Dsim\GD16349	GD16349			unmatched
FBgn0187973	Dsim\GD16350	GD16350			unmatched
FBgn0187974	Dsim\GD16351	GD16351			unmatched
FBgn0187975	Dsim\GD16353	GD16353			unmatched
FBgn0187976	Dsim\GD16356	GD16356			unmatched
FBgn0187977	Dsim\GD16357	GD16357			unmatched
FBgn0187978	Dsim\GD16358	GD16358			unmatched
FBgn0187980	Dsim\GD16360	GD16360			unmatched
FBgn0187981	Dsim\GD16361	GD16361			unmatched
FBgn0187982	Dsim\GD16362	GD16362			unmatched
FBgn0187983	Dsim\GD16363	GD16363			unmatched
FBgn0187984	Dsim\GD16364	GD16364			unmatched
FBgn0187985	Dsim\GD16365	GD16365			unmatched
FBgn0187987	Dsim\GD16367	GD16367			unmatched
FBgn0187990	Dsim\GD16370	GD16370			unmatched
FBgn0187991	Dsim\GD16371	GD16371			unmatched
FBgn0187992	Dsim\GD16372	GD16372			unmatched
FBgn0187995	Dsim\GD16375	GD16375			unmatched
FBgn0187996	Dsim\GD16376	GD16376			unmatched
FBgn0187997	Dsim\GD16377	GD16377			unmatched
FBgn0187998	Dsim\GD16379	GD16379			unmatched
FBgn0188000	Dsim\GD16381	GD16381			unmatched
FBgn0188002	Dsim\GD16383	GD16383			unmatched
FBgn0188005	Dsim\GD16386	GD16386			unmatched
FBgn0188006	Dsim\GD16387	GD16387			unmatched
FBgn0188007	Dsim\GD16390	GD16390			unmatched
FBgn0188009	Dsim\GD16392	GD16392			unmatched
FBgn0188010	Dsim\GD16393	GD16393			unmatched
FBgn0188011	Dsim\GD16394	GD16394			unmatched
FBgn0188012	Dsim\GD16395	GD16395			unmatched
FBgn0188014	Dsim\GD16397	GD16397			unmatched
FBgn0188016	Dsim\GD16399	GD16399			unmatched
FBgn0188017	Dsim\GD16400	GD16400			unmatched
FBgn0188018	Dsim\GD16401	GD16401			unmatched
FBgn0188019	Dsim\GD16402	GD16402			unmatched
FBgn0188021	Dsim\GD16404	GD16404			unmatched
FBgn0188022	Dsim\GD16405	GD16405			unmatched
FBgn0188025	Dsim\GD16408	GD16408			unmatched
FBgn0188026	Dsim\GD16409	GD16409			unmatched
FBgn0188027	Dsim\GD16410	GD16410			unmatched
FBgn0188028	Dsim\GD16411	GD16411			unmatched
FBgn0188029	Dsim\GD16412	GD16412			unmatched
FBgn0188030	Dsim\GD16413	GD16413			unmatched
FBgn0188031	Dsim\GD16414	GD16414			unmatched
FBgn0188033	Dsim\GD16416	GD16416			unmatched
FBgn0188035	Dsim\GD16418	GD16418			unmatched
FBgn0188036	Dsim\GD16419	GD16419			unmatched
FBgn0188037	Dsim\GD16421	GD16421			unmatched
FBgn0188038	Dsim\GD16422	GD16422			unmatched
FBgn0188040	Dsim\GD16424	GD16424			unmatched
FBgn0188041	Dsim\GD16425	GD16425			unmatched
FBgn0188042	Dsim\GD16426	GD16426			unmatched
FBgn0188043	Dsim\GD16427	GD16427			unmatched
FBgn0188046	Dsim\GD16430	GD16430			unmatched
FBgn0188048	Dsim\GD16433	GD16433			unmatched
FBgn0188049	Dsim\GD16434	GD16434			unmatched
FBgn0188050	Dsim\GD16435	GD16435			unmatched
FBgn0188051	Dsim\GD16436	GD16436			unmatched
FBgn0188053	Dsim\GD16438	GD16438			unmatched
FBgn0188054	Dsim\GD16439	GD16439			unmatched
FBgn0188055	Dsim\GD16440	GD16440			unmatched
FBgn0188056	Dsim\GD16441	GD16441			unmatched
FBgn0188059	Dsim\GD16444	GD16444			unmatched
FBgn0188060	Dsim\GD16445	GD16445			unmatched
FBgn0188061	Dsim\GD16446	GD16446			unmatched
FBgn0188062	Dsim\GD16447	GD16447			unmatched
FBgn0188064	Dsim\GD16449	GD16449			unmatched
FBgn0188065	Dsim\GD16450	GD16450			unmatched
FBgn0188068	Dsim\GD16453	GD16453			unmatched
FBgn0188069	Dsim\GD16454	GD16454			unmatched
FBgn0188072	Dsim\GD16457	GD16457			unmatched
FBgn0188073	Dsim\GD16458	GD16458			unmatched
FBgn0188074	Dsim\GD16459	GD16459			unmatched
FBgn0188075	Dsim\GD16460	GD16460			unmatched
FBgn0188076	Dsim\GD16461	GD16461			unmatched
FBgn0188077	Dsim\GD16462	GD16462			unmatched
FBgn0188078	Dsim\GD16463	GD16463			unmatched
FBgn0188079	Dsim\GD16464	GD16464			unmatched
FBgn0188081	Dsim\GD16466	GD16466			unmatched
FBgn0188082	Dsim\GD16468	GD16468			unmatched
FBgn0188083	Dsim\GD16469	GD16469			unmatched
FBgn0188084	Dsim\GD16470	GD16470			unmatched
FBgn0188085	Dsim\GD16471	GD16471			unmatched
FBgn0188086	Dsim\GD16472	GD16472			unmatched
FBgn0188088	Dsim\GD16474	GD16474			unmatched
FBgn0188089	Dsim\GD16475	GD16475			unmatched
FBgn0188090	Dsim\GD16476	GD16476			unmatched
FBgn0188091	Dsim\GD16477	GD16477			unmatched
FBgn0188094	Dsim\GD16480	GD16480			unmatched
FBgn0188097	Dsim\GD16483	GD16483			unmatched
FBgn0188098	Dsim\GD16484	GD16484			unmatched
FBgn0188099	Dsim\GD16485	GD16485			unmatched
FBgn0188100	Dsim\GD16486	GD16486			unmatched
FBgn0188101	Dsim\GD16487	GD16487			unmatched
FBgn0188102	Dsim\GD16489	GD16489			unmatched
FBgn0188103	Dsim\GD16490	GD16490			unmatched
FBgn0188104	Dsim\GD16491	GD16491			unmatched
FBgn0188105	Dsim\GD16493	GD16493			unmatched
FBgn0188106	Dsim\GD16495	GD16495			unmatched
FBgn0188107	Dsim\GD16497	GD16497			unmatched
FBgn0188108	Dsim\GD16498	GD16498			unmatched
FBgn0188109	Dsim\GD16499	GD16499			unmatched
FBgn0188110	Dsim\GD16502	GD16502			unmatched
FBgn0188111	Dsim\GD16504	GD16504			unmatched
FBgn0188112	Dsim\GD16505	GD16505			unmatched
FBgn0188113	Dsim\GD16506	GD16506			unmatched
FBgn0188115	Dsim\GD16509	GD16509			unmatched
FBgn0188116	Dsim\GD16510	GD16510			unmatched
FBgn0188117	Dsim\GD16511	GD16511			unmatched
FBgn0188119	Dsim\GD16513	GD16513			unmatched
FBgn0188120	Dsim\GD16514	GD16514			unmatched
FBgn0188121	Dsim\GD16515	GD16515			unmatched
FBgn0188122	Dsim\GD16516	GD16516			unmatched
FBgn0188123	Dsim\GD16517	GD16517			unmatched
FBgn0188124	Dsim\GD16519	GD16519			unmatched
FBgn0188125	Dsim\GD16520	GD16520			unmatched
FBgn0188126	Dsim\GD16521	GD16521			unmatched
FBgn0188128	Dsim\GD16523	GD16523			unmatched
FBgn0188129	Dsim\GD16524	GD16524			unmatched
FBgn0188130	Dsim\GD16525	GD16525			unmatched
FBgn0188131	Dsim\GD16526	GD16526			unmatched
FBgn0188132	Dsim\GD16527	GD16527			unmatched
FBgn0188133	Dsim\GD16528	GD16528			unmatched
FBgn0188134	Dsim\GD16529	GD16529			unmatched
FBgn0188136	Dsim\GD16531	GD16531			unmatched
FBgn0188137	Dsim\GD16532	GD16532			unmatched
FBgn0188138	Dsim\GD16533	GD16533			unmatched
FBgn0188139	Dsim\GD16534	GD16534			unmatched
FBgn0188140	Dsim\GD16535	GD16535			unmatched
FBgn0188142	Dsim\GD16537	GD16537			unmatched
FBgn0188143	Dsim\GD16538	GD16538			unmatched
FBgn0188144	Dsim\GD16539	GD16539			unmatched
FBgn0188145	Dsim\GD16540	GD16540			unmatched
FBgn0188146	Dsim\GD16541	GD16541			unmatched
FBgn0188148	Dsim\GD16543	GD16543			unmatched
FBgn0188149	Dsim\GD16544	GD16544			unmatched
FBgn0188150	Dsim\GD16545	GD16545			unmatched
FBgn0188151	Dsim\GD16546	GD16546			unmatched
FBgn0188152	Dsim\GD16547	GD16547			unmatched
FBgn0188153	Dsim\GD16548	GD16548			unmatched
FBgn0188154	Dsim\GD16549	GD16549			unmatched
FBgn0188155	Dsim\GD16550	GD16550			unmatched
FBgn0188156	Dsim\GD16551	GD16551			unmatched
FBgn0188157	Dsim\GD16552	GD16552			unmatched
FBgn0188158	Dsim\GD16553	GD16553			unmatched
FBgn0188159	Dsim\GD16554	GD16554			unmatched
FBgn0188162	Dsim\GD16557	GD16557			unmatched
FBgn0188163	Dsim\GD16559	GD16559			unmatched
FBgn0188164	Dsim\GD16560	GD16560			unmatched
FBgn0188167	Dsim\br	br	FBgn0283451	br	matched
FBgn0188172	Dsim\GD16568	GD16568			unmatched
FBgn0188176	Dsim\GD16572	GD16572			unmatched
FBgn0188177	Dsim\GD16573	GD16573			unmatched
FBgn0188178	Dsim\GD16574	GD16574			unmatched
FBgn0188179	Dsim\GD16575	GD16575			unmatched
FBgn0188180	Dsim\GD16576	GD16576			unmatched
FBgn0188181	Dsim\GD16577	GD16577			unmatched
FBgn0188182	Dsim\GD16578	GD16578			unmatched
FBgn0188183	Dsim\GD16579	GD16579			unmatched
FBgn0188184	Dsim\GD16580	GD16580			unmatched
FBgn0188186	Dsim\GD16582	GD16582			unmatched
FBgn0188187	Dsim\GD16583	GD16583			unmatched
FBgn0188188	Dsim\GD16584	GD16584			unmatched
FBgn0188189	Dsim\GD16585	GD16585			unmatched
FBgn0188190	Dsim\GD16587	GD16587			unmatched
FBgn0188191	Dsim\GD16589	GD16589			unmatched
FBgn0188192	Dsim\GD16590	GD16590			unmatched
FBgn0188193	Dsim\GD16591	GD16591			unmatched
FBgn0188195	Dsim\GD16594	GD16594			unmatched
FBgn0188196	Dsim\GD16595	GD16595			unmatched
FBgn0188197	Dsim\GD16597	GD16597			unmatched
FBgn0188198	Dsim\GD16598	GD16598			unmatched
FBgn0188200	Dsim\GD16600	GD16600			unmatched
FBgn0188203	Dsim\GD16603	GD16603			unmatched
FBgn0188204	Dsim\GD16605	GD16605			unmatched
FBgn0188205	Dsim\GD16606	GD16606			unmatched
FBgn0188206	Dsim\GD16609	GD16609			unmatched
FBgn0188207	Dsim\GD16610	GD16610			unmatched
FBgn0188208	Dsim\GD16611	GD16611			unmatched
FBgn0188210	Dsim\GD16613	GD16613			unmatched
FBgn0188212	Dsim\GD16615	GD16615			unmatched
FBgn0188213	Dsim\GD16616	GD16616			unmatched
FBgn0188214	Dsim\GD16618	GD16618			unmatched
FBgn0188215	Dsim\GD16619	GD16619			unmatched
FBgn0188216	Dsim\GD16620	GD16620			unmatched
FBgn0188217	Dsim\GD16622	GD16622			unmatched
FBgn0188218	Dsim\GD16623	GD16623			unmatched
FBgn0188219	Dsim\GD16625	GD16625			unmatched
FBgn0188220	Dsim\GD16626	GD16626			unmatched
FBgn0188221	Dsim\GD16627	GD16627			unmatched
FBgn0188222	Dsim\GD16628	GD16628			unmatched
FBgn0188224	Dsim\GD16630	GD16630			unmatched
FBgn0188225	Dsim\GD16632	GD16632			unmatched
FBgn0188226	Dsim\GD16633	GD16633			unmatched
FBgn0188228	Dsim\GD16635	GD16635			unmatched
FBgn0188230	Dsim\GD16637	GD16637			unmatched
FBgn0188231	Dsim\GD16638	GD16638			unmatched
FBgn0188233	Dsim\GD16640	GD16640			unmatched
FBgn0188234	Dsim\GD16641	GD16641			unmatched
FBgn0188235	Dsim\GD16642	GD16642			unmatched
FBgn0188236	Dsim\GD16643	GD16643			unmatched
FBgn0188237	Dsim\GD16644	GD16644			unmatched
FBgn0188238	Dsim\GD16645	GD16645			unmatched
FBgn0188239	Dsim\GD16646	GD16646			unmatched
FBgn0188240	Dsim\GD16647	GD16647			unmatched
FBgn0188244	Dsim\GD16653	GD16653			unmatched
FBgn0188245	Dsim\GD16654	GD16654			unmatched
FBgn0188246	Dsim\GD16655	GD16655			unmatched
FBgn0188249	Dsim\GD16659	GD16659			unmatched
FBgn0188250	Dsim\GD16660	GD16660			unmatched
FBgn0188251	Dsim\GD16661	GD16661			unmatched
FBgn0188252	Dsim\GD16662	GD16662			unmatched
FBgn0188253	Dsim\GD16663	GD16663			unmatched
FBgn0188255	Dsim\GD16665	GD16665			unmatched
FBgn0188256	Dsim\GD16666	GD16666			unmatched
FBgn0188257	Dsim\GD16667	GD16667			unmatched
FBgn0188259	Dsim\GD16669	GD16669			unmatched
FBgn0188260	Dsim\GD16670	GD16670			unmatched
FBgn0188261	Dsim\GD16672	GD16672			unmatched
FBgn0188262	Dsim\GD16673	GD16673			unmatched
FBgn0188263	Dsim\GD16674	GD16674			unmatched
FBgn0188264	Dsim\GD16675	GD16675			unmatched
FBgn0188265	Dsim\GD16676	GD16676			unmatched
FBgn0188267	Dsim\GD16678	GD16678			unmatched
FBgn0188268	Dsim\GD16679	GD16679			unmatched
FBgn0188269	Dsim\GD16680	GD16680			unmatched
FBgn0188270	Dsim\GD16681	GD16681			unmatched
FBgn0188272	Dsim\GD16683	GD16683			unmatched
FBgn0188273	Dsim\GD16684	GD16684			unmatched
FBgn0188275	Dsim\GD16686	GD16686			unmatched
FBgn0188276	Dsim\GD16687	GD16687			unmatched
FBgn0188277	Dsim\GD16688	GD16688			unmatched
FBgn0188278	Dsim\GD16689	GD16689			unmatched
FBgn0188280	Dsim\GD16691	GD16691			unmatched
FBgn0188281	Dsim\GD16692	GD16692			unmatched
FBgn0188282	Dsim\GD16693	GD16693			unmatched
FBgn0188283	Dsim\GD16694	GD16694			unmatched
FBgn0188284	Dsim\GD16695	GD16695			unmatched
FBgn0188285	Dsim\GD16696	GD16696			unmatched
FBgn0188286	Dsim\GD16697	GD16697			unmatched
FBgn0188287	Dsim\GD16698	GD16698			unmatched
FBgn0188288	Dsim\GD16699	GD16699			unmatched
FBgn0188289	Dsim\GD16700	GD16700			unmatched
FBgn0188291	Dsim\GD16702	GD16702			unmatched
FBgn0188292	Dsim\GD16703	GD16703			unmatched
FBgn0188294	Dsim\GD16705	GD16705			unmatched
FBgn0188296	Dsim\GD16707	GD16707			unmatched
FBgn0188297	Dsim\GD16708	GD16708			unmatched
FBgn0188298	Dsim\GD16709	GD16709			unmatched
FBgn0188299	Dsim\GD16710	GD16710			unmatched
FBgn0188301	Dsim\GD16712	GD16712			unmatched
FBgn0188302	Dsim\GD16713	GD16713			unmatched
FBgn0188303	Dsim\GD16714	GD16714			unmatched
FBgn0188304	Dsim\GD16715	GD16715			unmatched
FBgn0188305	Dsim\GD16716	GD16716			unmatched
FBgn0188306	Dsim\GD16717	GD16717			unmatched
FBgn0188307	Dsim\GD16718	GD16718			unmatched
FBgn0188308	Dsim\GD16719	GD16719			unmatched
FBgn0188309	Dsim\GD16720	GD16720			unmatched
FBgn0188312	Dsim\GD16724	GD16724			unmatched
FBgn0188316	Dsim\GD16728	GD16728			unmatched
FBgn0188318	Dsim\GD16730	GD16730			unmatched
FBgn0188319	Dsim\GD16731	GD16731			unmatched
FBgn0188320	Dsim\GD16732	GD16732			unmatched
FBgn0188321	Dsim\GD16733	GD16733			unmatched
FBgn0188323	Dsim\GD16735	GD16735			unmatched
FBgn0188324	Dsim\GD16736	GD16736			unmatched
FBgn0188325	Dsim\GD16737	GD16737			unmatched
FBgn0188326	Dsim\GD16738	GD16738			unmatched
FBgn0188327	Dsim\GD16739	GD16739			unmatched
FBgn0188329	Dsim\GD16741	GD16741			unmatched
FBgn0188330	Dsim\GD16742	GD16742			unmatched
FBgn0188331	Dsim\GD16743	GD16743			unmatched
FBgn0188332	Dsim\GD16744	GD16744			unmatched
FBgn0188333	Dsim\GD16745	GD16745			unmatched
FBgn0188334	Dsim\GD16746	GD16746			unmatched
FBgn0188335	Dsim\GD16747	GD16747			unmatched
FBgn0188336	Dsim\GD16748	GD16748			unmatched
FBgn0188337	Dsim\GD16749	GD16749			unmatched
FBgn0188339	Dsim\GD16751	GD16751			unmatched
FBgn0188340	Dsim\GD16752	GD16752			unmatched
FBgn0188341	Dsim\GD16753	GD16753			unmatched
FBgn0188342	Dsim\GD16754	GD16754			unmatched
FBgn0188343	Dsim\GD16755	GD16755			unmatched
FBgn0188344	Dsim\GD16756	GD16756			unmatched
FBgn0188345	Dsim\GD16757	GD16757			unmatched
FBgn0188346	Dsim\GD16758	GD16758			unmatched
FBgn0188347	Dsim\GD16759	GD16759			unmatched
FBgn0188348	Dsim\GD16760	GD16760			unmatched
FBgn0188349	Dsim\GD16761	GD16761			unmatched
FBgn0188350	Dsim\GD16762	GD16762			unmatched
FBgn0188351	Dsim\GD16763	GD16763			unmatched
FBgn0188352	Dsim\GD16764	GD16764			unmatched
FBgn0188353	Dsim\GD16765	GD16765			unmatched
FBgn0188354	Dsim\GD16766	GD16766			unmatched
FBgn0188355	Dsim\GD16767	GD16767			unmatched
FBgn0188356	Dsim\GD16768	GD16768			unmatched
FBgn0188357	Dsim\GD16769	GD16769			unmatched
FBgn0188358	Dsim\GD16770	GD16770			unmatched
FBgn0188359	Dsim\GD16771	GD16771			unmatched
FBgn0188360	Dsim\GD16772	GD16772			unmatched
FBgn0188361	Dsim\GD16773	GD16773			unmatched
FBgn0188362	Dsim\GD16775	GD16775			unmatched
FBgn0188363	Dsim\GD16776	GD16776			unmatched
FBgn0188365	Dsim\GD16778	GD16778			unmatched
FBgn0188366	Dsim\GD16779	GD16779			unmatched
FBgn0188367	Dsim\GD16780	GD16780			unmatched
FBgn0188369	Dsim\GD16782	GD16782			unmatched
FBgn0188370	Dsim\GD16783	GD16783			unmatched
FBgn0188372	Dsim\GD16785	GD16785			unmatched
FBgn0188373	Dsim\GD16786	GD16786			unmatched
FBgn0188374	Dsim\GD16787	GD16787			unmatched
FBgn0188375	Dsim\GD16788	GD16788			unmatched
FBgn0188377	Dsim\GD16790	GD16790			unmatched
FBgn0188378	Dsim\GD16791	GD16791			unmatched
FBgn0188379	Dsim\GD16792	GD16792			unmatched
FBgn0188380	Dsim\GD16793	GD16793			unmatched
FBgn0188382	Dsim\GD16795	GD16795			unmatched
FBgn0188383	Dsim\GD16796	GD16796			unmatched
FBgn0188384	Dsim\GD16797	GD16797			unmatched
FBgn0188387	Dsim\GD16800	GD16800			unmatched
FBgn0188388	Dsim\GD16801	GD16801			unmatched
FBgn0188389	Dsim\GD16802	GD16802			unmatched
FBgn0188391	Dsim\GD16804	GD16804			unmatched
FBgn0188392	Dsim\GD16805	GD16805			unmatched
FBgn0188393	Dsim\GD16806	GD16806			unmatched
FBgn0188394	Dsim\GD16807	GD16807			unmatched
FBgn0188395	Dsim\GD16808	GD16808			unmatched
FBgn0188396	Dsim\GD16809	GD16809			unmatched
FBgn0188397	Dsim\GD16810	GD16810			unmatched
FBgn0188398	Dsim\GD16811	GD16811			unmatched
FBgn0188399	Dsim\GD16812	GD16812			unmatched
FBgn0188400	Dsim\GD16813	GD16813			unmatched
FBgn0188401	Dsim\GD16814	GD16814			unmatched
FBgn0188402	Dsim\GD16815	GD16815			unmatched
FBgn0188403	Dsim\GD16816	GD16816			unmatched
FBgn0188404	Dsim\GD16817	GD16817			unmatched
FBgn0188405	Dsim\GD16818	GD16818			unmatched
FBgn0188406	Dsim\GD16819	GD16819			unmatched
FBgn0188408	Dsim\GD16821	GD16821			unmatched
FBgn0188411	Dsim\GD16824	GD16824			unmatched
FBgn0188412	Dsim\GD16825	GD16825			unmatched
FBgn0188413	Dsim\GD16826	GD16826			unmatched
FBgn0188414	Dsim\GD16827	GD16827			unmatched
FBgn0188416	Dsim\GD16829	GD16829			unmatched
FBgn0188417	Dsim\GD16830	GD16830			unmatched
FBgn0188418	Dsim\GD16831	GD16831			unmatched
FBgn0188420	Dsim\GD16834	GD16834			unmatched
FBgn0188421	Dsim\GD16835	GD16835			unmatched
FBgn0188422	Dsim\GD16836	GD16836			unmatched
FBgn0188423	Dsim\GD16838	GD16838			unmatched
FBgn0188424	Dsim\GD16839	GD16839			unmatched
FBgn0188425	Dsim\GD16840	GD16840			unmatched
FBgn0188426	Dsim\GD16841	GD16841			unmatched
FBgn0188427	Dsim\GD16843	GD16843			unmatched
FBgn0188428	Dsim\GD16844	GD16844			unmatched
FBgn0188429	Dsim\GD16845	GD16845			unmatched
FBgn0188430	Dsim\GD16846	GD16846			unmatched
FBgn0188431	Dsim\GD16847	GD16847			unmatched
FBgn0188433	Dsim\GD16849	GD16849			unmatched
FBgn0188434	Dsim\GD16850	GD16850			unmatched
FBgn0188435	Dsim\GD16851	GD16851			unmatched
FBgn0188436	Dsim\GD16852	GD16852			unmatched
FBgn0188437	Dsim\GD16853	GD16853			unmatched
FBgn0188438	Dsim\GD16854	GD16854			unmatched
FBgn0188439	Dsim\GD16855	GD16855			unmatched
FBgn0188440	Dsim\GD16856	GD16856			unmatched
FBgn0188441	Dsim\GD16857	GD16857			unmatched
FBgn0188442	Dsim\GD16858	GD16858			unmatched
FBgn0188444	Dsim\GD16860	GD16860			unmatched
FBgn0188445	Dsim\GD16861	GD16861			unmatched
FBgn0188446	Dsim\GD16862	GD16862			unmatched
FBgn0188448	Dsim\GD16864	GD16864			unmatched
FBgn0188449	Dsim\GD16865	GD16865			unmatched
FBgn0188450	Dsim\GD16866	GD16866			unmatched
FBgn0188451	Dsim\GD16867	GD16867			unmatched
FBgn0188452	Dsim\GD16868	GD16868			unmatched
FBgn0188453	Dsim\GD16869	GD16869			unmatched
FBgn0188454	Dsim\GD16871	GD16871			unmatched
FBgn0188455	Dsim\GD16872	GD16872			unmatched
FBgn0188456	Dsim\GD16873	GD16873			unmatched
FBgn0188457	Dsim\GD16875	GD16875			unmatched
FBgn0188458	Dsim\GD16876	GD16876			unmatched
FBgn0188459	Dsim\GD16877	GD16877			unmatched
FBgn0188460	Dsim\GD16878	GD16878			unmatched
FBgn0188461	Dsim\GD16879	GD16879			unmatched
FBgn0188462	Dsim\GD16880	GD16880			unmatched
FBgn0188463	Dsim\GD16881	GD16881			unmatched
FBgn0188464	Dsim\GD16882	GD16882			unmatched
FBgn0188465	Dsim\GD16883	GD16883			unmatched
FBgn0188466	Dsim\GD16884	GD16884			unmatched
FBgn0188467	Dsim\GD16885	GD16885			unmatched
FBgn0188468	Dsim\GD16886	GD16886			unmatched
FBgn0188470	Dsim\GD16888	GD16888			unmatched
FBgn0188471	Dsim\GD16889	GD16889			unmatched
FBgn0188472	Dsim\GD16890	GD16890			unmatched
FBgn0188473	Dsim\GD16891	GD16891			unmatched
FBgn0188474	Dsim\GD16892	GD16892			unmatched
FBgn0188476	Dsim\GD16894	GD16894			unmatched
FBgn0188480	Dsim\Es2	Es2	FBgn0023506	Es2	matched
FBgn0188481	Dsim\GD16900	GD16900			unmatched
FBgn0188482	Dsim\GD16901	GD16901			unmatched
FBgn0188483	Dsim\GD16902	GD16902			unmatched
FBgn0188484	Dsim\GD16903	GD16903			unmatched
FBgn0188485	Dsim\GD16904	GD16904			unmatched
FBgn0188487	Dsim\GD16906	GD16906			unmatched
FBgn0188488	Dsim\GD16907	GD16907			unmatched
FBgn0188490	Dsim\GD16910	GD16910			unmatched
FBgn0188491	Dsim\GD16911	GD16911			unmatched
FBgn0188492	Dsim\GD16912	GD16912			unmatched
FBgn0188493	Dsim\GD16913	GD16913			unmatched
FBgn0188494	Dsim\GD16914	GD16914			unmatched
FBgn0188495	Dsim\GD16915	GD16915			unmatched
FBgn0188496	Dsim\GD16916	GD16916			unmatched
FBgn0188497	Dsim\GD16917	GD16917			unmatched
FBgn0188500	Dsim\GD16920	GD16920			unmatched
FBgn0188502	Dsim\GD16922	GD16922			unmatched
FBgn0188504	Dsim\GD16924	GD16924			unmatched
FBgn0188505	Dsim\GD16925	GD16925			unmatched
FBgn0188507	Dsim\GD16927	GD16927			unmatched
FBgn0188508	Dsim\GD16928	GD16928			unmatched
FBgn0188509	Dsim\GD16929	GD16929			unmatched
FBgn0188510	Dsim\GD16930	GD16930			unmatched
FBgn0188511	Dsim\GD16931	GD16931			unmatched
FBgn0188512	Dsim\GD16932	GD16932			unmatched
FBgn0188513	Dsim\GD16933	GD16933			unmatched
FBgn0188514	Dsim\GD16934	GD16934			unmatched
FBgn0188515	Dsim\GD16935	GD16935			unmatched
FBgn0188517	Dsim\GD16937	GD16937			unmatched
FBgn0188519	Dsim\Obp8a	Obp8a	FBgn0030103	Obp8a	matched
FBgn0188520	Dsim\GD16940	GD16940			unmatched
FBgn0188521	Dsim\GD16941	GD16941			unmatched
FBgn0188522	Dsim\GD16942	GD16942			unmatched
FBgn0188523	Dsim\GD16943	GD16943			unmatched
FBgn0188526	Dsim\GD16947	GD16947			unmatched
FBgn0188527	Dsim\GD16948	GD16948			unmatched
FBgn0188528	Dsim\GD16949	GD16949			unmatched
FBgn0188529	Dsim\GD16950	GD16950			unmatched
FBgn0188530	Dsim\GD16951	GD16951			unmatched
FBgn0188534	Dsim\GD16956	GD16956			unmatched
FBgn0188536	Dsim\GD16958	GD16958			unmatched
FBgn0188538	Dsim\GD16960	GD16960			unmatched
FBgn0188539	Dsim\GD16961	GD16961			unmatched
FBgn0188541	Dsim\GD16963	GD16963			unmatched
FBgn0188542	Dsim\GD16964	GD16964			unmatched
FBgn0188543	Dsim\GD16965	GD16965			unmatched
FBgn0188544	Dsim\GD16966	GD16966			unmatched
FBgn0188545	Dsim\GD16967	GD16967			unmatched
FBgn0188546	Dsim\GD16968	GD16968			unmatched
FBgn0188547	Dsim\GD16969	GD16969			unmatched
FBgn0188548	Dsim\GD16970	GD16970			unmatched
FBgn0188549	Dsim\GD16971	GD16971			unmatched
FBgn0188550	Dsim\GD16972	GD16972			unmatched
FBgn0188552	Dsim\GD16974	GD16974			unmatched
FBgn0188553	Dsim\GD16975	GD16975			unmatched
FBgn0188554	Dsim\GD16976	GD16976			unmatched
FBgn0188555	Dsim\GD16977	GD16977			unmatched
FBgn0188556	Dsim\GD16978	GD16978			unmatched
FBgn0188557	Dsim\GD16979	GD16979			unmatched
FBgn0188558	Dsim\GD16980	GD16980			unmatched
FBgn0188561	Dsim\GD16983	GD16983			unmatched
FBgn0188562	Dsim\GD16984	GD16984			unmatched
FBgn0188563	Dsim\GD16985	GD16985			unmatched
FBgn0188564	Dsim\GD16986	GD16986			unmatched
FBgn0188565	Dsim\GD16987	GD16987			unmatched
FBgn0188566	Dsim\GD16988	GD16988			unmatched
FBgn0188567	Dsim\GD16989	GD16989			unmatched
FBgn0188568	Dsim\GD16990	GD16990			unmatched
FBgn0188569	Dsim\GD16991	GD16991			unmatched
FBgn0188570	Dsim\GD16992	GD16992			unmatched
FBgn0188571	Dsim\GD16994	GD16994			unmatched
FBgn0188572	Dsim\GD16995	GD16995			unmatched
FBgn0188573	Dsim\GD16996	GD16996			unmatched
FBgn0188574	Dsim\GD16997	GD16997			unmatched
FBgn0188576	Dsim\GD16999	GD16999			unmatched
FBgn0188577	Dsim\GD17000	GD17000			unmatched
FBgn0188579	Dsim\GD17002	GD17002			unmatched
FBgn0188580	Dsim\GD17003	GD17003			unmatched
FBgn0188581	Dsim\GD17004	GD17004			unmatched
FBgn0188582	Dsim\GD17005	GD17005			unmatched
FBgn0188583	Dsim\GD17006	GD17006			unmatched
FBgn0188584	Dsim\GD17007	GD17007			unmatched
FBgn0188585	Dsim\GD17008	GD17008			unmatched
FBgn0188586	Dsim\GD17009	GD17009			unmatched
FBgn0188587	Dsim\GD17010	GD17010			unmatched
FBgn0188588	Dsim\GD17011	GD17011			unmatched
FBgn0188589	Dsim\GD17012	GD17012			unmatched
FBgn0188590	Dsim\GD17013	GD17013			unmatched
FBgn0188591	Dsim\GD17015	GD17015			unmatched
FBgn0188592	Dsim\GD17016	GD17016			unmatched
FBgn0188594	Dsim\GD17018	GD17018			unmatched
FBgn0188596	Dsim\GD17020	GD17020			unmatched
FBgn0188597	Dsim\GD17021	GD17021			unmatched
FBgn0188598	Dsim\GD17022	GD17022			unmatched
FBgn0188599	Dsim\GD17023	GD17023			unmatched
FBgn0188600	Dsim\GD17024	GD17024			unmatched
FBgn0188602	Dsim\GD17026	GD17026			unmatched
FBgn0188603	Dsim\GD17028	GD17028			unmatched
FBgn0188605	Dsim\GD17031	GD17031			unmatched
FBgn0188606	Dsim\GD17032	GD17032			unmatched
FBgn0188608	Dsim\GD17034	GD17034			unmatched
FBgn0188609	Dsim\GD17035	GD17035			unmatched
FBgn0188610	Dsim\GD17036	GD17036			unmatched
FBgn0188611	Dsim\GD17037	GD17037			unmatched
FBgn0188612	Dsim\GD17039	GD17039			unmatched
FBgn0188613	Dsim\GD17040	GD17040			unmatched
FBgn0188614	Dsim\GD17041	GD17041			unmatched
FBgn0188615	Dsim\GD17042	GD17042			unmatched
FBgn0188616	Dsim\GD17043	GD17043			unmatched
FBgn0188619	Dsim\GD17046	GD17046			unmatched
FBgn0188620	Dsim\GD17047	GD17047			unmatched
FBgn0188621	Dsim\GD17048	GD17048			unmatched
FBgn0188622	Dsim\GD17049	GD17049			unmatched
FBgn0188623	Dsim\GD17050	GD17050			unmatched
FBgn0188624	Dsim\GD17052	GD17052			unmatched
FBgn0188625	Dsim\GD17053	GD17053			unmatched
FBgn0188626	Dsim\GD17054	GD17054			unmatched
FBgn0188627	Dsim\GD17055	GD17055			unmatched
FBgn0188628	Dsim\GD17056	GD17056			unmatched
FBgn0188629	Dsim\GD17057	GD17057			unmatched
FBgn0188630	Dsim\GD17058	GD17058			unmatched
FBgn0188631	Dsim\GD17059	GD17059			unmatched
FBgn0188632	Dsim\GD17060	GD17060			unmatched
FBgn0188633	Dsim\GD17061	GD17061			unmatched
FBgn0188636	Dsim\GD17064	GD17064			unmatched
FBgn0188637	Dsim\GD17065	GD17065			unmatched
FBgn0188638	Dsim\GD17066	GD17066			unmatched
FBgn0188640	Dsim\GD17068	GD17068			unmatched
FBgn0188643	Dsim\GD17072	GD17072			unmatched
FBgn0188646	Dsim\GD17075	GD17075			unmatched
FBgn0188647	Dsim\GD17076	GD17076			unmatched
FBgn0188648	Dsim\GD17077	GD17077			unmatched
FBgn0188649	Dsim\GD17078	GD17078			unmatched
FBgn0188650	Dsim\GD17079	GD17079			unmatched
FBgn0188651	Dsim\GD17080	GD17080			unmatched
FBgn0188652	Dsim\GD17081	GD17081			unmatched
FBgn0188653	Dsim\GD17082	GD17082			unmatched
FBgn0188654	Dsim\GD17084	GD17084			unmatched
FBgn0188655	Dsim\GD17085	GD17085			unmatched
FBgn0188656	Dsim\GD17086	GD17086			unmatched
FBgn0188657	Dsim\GD17087	GD17087			unmatched
FBgn0188658	Dsim\GD17088	GD17088			unmatched
FBgn0188660	Dsim\GD17090	GD17090			unmatched
FBgn0188661	Dsim\GD17091	GD17091			unmatched
FBgn0188662	Dsim\GD17092	GD17092			unmatched
FBgn0188663	Dsim\GD17093	GD17093			unmatched
FBgn0188665	Dsim\GD17095	GD17095			unmatched
FBgn0188668	Dsim\GD17098	GD17098			unmatched
FBgn0188669	Dsim\GD17099	GD17099			unmatched
FBgn0188670	Dsim\GD17100	GD17100			unmatched
FBgn0188671	Dsim\GD17101	GD17101			unmatched
FBgn0188672	Dsim\GD17102	GD17102			unmatched
FBgn0188673	Dsim\GD17103	GD17103			unmatched
FBgn0188675	Dsim\GD17105	GD17105			unmatched
FBgn0188676	Dsim\GD17106	GD17106			unmatched
FBgn0188677	Dsim\GD17107	GD17107			unmatched
FBgn0188679	Dsim\GD17109	GD17109			unmatched
FBgn0188680	Dsim\GD17110	GD17110			unmatched
FBgn0188681	Dsim\GD17111	GD17111			unmatched
FBgn0188682	Dsim\GD17112	GD17112			unmatched
FBgn0188684	Dsim\GD17114	GD17114			unmatched
FBgn0188685	Dsim\GD17115	GD17115			unmatched
FBgn0188686	Dsim\GD17116	GD17116			unmatched
FBgn0188688	Dsim\GD17118	GD17118			unmatched
FBgn0188689	Dsim\GD17119	GD17119			unmatched
FBgn0188690	Dsim\GD17120	GD17120			unmatched
FBgn0188691	Dsim\GD17121	GD17121			unmatched
FBgn0188692	Dsim\GD17122	GD17122			unmatched
FBgn0188693	Dsim\GD17123	GD17123			unmatched
FBgn0188695	Dsim\GD17125	GD17125			unmatched
FBgn0188696	Dsim\GD17126	GD17126			unmatched
FBgn0188697	Dsim\GD17127	GD17127			unmatched
FBgn0188699	Dsim\GD17129	GD17129			unmatched
FBgn0188700	Dsim\GD17130	GD17130			unmatched
FBgn0188701	Dsim\GD17131	GD17131			unmatched
FBgn0188702	Dsim\GD17132	GD17132			unmatched
FBgn0188704	Dsim\GD17134	GD17134			unmatched
FBgn0188705	Dsim\GD17135	GD17135			unmatched
FBgn0188706	Dsim\GD17136	GD17136			unmatched
FBgn0188707	Dsim\GD17137	GD17137			unmatched
FBgn0188708	Dsim\GD17139	GD17139			unmatched
FBgn0188709	Dsim\GD17140	GD17140			unmatched
FBgn0188710	Dsim\GD17141	GD17141			unmatched
FBgn0188711	Dsim\GD17142	GD17142			unmatched
FBgn0188712	Dsim\GD17143	GD17143			unmatched
FBgn0188713	Dsim\GD17144	GD17144			unmatched
FBgn0188716	Dsim\GD17147	GD17147			unmatched
FBgn0188717	Dsim\GD17148	GD17148			unmatched
FBgn0188718	Dsim\GD17149	GD17149			unmatched
FBgn0188721	Dsim\GD17152	GD17152			unmatched
FBgn0188722	Dsim\GD17153	GD17153			unmatched
FBgn0188723	Dsim\GD17154	GD17154			unmatched
FBgn0188724	Dsim\GD17155	GD17155			unmatched
FBgn0188725	Dsim\GD17156	GD17156			unmatched
FBgn0188726	Dsim\GD17157	GD17157			unmatched
FBgn0188727	Dsim\GD17158	GD17158			unmatched
FBgn0188728	Dsim\GD17159	GD17159			unmatched
FBgn0188730	Dsim\GD17161	GD17161			unmatched
FBgn0188731	Dsim\GD17162	GD17162			unmatched
FBgn0188732	Dsim\GD17163	GD17163			unmatched
FBgn0188735	Dsim\GD17166	GD17166			unmatched
FBgn0188736	Dsim\GD17167	GD17167			unmatched
FBgn0188737	Dsim\GD17168	GD17168			unmatched
FBgn0188738	Dsim\GD17169	GD17169			unmatched
FBgn0188739	Dsim\GD17170	GD17170			unmatched
FBgn0188740	Dsim\GD17171	GD17171			unmatched
FBgn0188741	Dsim\GD17172	GD17172			unmatched
FBgn0188742	Dsim\GD17173	GD17173			unmatched
FBgn0188743	Dsim\GD17175	GD17175			unmatched
FBgn0188744	Dsim\GD17176	GD17176			unmatched
FBgn0188747	Dsim\GD17179	GD17179			unmatched
FBgn0188748	Dsim\GD17181	GD17181			unmatched
FBgn0188749	Dsim\GD17183	GD17183			unmatched
FBgn0188751	Dsim\GD17185	GD17185			unmatched
FBgn0188752	Dsim\GD17186	GD17186			unmatched
FBgn0188753	Dsim\GD17187	GD17187			unmatched
FBgn0188754	Dsim\GD17188	GD17188			unmatched
FBgn0188756	Dsim\GD17191	GD17191			unmatched
FBgn0188757	Dsim\GD17192	GD17192			unmatched
FBgn0188761	Dsim\GD17197	GD17197			unmatched
FBgn0188762	Dsim\GD17198	GD17198			unmatched
FBgn0188765	Dsim\GD17201	GD17201			unmatched
FBgn0188766	Dsim\GD17202	GD17202			unmatched
FBgn0188768	Dsim\GD17204	GD17204			unmatched
FBgn0188770	Dsim\GD17206	GD17206			unmatched
FBgn0188771	Dsim\GD17208	GD17208			unmatched
FBgn0188773	Dsim\GD17210	GD17210			unmatched
FBgn0188774	Dsim\GD17211	GD17211			unmatched
FBgn0188775	Dsim\GD17212	GD17212			unmatched
FBgn0188776	Dsim\GD17213	GD17213			unmatched
FBgn0188777	Dsim\GD17214	GD17214			unmatched
FBgn0188779	Dsim\GD17216	GD17216			unmatched
FBgn0188780	Dsim\GD17217	GD17217			unmatched
FBgn0188781	Dsim\GD17218	GD17218			unmatched
FBgn0188782	Dsim\GD17219	GD17219			unmatched
FBgn0188783	Dsim\GD17220	GD17220			unmatched
FBgn0188784	Dsim\GD17221	GD17221			unmatched
FBgn0188786	Dsim\GD17223	GD17223			unmatched
FBgn0188787	Dsim\GD17224	GD17224			unmatched
FBgn0188788	Dsim\GD17225	GD17225			unmatched
FBgn0188790	Dsim\GD17227	GD17227			unmatched
FBgn0188791	Dsim\GD17228	GD17228			unmatched
FBgn0188792	Dsim\GD17229	GD17229			unmatched
FBgn0188793	Dsim\GD17230	GD17230			unmatched
FBgn0188794	Dsim\GD17231	GD17231			unmatched
FBgn0188795	Dsim\GD17232	GD17232			unmatched
FBgn0188796	Dsim\GD17233	GD17233			unmatched
FBgn0188797	Dsim\GD17234	GD17234			unmatched
FBgn0188798	Dsim\GD17235	GD17235			unmatched
FBgn0188799	Dsim\GD17236	GD17236			unmatched
FBgn0188802	Dsim\GD17239	GD17239			unmatched
FBgn0188803	Dsim\GD17240	GD17240			unmatched
FBgn0188804	Dsim\GD17241	GD17241			unmatched
FBgn0188806	Dsim\GD17243	GD17243			unmatched
FBgn0188808	Dsim\GD17245	GD17245			unmatched
FBgn0188809	Dsim\GD17246	GD17246			unmatched
FBgn0188810	Dsim\GD17247	GD17247			unmatched
FBgn0188811	Dsim\GD17248	GD17248			unmatched
FBgn0188812	Dsim\GD17249	GD17249			unmatched
FBgn0188813	Dsim\GD17251	GD17251			unmatched
FBgn0188814	Dsim\GD17252	GD17252			unmatched
FBgn0188815	Dsim\GD17253	GD17253			unmatched
FBgn0188819	Dsim\GD17257	GD17257			unmatched
FBgn0188820	Dsim\GD17258	GD17258			unmatched
FBgn0188821	Dsim\GD17259	GD17259			unmatched
FBgn0188822	Dsim\GD17260	GD17260			unmatched
FBgn0188823	Dsim\GD17261	GD17261			unmatched
FBgn0188826	Dsim\GD17264	GD17264			unmatched
FBgn0188830	Dsim\GD17268	GD17268			unmatched
FBgn0188831	Dsim\GD17269	GD17269			unmatched
FBgn0188832	Dsim\GD17270	GD17270			unmatched
FBgn0188833	Dsim\GD17271	GD17271			unmatched
FBgn0188834	Dsim\GD17272	GD17272			unmatched
FBgn0188835	Dsim\GD17273	GD17273			unmatched
FBgn0188836	Dsim\GD17274	GD17274			unmatched
FBgn0188837	Dsim\GD17275	GD17275			unmatched
FBgn0188838	Dsim\GD17276	GD17276			unmatched
FBgn0188840	Dsim\GD17278	GD17278			unmatched
FBgn0188841	Dsim\GD17279	GD17279			unmatched
FBgn0188843	Dsim\GD17281	GD17281			unmatched
FBgn0188844	Dsim\GD17283	GD17283			unmatched
FBgn0188845	Dsim\GD17284	GD17284			unmatched
FBgn0188846	Dsim\GD17285	GD17285			unmatched
FBgn0188847	Dsim\GD17286	GD17286			unmatched
FBgn0188848	Dsim\GD17287	GD17287			unmatched
FBgn0188849	Dsim\GD17288	GD17288			unmatched
FBgn0188851	Dsim\GD17290	GD17290			unmatched
FBgn0188852	Dsim\GD17291	GD17291			unmatched
FBgn0188853	Dsim\GD17292	GD17292			unmatched
FBgn0188854	Dsim\GD17293	GD17293			unmatched
FBgn0188856	Dsim\GD17295	GD17295			unmatched
FBgn0188857	Dsim\GD17296	GD17296			unmatched
FBgn0188859	Dsim\GD17298	GD17298			unmatched
FBgn0188861	Dsim\GD17300	GD17300			unmatched
FBgn0188862	Dsim\GD17301	GD17301			unmatched
FBgn0188863	Dsim\GD17302	GD17302			unmatched
FBgn0188864	Dsim\GD17303	GD17303			unmatched
FBgn0188865	Dsim\GD17304	GD17304			unmatched
FBgn0188866	Dsim\GD17305	GD17305			unmatched
FBgn0188867	Dsim\GD17306	GD17306			unmatched
FBgn0188869	Dsim\GD17308	GD17308			unmatched
FBgn0188870	Dsim\GD17309	GD17309			unmatched
FBgn0188871	Dsim\GD17310	GD17310			unmatched
FBgn0188872	Dsim\GD17311	GD17311			unmatched
FBgn0188873	Dsim\GD17312	GD17312			unmatched
FBgn0188874	Dsim\GD17313	GD17313			unmatched
FBgn0188875	Dsim\GD17314	GD17314			unmatched
FBgn0188877	Dsim\GD17316	GD17316			unmatched
FBgn0188878	Dsim\GD17317	GD17317			unmatched
FBgn0188879	Dsim\GD17318	GD17318			unmatched
FBgn0188881	Dsim\GD17320	GD17320			unmatched
FBgn0188883	Dsim\GD17323	GD17323			unmatched
FBgn0188884	Dsim\GD17324	GD17324			unmatched
FBgn0188885	Dsim\GD17325	GD17325			unmatched
FBgn0188886	Dsim\GD17326	GD17326			unmatched
FBgn0188887	Dsim\GD17327	GD17327			unmatched
FBgn0188888	Dsim\GD17328	GD17328			unmatched
FBgn0188889	Dsim\GD17329	GD17329			unmatched
FBgn0188890	Dsim\GD17330	GD17330			unmatched
FBgn0188891	Dsim\GD17331	GD17331			unmatched
FBgn0188893	Dsim\GD17333	GD17333			unmatched
FBgn0188894	Dsim\GD17334	GD17334			unmatched
FBgn0188895	Dsim\GD17335	GD17335			unmatched
FBgn0188896	Dsim\GD17336	GD17336			unmatched
FBgn0188897	Dsim\GD17337	GD17337			unmatched
FBgn0188898	Dsim\GD17338	GD17338			unmatched
FBgn0188901	Dsim\GD17341	GD17341			unmatched
FBgn0188902	Dsim\GD17342	GD17342			unmatched
FBgn0188903	Dsim\GD17343	GD17343			unmatched
FBgn0188904	Dsim\GD17344	GD17344			unmatched
FBgn0188905	Dsim\GD17345	GD17345			unmatched
FBgn0188907	Dsim\GD17347	GD17347			unmatched
FBgn0188908	Dsim\GD17348	GD17348			unmatched
FBgn0188909	Dsim\GD17349	GD17349			unmatched
FBgn0188910	Dsim\GD17350	GD17350			unmatched
FBgn0188911	Dsim\GD17351	GD17351			unmatched
FBgn0188912	Dsim\GD17352	GD17352			unmatched
FBgn0188913	Dsim\GD17353	GD17353			unmatched
FBgn0188914	Dsim\GD17355	GD17355			unmatched
FBgn0188915	Dsim\GD17356	GD17356			unmatched
FBgn0188916	Dsim\GD17357	GD17357			unmatched
FBgn0188918	Dsim\GD17359	GD17359			unmatched
FBgn0188919	Dsim\GD17360	GD17360			unmatched
FBgn0188922	Dsim\GD17363	GD17363			unmatched
FBgn0188923	Dsim\GD17364	GD17364			unmatched
FBgn0188924	Dsim\GD17365	GD17365			unmatched
FBgn0188925	Dsim\GD17366	GD17366			unmatched
FBgn0188927	Dsim\GD17368	GD17368			unmatched
FBgn0188929	Dsim\GD17370	GD17370			unmatched
FBgn0188930	Dsim\GD17371	GD17371			unmatched
FBgn0188931	Dsim\GD17372	GD17372			unmatched
FBgn0188932	Dsim\GD17373	GD17373			unmatched
FBgn0188933	Dsim\GD17374	GD17374			unmatched
FBgn0188934	Dsim\GD17375	GD17375			unmatched
FBgn0188935	Dsim\GD17376	GD17376			unmatched
FBgn0188937	Dsim\GD17379	GD17379			unmatched
FBgn0188940	Dsim\GD17382	GD17382			unmatched
FBgn0188941	Dsim\GD17383	GD17383			unmatched
FBgn0188942	Dsim\GD17384	GD17384			unmatched
FBgn0188943	Dsim\GD17385	GD17385			unmatched
FBgn0188948	Dsim\GD17391	GD17391			unmatched
FBgn0188949	Dsim\GD17392	GD17392			unmatched
FBgn0188950	Dsim\GD17393	GD17393			unmatched
FBgn0188951	Dsim\GD17394	GD17394			unmatched
FBgn0188952	Dsim\GD17395	GD17395			unmatched
FBgn0188953	Dsim\GD17396	GD17396			unmatched
FBgn0188954	Dsim\GD17397	GD17397			unmatched
FBgn0188955	Dsim\GD17398	GD17398			unmatched
FBgn0188956	Dsim\GD17400	GD17400			unmatched
FBgn0188959	Dsim\GD17403	GD17403			unmatched
FBgn0188960	Dsim\GD17404	GD17404			unmatched
FBgn0188961	Dsim\GD17405	GD17405			unmatched
FBgn0188963	Dsim\GD17407	GD17407			unmatched
FBgn0188965	Dsim\GD17409	GD17409			unmatched
FBgn0188966	Dsim\GD17411	GD17411			unmatched
FBgn0188967	Dsim\GD17412	GD17412			unmatched
FBgn0188971	Dsim\GD17416	GD17416			unmatched
FBgn0188972	Dsim\GD17417	GD17417			unmatched
FBgn0188973	Dsim\GD17418	GD17418			unmatched
FBgn0188975	Dsim\GD17420	GD17420			unmatched
FBgn0188977	Dsim\GD17423	GD17423			unmatched
FBgn0188978	Dsim\GD17424	GD17424			unmatched
FBgn0188980	Dsim\GD17426	GD17426			unmatched
FBgn0188981	Dsim\GD17427	GD17427			unmatched
FBgn0188983	Dsim\GD17429	GD17429			unmatched
FBgn0188985	Dsim\GD17431	GD17431			unmatched
FBgn0188986	Dsim\GD17432	GD17432			unmatched
FBgn0188988	Dsim\GD17434	GD17434			unmatched
FBgn0188989	Dsim\GD17435	GD17435			unmatched
FBgn0188990	Dsim\GD17436	GD17436			unmatched
FBgn0188991	Dsim\GD17437	GD17437			unmatched
FBgn0188994	Dsim\GD17440	GD17440			unmatched
FBgn0188997	Dsim\GD17443	GD17443			unmatched
FBgn0188998	Dsim\GD17444	GD17444			unmatched
FBgn0189000	Dsim\GD17446	GD17446			unmatched
FBgn0189001	Dsim\GD17447	GD17447			unmatched
FBgn0189002	Dsim\GD17448	GD17448			unmatched
FBgn0189003	Dsim\GD17449	GD17449			unmatched
FBgn0189004	Dsim\GD17450	GD17450			unmatched
FBgn0189007	Dsim\GD17453	GD17453			unmatched
FBgn0189008	Dsim\GD17455	GD17455			unmatched
FBgn0189009	Dsim\GD17456	GD17456			unmatched
FBgn0189010	Dsim\GD17457	GD17457			unmatched
FBgn0189011	Dsim\GD17458	GD17458			unmatched
FBgn0189014	Dsim\GD17461	GD17461			unmatched
FBgn0189016	Dsim\GD17463	GD17463			unmatched
FBgn0189018	Dsim\GD17465	GD17465			unmatched
FBgn0189019	Dsim\GD17466	GD17466			unmatched
FBgn0189020	Dsim\GD17467	GD17467			unmatched
FBgn0189022	Dsim\GD17469	GD17469			unmatched
FBgn0189026	Dsim\GD17474	GD17474			unmatched
FBgn0189027	Dsim\GD17475	GD17475			unmatched
FBgn0189028	Dsim\GD17476	GD17476			unmatched
FBgn0189029	Dsim\GD17477	GD17477			unmatched
FBgn0189031	Dsim\GD17479	GD17479			unmatched
FBgn0189032	Dsim\GD17480	GD17480			unmatched
FBgn0189033	Dsim\GD17481	GD17481			unmatched
FBgn0189034	Dsim\GD17482	GD17482			unmatched
FBgn0189038	Dsim\GD17486	GD17486			unmatched
FBgn0189039	Dsim\GD17487	GD17487			unmatched
FBgn0189040	Dsim\GD17488	GD17488			unmatched
FBgn0189041	Dsim\GD17489	GD17489			unmatched
FBgn0189042	Dsim\Obp19d	Obp19d	FBgn0011280	Obp19d	matched
FBgn0189043	Dsim\GD17491	GD17491			unmatched
FBgn0189044	Dsim\GD17492	GD17492			unmatched
FBgn0189045	Dsim\GD17493	GD17493			unmatched
FBgn0189046	Dsim\GD17494	GD17494			unmatched
FBgn0189047	Dsim\GD17495	GD17495			unmatched
FBgn0189048	Dsim\GD17496	GD17496			unmatched
FBgn0189049	Dsim\GD17497	GD17497			unmatched
FBgn0189053	Dsim\GD17503	GD17503			unmatched
FBgn0189055	Dsim\GD17505	GD17505			unmatched
FBgn0189056	Dsim\GD17506	GD17506			unmatched
FBgn0189057	Dsim\GD17507	GD17507			unmatched
FBgn0189058	Dsim\GD17508	GD17508			unmatched
FBgn0189060	Dsim\GD17510	GD17510			unmatched
FBgn0189061	Dsim\GD17511	GD17511			unmatched
FBgn0189062	Dsim\GD17512	GD17512			unmatched
FBgn0189064	Dsim\GD17514	GD17514			unmatched
FBgn0189066	Dsim\GD17516	GD17516			unmatched
FBgn0189067	Dsim\GD17517	GD17517			unmatched
FBgn0189069	Dsim\GD17519	GD17519			unmatched
FBgn0189072	Dsim\GD17522	GD17522			unmatched
FBgn0189073	Dsim\GD17523	GD17523			unmatched
FBgn0189074	Dsim\GD17524	GD17524			unmatched
FBgn0189076	Dsim\GD17526	GD17526			unmatched
FBgn0189077	Dsim\GD17527	GD17527			unmatched
FBgn0189078	Dsim\GD17528	GD17528			unmatched
FBgn0189079	Dsim\GD17529	GD17529			unmatched
FBgn0189081	Dsim\GD17531	GD17531			unmatched
FBgn0189082	Dsim\GD17532	GD17532			unmatched
FBgn0189083	Dsim\GD17533	GD17533			unmatched
FBgn0189084	Dsim\GD17534	GD17534			unmatched
FBgn0189085	Dsim\GD17535	GD17535			unmatched
FBgn0189087	Dsim\GD17537	GD17537			unmatched
FBgn0189088	Dsim\GD17538	GD17538			unmatched
FBgn0189091	Dsim\GD17541	GD17541			unmatched
FBgn0189092	Dsim\GD17542	GD17542			unmatched
FBgn0189093	Dsim\GD17543	GD17543			unmatched
FBgn0189094	Dsim\GD17544	GD17544			unmatched
FBgn0189095	Dsim\Cp110	Cp110	FBgn0031191	Cp110	matched
FBgn0189100	Dsim\GD17550	GD17550			unmatched
FBgn0189101	Dsim\GD17551	GD17551			unmatched
FBgn0189104	Dsim\GD17554	GD17554			unmatched
FBgn0189105	Dsim\GD17555	GD17555			unmatched
FBgn0189106	Dsim\GD17556	GD17556			unmatched
FBgn0189108	Dsim\GD17558	GD17558			unmatched
FBgn0189109	Dsim\GD17559	GD17559			unmatched
FBgn0189110	Dsim\GD17560	GD17560			unmatched
FBgn0189111	Dsim\GD17561	GD17561			unmatched
FBgn0189112	Dsim\GD17562	GD17562			unmatched
FBgn0189113	Dsim\GD17563	GD17563			unmatched
FBgn0189117	Dsim\GD17567	GD17567			unmatched
FBgn0189118	Dsim\GD17568	GD17568			unmatched
FBgn0189120	Dsim\GD17570	GD17570			unmatched
FBgn0189121	Dsim\GD17571	GD17571			unmatched
FBgn0189124	Dsim\GD17574	GD17574			unmatched
FBgn0189125	Dsim\GD17575	GD17575			unmatched
FBgn0189126	Dsim\GD17576	GD17576			unmatched
FBgn0189127	Dsim\GD17577	GD17577			unmatched
FBgn0189128	Dsim\GD17578	GD17578			unmatched
FBgn0189129	Dsim\GD17579	GD17579			unmatched
FBgn0189130	Dsim\GD17580	GD17580			unmatched
FBgn0189133	Dsim\GD17583	GD17583			unmatched
FBgn0189134	Dsim\GD17584	GD17584			unmatched
FBgn0189135	Dsim\GD17585	GD17585			unmatched
FBgn0189136	Dsim\GD17586	GD17586			unmatched
FBgn0189139	Dsim\GD17589	GD17589			unmatched
FBgn0189140	Dsim\GD17590	GD17590			unmatched
FBgn0189141	Dsim\GD17591	GD17591			unmatched
FBgn0189143	Dsim\GD17593	GD17593			unmatched
FBgn0189144	Dsim\GD17594	GD17594			unmatched
FBgn0189145	Dsim\GD17595	GD17595			unmatched
FBgn0189146	Dsim\GD17596	GD17596			unmatched
FBgn0189147	Dsim\GD17597	GD17597			unmatched
FBgn0189148	Dsim\GD17598	GD17598			unmatched
FBgn0189149	Dsim\GD17599	GD17599			unmatched
FBgn0189150	Dsim\GD17600	GD17600			unmatched
FBgn0189151	Dsim\GD17601	GD17601			unmatched
FBgn0189152	Dsim\GD17602	GD17602			unmatched
FBgn0189153	Dsim\GD17603	GD17603			unmatched
FBgn0189154	Dsim\GD17604	GD17604			unmatched
FBgn0189155	Dsim\GD17605	GD17605			unmatched
FBgn0189156	Dsim\GD17606	GD17606			unmatched
FBgn0189157	Dsim\GD17607	GD17607			unmatched
FBgn0189158	Dsim\GD17608	GD17608			unmatched
FBgn0189159	Dsim\GD17609	GD17609			unmatched
FBgn0189160	Dsim\GD17610	GD17610			unmatched
FBgn0189161	Dsim\GD17611	GD17611			unmatched
FBgn0189162	Dsim\GD17612	GD17612			unmatched
FBgn0189163	Dsim\GD17613	GD17613			unmatched
FBgn0189166	Dsim\GD17616	GD17616			unmatched
FBgn0189167	Dsim\GD17617	GD17617			unmatched
FBgn0189169	Dsim\GD17619	GD17619			unmatched
FBgn0189170	Dsim\GD17620	GD17620			unmatched
FBgn0189171	Dsim\GD17621	GD17621			unmatched
FBgn0189173	Dsim\GD17623	GD17623			unmatched
FBgn0189175	Dsim\GD17625	GD17625			unmatched
FBgn0189176	Dsim\GD17626	GD17626			unmatched
FBgn0189178	Dsim\GD17628	GD17628			unmatched
FBgn0189179	Dsim\GD17629	GD17629			unmatched
FBgn0189180	Dsim\GD17630	GD17630			unmatched
FBgn0189182	Dsim\GD17632	GD17632			unmatched
FBgn0189183	Dsim\GD17633	GD17633			unmatched
FBgn0189184	Dsim\GD17634	GD17634			unmatched
FBgn0189185	Dsim\GD17635	GD17635			unmatched
FBgn0189188	Dsim\GD17638	GD17638			unmatched
FBgn0189191	Dsim\GD17641	GD17641			unmatched
FBgn0189193	Dsim\GD17643	GD17643			unmatched
FBgn0189194	Dsim\GD17644	GD17644			unmatched
FBgn0189195	Dsim\GD17645	GD17645			unmatched
FBgn0189196	Dsim\GD17646	GD17646			unmatched
FBgn0189197	Dsim\GD17647	GD17647			unmatched
FBgn0189198	Dsim\GD17648	GD17648			unmatched
FBgn0189199	Dsim\GD17649	GD17649			unmatched
FBgn0189200	Dsim\GD17650	GD17650			unmatched
FBgn0189201	Dsim\GD17651	GD17651			unmatched
FBgn0189202	Dsim\GD17652	GD17652			unmatched
FBgn0189203	Dsim\GD17653	GD17653			unmatched
FBgn0189205	Dsim\GD17655	GD17655			unmatched
FBgn0189206	Dsim\GD17657	GD17657			unmatched
FBgn0189209	Dsim\GD17660	GD17660			unmatched
FBgn0189215	Dsim\GD17666	GD17666			unmatched
FBgn0189220	Dsim\GD17671	GD17671			unmatched
FBgn0189221	Dsim\GD17672	GD17672			unmatched
FBgn0189222	Dsim\GD17673	GD17673			unmatched
FBgn0189225	Dsim\GD17676	GD17676			unmatched
FBgn0189227	Dsim\GD17678	GD17678			unmatched
FBgn0189229	Dsim\GD17680	GD17680			unmatched
FBgn0189232	Dsim\GD17683	GD17683			unmatched
FBgn0189234	Dsim\Obp99b	Obp99b	FBgn0039685	Obp99b	matched
FBgn0189236	Dsim\GD17687	GD17687			unmatched
FBgn0189239	Dsim\Obp99c	Obp99c	FBgn0039682	Obp99c	matched
FBgn0189240	Dsim\GD17691	GD17691			unmatched
FBgn0189241	Dsim\GD17692	GD17692			unmatched
FBgn0189242	Dsim\GD17693	GD17693			unmatched
FBgn0189244	Dsim\GD17695	GD17695			unmatched
FBgn0189246	Dsim\GD17697	GD17697			unmatched
FBgn0189247	Dsim\GD17698	GD17698			unmatched
FBgn0189248	Dsim\GD17699	GD17699			unmatched
FBgn0189251	Dsim\GD17702	GD17702			unmatched
FBgn0189253	Dsim\GD17704	GD17704			unmatched
FBgn0189254	Dsim\GD17705	GD17705			unmatched
FBgn0189255	Dsim\GD17706	GD17706			unmatched
FBgn0189258	Dsim\GD17709	GD17709			unmatched
FBgn0189261	Dsim\GD17712	GD17712			unmatched
FBgn0189264	Dsim\GD17715	GD17715			unmatched
FBgn0189269	Dsim\GD17720	GD17720			unmatched
FBgn0189273	Dsim\GD17724	GD17724			unmatched
FBgn0189275	Dsim\GD17726	GD17726			unmatched
FBgn0189280	Dsim\GD17731	GD17731			unmatched
FBgn0189288	Dsim\GD17739	GD17739			unmatched
FBgn0189290	Dsim\GD17741	GD17741			unmatched
FBgn0189292	Dsim\GD17743	GD17743			unmatched
FBgn0189295	Dsim\GD17746	GD17746			unmatched
FBgn0189301	Dsim\GD17753	GD17753			unmatched
FBgn0189308	Dsim\GD17760	GD17760			unmatched
FBgn0189312	Dsim\GD17764	GD17764			unmatched
FBgn0189316	Dsim\GD17768	GD17768			unmatched
FBgn0189322	Dsim\GD17774	GD17774			unmatched
FBgn0189323	Dsim\GD17775	GD17775			unmatched
FBgn0189324	Dsim\GD17776	GD17776			unmatched
FBgn0189329	Dsim\GD17781	GD17781			unmatched
FBgn0189334	Dsim\GD17786	GD17786			unmatched
FBgn0189347	Dsim\GD17799	GD17799			unmatched
FBgn0189351	Dsim\GD17803	GD17803			unmatched
FBgn0189353	Dsim\GD17805	GD17805			unmatched
FBgn0189366	Dsim\GD17818	GD17818			unmatched
FBgn0189368	Dsim\GD17820	GD17820			unmatched
FBgn0189371	Dsim\GD17823	GD17823			unmatched
FBgn0189372	Dsim\GD17824	GD17824			unmatched
FBgn0189379	Dsim\GD17831	GD17831			unmatched
FBgn0189382	Dsim\GD17834	GD17834			unmatched
FBgn0189387	Dsim\GD17839	GD17839			unmatched
FBgn0189390	Dsim\GD17842	GD17842			unmatched
FBgn0189393	Dsim\GD17845	GD17845			unmatched
FBgn0189399	Dsim\GD17852	GD17852			unmatched
FBgn0189400	Dsim\GD17853	GD17853			unmatched
FBgn0189409	Dsim\GD17862	GD17862			unmatched
FBgn0189414	Dsim\GD17867	GD17867			unmatched
FBgn0189415	Dsim\GD17868	GD17868			unmatched
FBgn0189417	Dsim\GD17870	GD17870			unmatched
FBgn0189420	Dsim\GD17873	GD17873			unmatched
FBgn0189429	Dsim\GD17882	GD17882			unmatched
FBgn0189431	Dsim\GD17884	GD17884			unmatched
FBgn0189436	Dsim\GD17889	GD17889			unmatched
FBgn0189440	Dsim\GD17893	GD17893			unmatched
FBgn0189442	Dsim\GD17895	GD17895			unmatched
FBgn0189445	Dsim\GD17898	GD17898			unmatched
FBgn0189451	Dsim\GD17905	GD17905			unmatched
FBgn0189452	Dsim\GD17906	GD17906			unmatched
FBgn0189455	Dsim\GD17909	GD17909			unmatched
FBgn0189457	Dsim\GD17911	GD17911			unmatched
FBgn0189459	Dsim\GD17913	GD17913			unmatched
FBgn0189463	Dsim\GD17917	GD17917			unmatched
FBgn0189465	Dsim\GD17919	GD17919			unmatched
FBgn0189468	Dsim\GD17922	GD17922			unmatched
FBgn0189470	Dsim\GD17924	GD17924			unmatched
FBgn0189474	Dsim\GD17928	GD17928			unmatched
FBgn0189485	Dsim\GD17939	GD17939			unmatched
FBgn0189487	Dsim\GD17941	GD17941			unmatched
FBgn0189492	Dsim\GD17946	GD17946			unmatched
FBgn0189493	Dsim\GD17947	GD17947			unmatched
FBgn0189496	Dsim\GD17950	GD17950			unmatched
FBgn0189500	Dsim\GD17954	GD17954			unmatched
FBgn0189501	Dsim\GD17955	GD17955			unmatched
FBgn0189502	Dsim\GD17956	GD17956			unmatched
FBgn0189506	Dsim\GD17960	GD17960			unmatched
FBgn0189517	Dsim\GD17971	GD17971			unmatched
FBgn0189521	Dsim\GD17975	GD17975			unmatched
FBgn0189528	Dsim\GD17982	GD17982			unmatched
FBgn0189539	Dsim\GD17993	GD17993			unmatched
FBgn0189540	Dsim\GD17994	GD17994			unmatched
FBgn0189541	Dsim\GD17995	GD17995			unmatched
FBgn0189542	Dsim\GD17996	GD17996			unmatched
FBgn0189545	Dsim\GD17999	GD17999			unmatched
FBgn0189546	Dsim\GD18000	GD18000			unmatched
FBgn0189547	Dsim\GD18002	GD18002			unmatched
FBgn0189549	Dsim\GD18004	GD18004			unmatched
FBgn0189552	Dsim\GD18007	GD18007			unmatched
FBgn0189553	Dsim\GD18008	GD18008			unmatched
FBgn0189554	Dsim\GD18009	GD18009			unmatched
FBgn0189557	Dsim\GD18012	GD18012			unmatched
FBgn0189558	Dsim\GD18013	GD18013			unmatched
FBgn0189560	Dsim\GD18015	GD18015			unmatched
FBgn0189561	Dsim\GD18016	GD18016			unmatched
FBgn0189562	Dsim\GD18017	GD18017			unmatched
FBgn0189564	Dsim\GD18019	GD18019			unmatched
FBgn0189565	Dsim\GD18021	GD18021			unmatched
FBgn0189566	Dsim\GD18022	GD18022			unmatched
FBgn0189567	Dsim\GD18023	GD18023			unmatched
FBgn0189568	Dsim\GD18024	GD18024			unmatched
FBgn0189569	Dsim\GD18025	GD18025			unmatched
FBgn0189570	Dsim\GD18026	GD18026			unmatched
FBgn0189571	Dsim\GD18027	GD18027			unmatched
FBgn0189572	Dsim\GD18028	GD18028			unmatched
FBgn0189575	Dsim\GD18031	GD18031			unmatched
FBgn0189576	Dsim\GD18032	GD18032			unmatched
FBgn0189577	Dsim\GD18033	GD18033			unmatched
FBgn0189578	Dsim\GD18034	GD18034			unmatched
FBgn0189580	Dsim\GD18036	GD18036			unmatched
FBgn0189581	Dsim\GD18037	GD18037			unmatched
FBgn0189583	Dsim\GD18039	GD18039			unmatched
FBgn0189585	Dsim\GD18041	GD18041			unmatched
FBgn0189587	Dsim\GD18043	GD18043			unmatched
FBgn0189588	Dsim\GD18044	GD18044			unmatched
FBgn0189590	Dsim\GD18046	GD18046			unmatched
FBgn0189591	Dsim\GD18047	GD18047			unmatched
FBgn0189592	Dsim\GD18048	GD18048			unmatched
FBgn0189593	Dsim\GD18049	GD18049			unmatched
FBgn0189595	Dsim\GD18051	GD18051			unmatched
FBgn0189596	Dsim\GD18052	GD18052			unmatched
FBgn0189597	Dsim\GD18053	GD18053			unmatched
FBgn0189598	Dsim\GD18054	GD18054			unmatched
FBgn0189605	Dsim\GD18061	GD18061			unmatched
FBgn0189607	Dsim\GD18063	GD18063			unmatched
FBgn0189608	Dsim\GD18064	GD18064			unmatched
FBgn0189609	Dsim\GD18065	GD18065			unmatched
FBgn0189611	Dsim\GD18068	GD18068			unmatched
FBgn0189612	Dsim\GD18069	GD18069			unmatched
FBgn0189613	Dsim\GD18070	GD18070			unmatched
FBgn0189614	Dsim\GD18071	GD18071			unmatched
FBgn0189615	Dsim\GD18072	GD18072			unmatched
FBgn0189616	Dsim\GD18073	GD18073			unmatched
FBgn0189617	Dsim\GD18074	GD18074			unmatched
FBgn0189618	Dsim\GD18075	GD18075			unmatched
FBgn0189619	Dsim\GD18076	GD18076			unmatched
FBgn0189620	Dsim\GD18077	GD18077			unmatched
FBgn0189621	Dsim\GD18078	GD18078			unmatched
FBgn0189622	Dsim\GD18079	GD18079			unmatched
FBgn0189623	Dsim\GD18080	GD18080			unmatched
FBgn0189625	Dsim\GD18082	GD18082			unmatched
FBgn0189627	Dsim\GD18084	GD18084			unmatched
FBgn0189628	Dsim\GD18085	GD18085			unmatched
FBgn0189629	Dsim\GD18086	GD18086			unmatched
FBgn0189632	Dsim\GD18089	GD18089			unmatched
FBgn0189633	Dsim\GD18090	GD18090			unmatched
FBgn0189634	Dsim\GD18091	GD18091			unmatched
FBgn0189635	Dsim\GD18092	GD18092			unmatched
FBgn0189636	Dsim\GD18093	GD18093			unmatched
FBgn0189637	Dsim\GD18094	GD18094			unmatched
FBgn0189638	Dsim\GD18095	GD18095			unmatched
FBgn0189639	Dsim\GD18096	GD18096			unmatched
FBgn0189640	Dsim\GD18097	GD18097			unmatched
FBgn0189641	Dsim\GD18099	GD18099			unmatched
FBgn0189642	Dsim\GD18100	GD18100			unmatched
FBgn0189643	Dsim\GD18101	GD18101			unmatched
FBgn0189644	Dsim\GD18102	GD18102			unmatched
FBgn0189646	Dsim\GD18104	GD18104			unmatched
FBgn0189647	Dsim\GD18105	GD18105			unmatched
FBgn0189648	Dsim\GD18106	GD18106			unmatched
FBgn0189649	Dsim\GD18107	GD18107			unmatched
FBgn0189650	Dsim\GD18108	GD18108			unmatched
FBgn0189651	Dsim\GD18109	GD18109			unmatched
FBgn0189652	Dsim\GD18110	GD18110			unmatched
FBgn0189653	Dsim\GD18111	GD18111			unmatched
FBgn0189655	Dsim\GD18113	GD18113			unmatched
FBgn0189656	Dsim\GD18114	GD18114			unmatched
FBgn0189657	Dsim\GD18115	GD18115			unmatched
FBgn0189658	Dsim\GD18116	GD18116			unmatched
FBgn0189659	Dsim\GD18117	GD18117			unmatched
FBgn0189660	Dsim\GD18118	GD18118			unmatched
FBgn0189662	Dsim\GD18120	GD18120			unmatched
FBgn0189663	Dsim\GD18121	GD18121			unmatched
FBgn0189664	Dsim\GD18122	GD18122			unmatched
FBgn0189665	Dsim\GD18123	GD18123			unmatched
FBgn0189666	Dsim\GD18124	GD18124			unmatched
FBgn0189667	Dsim\GD18125	GD18125			unmatched
FBgn0189669	Dsim\GD18127	GD18127			unmatched
FBgn0189670	Dsim\GD18128	GD18128			unmatched
FBgn0189672	Dsim\GD18130	GD18130			unmatched
FBgn0189673	Dsim\GD18131	GD18131			unmatched
FBgn0189676	Dsim\GD18134	GD18134			unmatched
FBgn0189677	Dsim\GD18135	GD18135			unmatched
FBgn0189678	Dsim\GD18136	GD18136			unmatched
FBgn0189679	Dsim\GD18137	GD18137			unmatched
FBgn0189680	Dsim\GD18138	GD18138			unmatched
FBgn0189681	Dsim\GD18139	GD18139			unmatched
FBgn0189683	Dsim\GD18141	GD18141			unmatched
FBgn0189685	Dsim\GD18144	GD18144			unmatched
FBgn0189686	Dsim\GD18145	GD18145			unmatched
FBgn0189687	Dsim\GD18146	GD18146			unmatched
FBgn0189688	Dsim\GD18147	GD18147			unmatched
FBgn0189689	Dsim\GD18148	GD18148			unmatched
FBgn0189690	Dsim\GD18149	GD18149			unmatched
FBgn0189691	Dsim\GD18150	GD18150			unmatched
FBgn0189693	Dsim\GD18152	GD18152			unmatched
FBgn0189694	Dsim\GD18155	GD18155			unmatched
FBgn0189696	Dsim\GD18159	GD18159			unmatched
FBgn0189697	Dsim\GD18160	GD18160			unmatched
FBgn0189698	Dsim\GD18161	GD18161			unmatched
FBgn0189699	Dsim\GD18162	GD18162			unmatched
FBgn0189702	Dsim\GD18166	GD18166			unmatched
FBgn0189703	Dsim\GD18167	GD18167			unmatched
FBgn0189704	Dsim\GD18168	GD18168			unmatched
FBgn0189705	Dsim\GD18169	GD18169			unmatched
FBgn0189706	Dsim\GD18170	GD18170			unmatched
FBgn0189707	Dsim\GD18171	GD18171			unmatched
FBgn0189708	Dsim\GD18172	GD18172			unmatched
FBgn0189710	Dsim\GD18174	GD18174			unmatched
FBgn0189711	Dsim\GD18175	GD18175			unmatched
FBgn0189715	Dsim\GD18179	GD18179			unmatched
FBgn0189716	Dsim\GD18180	GD18180			unmatched
FBgn0189717	Dsim\GD18181	GD18181			unmatched
FBgn0189718	Dsim\GD18182	GD18182			unmatched
FBgn0189719	Dsim\GD18183	GD18183			unmatched
FBgn0189722	Dsim\GD18186	GD18186			unmatched
FBgn0189723	Dsim\GD18187	GD18187			unmatched
FBgn0189724	Dsim\GD18188	GD18188			unmatched
FBgn0189726	Dsim\GD18190	GD18190			unmatched
FBgn0189727	Dsim\GD18191	GD18191			unmatched
FBgn0189729	Dsim\GD18193	GD18193			unmatched
FBgn0189730	Dsim\GD18194	GD18194			unmatched
FBgn0189732	Dsim\GD18196	GD18196			unmatched
FBgn0189734	Dsim\GD18198	GD18198			unmatched
FBgn0189736	Dsim\GD18200	GD18200			unmatched
FBgn0189737	Dsim\GD18201	GD18201			unmatched
FBgn0189738	Dsim\GD18202	GD18202			unmatched
FBgn0189739	Dsim\GD18204	GD18204			unmatched
FBgn0189740	Dsim\GD18205	GD18205			unmatched
FBgn0189741	Dsim\GD18206	GD18206			unmatched
FBgn0189742	Dsim\GD18207	GD18207			unmatched
FBgn0189743	Dsim\GD18208	GD18208			unmatched
FBgn0189744	Dsim\GD18209	GD18209			unmatched
FBgn0189745	Dsim\GD18210	GD18210			unmatched
FBgn0189746	Dsim\GD18211	GD18211			unmatched
FBgn0189747	Dsim\GD18212	GD18212			unmatched
FBgn0189748	Dsim\GD18213	GD18213			unmatched
FBgn0189749	Dsim\GD18214	GD18214			unmatched
FBgn0189750	Dsim\GD18215	GD18215			unmatched
FBgn0189751	Dsim\GD18216	GD18216			unmatched
FBgn0189752	Dsim\GD18217	GD18217			unmatched
FBgn0189753	Dsim\GD18218	GD18218			unmatched
FBgn0189755	Dsim\GD18220	GD18220			unmatched
FBgn0189756	Dsim\GD18221	GD18221			unmatched
FBgn0189757	Dsim\GD18223	GD18223			unmatched
FBgn0189759	Dsim\GD18225	GD18225			unmatched
FBgn0189760	Dsim\GD18226	GD18226			unmatched
FBgn0189761	Dsim\GD18227	GD18227			unmatched
FBgn0189763	Dsim\GD18229	GD18229			unmatched
FBgn0189764	Dsim\GD18230	GD18230			unmatched
FBgn0189765	Dsim\GD18231	GD18231			unmatched
FBgn0189766	Dsim\GD18232	GD18232			unmatched
FBgn0189767	Dsim\GD18233	GD18233			unmatched
FBgn0189768	Dsim\GD18234	GD18234			unmatched
FBgn0189769	Dsim\GD18235	GD18235			unmatched
FBgn0189770	Dsim\GD18236	GD18236			unmatched
FBgn0189771	Dsim\GD18237	GD18237			unmatched
FBgn0189772	Dsim\GD18238	GD18238			unmatched
FBgn0189774	Dsim\GD18240	GD18240			unmatched
FBgn0189776	Dsim\GD18242	GD18242			unmatched
FBgn0189777	Dsim\GD18243	GD18243			unmatched
FBgn0189779	Dsim\GD18245	GD18245			unmatched
FBgn0189780	Dsim\GD18246	GD18246			unmatched
FBgn0189781	Dsim\GD18247	GD18247			unmatched
FBgn0189783	Dsim\GD18249	GD18249			unmatched
FBgn0189784	Dsim\GD18251	GD18251			unmatched
FBgn0189785	Dsim\GD18252	GD18252			unmatched
FBgn0189786	Dsim\GD18253	GD18253			unmatched
FBgn0189787	Dsim\GD18254	GD18254			unmatched
FBgn0189788	Dsim\GD18255	GD18255			unmatched
FBgn0189789	Dsim\GD18256	GD18256			unmatched
FBgn0189790	Dsim\GD18257	GD18257			unmatched
FBgn0189791	Dsim\GD18258	GD18258			unmatched
FBgn0189792	Dsim\GD18259	GD18259			unmatched
FBgn0189793	Dsim\GD18260	GD18260			unmatched
FBgn0189794	Dsim\GD18261	GD18261			unmatched
FBgn0189796	Dsim\GD18263	GD18263			unmatched
FBgn0189797	Dsim\GD18264	GD18264			unmatched
FBgn0189798	Dsim\GD18265	GD18265			unmatched
FBgn0189799	Dsim\GD18266	GD18266			unmatched
FBgn0189801	Dsim\GD18268	GD18268			unmatched
FBgn0189802	Dsim\GD18269	GD18269			unmatched
FBgn0189803	Dsim\GD18270	GD18270			unmatched
FBgn0189804	Dsim\GD18271	GD18271			unmatched
FBgn0189805	Dsim\GD18272	GD18272			unmatched
FBgn0189806	Dsim\GD18273	GD18273			unmatched
FBgn0189808	Dsim\GD18275	GD18275			unmatched
FBgn0189809	Dsim\GD18276	GD18276			unmatched
FBgn0189810	Dsim\GD18277	GD18277			unmatched
FBgn0189811	Dsim\GD18278	GD18278			unmatched
FBgn0189813	Dsim\GD18280	GD18280			unmatched
FBgn0189814	Dsim\GD18281	GD18281			unmatched
FBgn0189815	Dsim\GD18282	GD18282			unmatched
FBgn0189816	Dsim\GD18283	GD18283			unmatched
FBgn0189817	Dsim\GD18284	GD18284			unmatched
FBgn0189818	Dsim\GD18285	GD18285			unmatched
FBgn0189819	Dsim\GD18286	GD18286			unmatched
FBgn0189820	Dsim\GD18287	GD18287			unmatched
FBgn0189821	Dsim\GD18288	GD18288			unmatched
FBgn0189822	Dsim\GD18289	GD18289			unmatched
FBgn0189823	Dsim\GD18290	GD18290			unmatched
FBgn0189824	Dsim\GD18291	GD18291			unmatched
FBgn0189825	Dsim\GD18292	GD18292			unmatched
FBgn0189826	Dsim\GD18293	GD18293			unmatched
FBgn0189827	Dsim\GD18294	GD18294			unmatched
FBgn0189828	Dsim\GD18295	GD18295			unmatched
FBgn0189829	Dsim\GD18297	GD18297			unmatched
FBgn0189830	Dsim\GD18298	GD18298			unmatched
FBgn0189831	Dsim\GD18299	GD18299			unmatched
FBgn0189832	Dsim\GD18300	GD18300			unmatched
FBgn0189834	Dsim\GD18302	GD18302			unmatched
FBgn0189835	Dsim\GD18303	GD18303			unmatched
FBgn0189836	Dsim\GD18304	GD18304			unmatched
FBgn0189838	Dsim\GD18306	GD18306			unmatched
FBgn0189839	Dsim\GD18307	GD18307			unmatched
FBgn0189840	Dsim\GD18308	GD18308			unmatched
FBgn0189841	Dsim\GD18310	GD18310			unmatched
FBgn0189842	Dsim\GD18311	GD18311			unmatched
FBgn0189844	Dsim\GD18313	GD18313			unmatched
FBgn0189845	Dsim\GD18314	GD18314			unmatched
FBgn0189846	Dsim\GD18315	GD18315			unmatched
FBgn0189847	Dsim\GD18316	GD18316			unmatched
FBgn0189848	Dsim\GD18317	GD18317			unmatched
FBgn0189849	Dsim\GD18318	GD18318			unmatched
FBgn0189850	Dsim\GD18319	GD18319			unmatched
FBgn0189851	Dsim\GD18320	GD18320			unmatched
FBgn0189853	Dsim\GD18322	GD18322			unmatched
FBgn0189854	Dsim\GD18323	GD18323			unmatched
FBgn0189855	Dsim\GD18324	GD18324			unmatched
FBgn0189856	Dsim\GD18325	GD18325			unmatched
FBgn0189857	Dsim\GD18327	GD18327			unmatched
FBgn0189858	Dsim\GD18328	GD18328			unmatched
FBgn0189859	Dsim\GD18329	GD18329			unmatched
FBgn0189860	Dsim\GD18330	GD18330			unmatched
FBgn0189861	Dsim\GD18331	GD18331			unmatched
FBgn0189862	Dsim\GD18332	GD18332			unmatched
FBgn0189863	Dsim\GD18334	GD18334			unmatched
FBgn0189864	Dsim\GD18335	GD18335			unmatched
FBgn0189865	Dsim\GD18336	GD18336			unmatched
FBgn0189866	Dsim\GD18337	GD18337			unmatched
FBgn0189867	Dsim\GD18338	GD18338			unmatched
FBgn0189868	Dsim\GD18339	GD18339			unmatched
FBgn0189870	Dsim\GD18341	GD18341			unmatched
FBgn0189872	Dsim\GD18343	GD18343			unmatched
FBgn0189873	Dsim\GD18344	GD18344			unmatched
FBgn0189874	Dsim\GD18345	GD18345			unmatched
FBgn0189875	Dsim\GD18346	GD18346			unmatched
FBgn0189877	Dsim\GD18348	GD18348			unmatched
FBgn0189879	Dsim\GD18350	GD18350			unmatched
FBgn0189880	Dsim\GD18352	GD18352			unmatched
FBgn0189881	Dsim\GD18353	GD18353			unmatched
FBgn0189882	Dsim\GD18354	GD18354			unmatched
FBgn0189883	Dsim\GD18355	GD18355			unmatched
FBgn0189884	Dsim\GD18356	GD18356			unmatched
FBgn0189885	Dsim\GD18357	GD18357			unmatched
FBgn0189886	Dsim\GD18358	GD18358			unmatched
FBgn0189887	Dsim\GD18359	GD18359			unmatched
FBgn0189888	Dsim\GD18360	GD18360			unmatched
FBgn0189889	Dsim\GD18361	GD18361			unmatched
FBgn0189891	Dsim\GD18364	GD18364			unmatched
FBgn0189892	Dsim\GD18365	GD18365			unmatched
FBgn0189893	Dsim\GD18366	GD18366			unmatched
FBgn0189894	Dsim\GD18367	GD18367			unmatched
FBgn0189895	Dsim\GD18368	GD18368			unmatched
FBgn0189896	Dsim\GD18369	GD18369			unmatched
FBgn0189897	Dsim\GD18370	GD18370			unmatched
FBgn0189898	Dsim\GD18371	GD18371			unmatched
FBgn0189899	Dsim\GD18372	GD18372			unmatched
FBgn0189900	Dsim\GD18373	GD18373			unmatched
FBgn0189901	Dsim\GD18374	GD18374			unmatched
FBgn0189902	Dsim\GD18375	GD18375			unmatched
FBgn0189903	Dsim\GD18376	GD18376			unmatched
FBgn0189904	Dsim\GD18377	GD18377			unmatched
FBgn0189905	Dsim\GD18378	GD18378			unmatched
FBgn0189906	Dsim\GD18379	GD18379			unmatched
FBgn0189907	Dsim\GD18380	GD18380			unmatched
FBgn0189908	Dsim\GD18381	GD18381			unmatched
FBgn0189909	Dsim\GD18382	GD18382			unmatched
FBgn0189910	Dsim\GD18383	GD18383			unmatched
FBgn0189911	Dsim\GD18384	GD18384			unmatched
FBgn0189912	Dsim\GD18385	GD18385			unmatched
FBgn0189915	Dsim\GD18388	GD18388			unmatched
FBgn0189917	Dsim\GD18391	GD18391			unmatched
FBgn0189918	Dsim\GD18392	GD18392			unmatched
FBgn0189919	Dsim\GD18393	GD18393			unmatched
FBgn0189920	Dsim\GD18394	GD18394			unmatched
FBgn0189921	Dsim\GD18395	GD18395			unmatched
FBgn0189922	Dsim\GD18396	GD18396			unmatched
FBgn0189923	Dsim\GD18397	GD18397			unmatched
FBgn0189925	Dsim\GD18400	GD18400			unmatched
FBgn0189926	Dsim\GD18401	GD18401			unmatched
FBgn0189927	Dsim\GD18402	GD18402			unmatched
FBgn0189928	Dsim\GD18403	GD18403			unmatched
FBgn0189929	Dsim\GD18404	GD18404			unmatched
FBgn0189930	Dsim\GD18405	GD18405			unmatched
FBgn0189931	Dsim\GD18406	GD18406			unmatched
FBgn0189932	Dsim\GD18407	GD18407			unmatched
FBgn0189934	Dsim\GD18409	GD18409			unmatched
FBgn0189935	Dsim\GD18410	GD18410			unmatched
FBgn0189936	Dsim\GD18411	GD18411			unmatched
FBgn0189937	Dsim\GD18412	GD18412			unmatched
FBgn0189938	Dsim\GD18413	GD18413			unmatched
FBgn0189939	Dsim\GD18414	GD18414			unmatched
FBgn0189941	Dsim\GD18416	GD18416			unmatched
FBgn0189944	Dsim\GD18419	GD18419			unmatched
FBgn0189945	Dsim\GD18420	GD18420			unmatched
FBgn0189946	Dsim\GD18421	GD18421			unmatched
FBgn0189947	Dsim\GD18422	GD18422			unmatched
FBgn0189948	Dsim\GD18423	GD18423			unmatched
FBgn0189949	Dsim\GD18424	GD18424			unmatched
FBgn0189950	Dsim\GD18425	GD18425			unmatched
FBgn0189951	Dsim\GD18426	GD18426			unmatched
FBgn0189952	Dsim\GD18427	GD18427			unmatched
FBgn0189955	Dsim\GD18431	GD18431			unmatched
FBgn0189956	Dsim\GD18432	GD18432			unmatched
FBgn0189957	Dsim\GD18433	GD18433			unmatched
FBgn0189959	Dsim\GD18435	GD18435			unmatched
FBgn0189960	Dsim\GD18436	GD18436			unmatched
FBgn0189961	Dsim\GD18437	GD18437			unmatched
FBgn0189962	Dsim\GD18438	GD18438			unmatched
FBgn0189963	Dsim\GD18439	GD18439			unmatched
FBgn0189964	Dsim\GD18440	GD18440			unmatched
FBgn0189967	Dsim\GD18443	GD18443			unmatched
FBgn0189968	Dsim\GD18444	GD18444			unmatched
FBgn0189969	Dsim\GD18445	GD18445			unmatched
FBgn0189970	Dsim\GD18446	GD18446			unmatched
FBgn0189971	Dsim\GD18447	GD18447			unmatched
FBgn0189972	Dsim\GD18448	GD18448			unmatched
FBgn0189973	Dsim\GD18449	GD18449			unmatched
FBgn0189974	Dsim\GD18450	GD18450			unmatched
FBgn0189975	Dsim\GD18451	GD18451			unmatched
FBgn0189976	Dsim\GD18452	GD18452			unmatched
FBgn0189977	Dsim\GD18454	GD18454			unmatched
FBgn0189978	Dsim\GD18455	GD18455			unmatched
FBgn0189979	Dsim\GD18456	GD18456			unmatched
FBgn0189981	Dsim\GD18458	GD18458			unmatched
FBgn0189982	Dsim\GD18459	GD18459			unmatched
FBgn0189983	Dsim\GD18460	GD18460			unmatched
FBgn0189984	Dsim\GD18461	GD18461			unmatched
FBgn0189986	Dsim\GD18463	GD18463			unmatched
FBgn0189987	Dsim\GD18464	GD18464			unmatched
FBgn0189988	Dsim\GD18465	GD18465			unmatched
FBgn0189990	Dsim\GD18467	GD18467			unmatched
FBgn0189992	Dsim\GD18469	GD18469			unmatched
FBgn0189993	Dsim\GD18470	GD18470			unmatched
FBgn0189994	Dsim\GD18471	GD18471			unmatched
FBgn0189995	Dsim\GD18472	GD18472			unmatched
FBgn0189998	Dsim\GD18475	GD18475			unmatched
FBgn0190002	Dsim\GD18479	GD18479			unmatched
FBgn0190003	Dsim\GD18480	GD18480			unmatched
FBgn0190004	Dsim\GD18481	GD18481			unmatched
FBgn0190005	Dsim\GD18482	GD18482			unmatched
FBgn0190006	Dsim\GD18483	GD18483			unmatched
FBgn0190007	Dsim\GD18484	GD18484			unmatched
FBgn0190009	Dsim\GD18486	GD18486			unmatched
FBgn0190014	Dsim\GD18491	GD18491			unmatched
FBgn0190015	Dsim\GD18492	GD18492			unmatched
FBgn0190016	Dsim\GD18493	GD18493			unmatched
FBgn0190017	Dsim\GD18494	GD18494			unmatched
FBgn0190018	Dsim\GD18495	GD18495			unmatched
FBgn0190019	Dsim\GD18496	GD18496			unmatched
FBgn0190020	Dsim\GD18497	GD18497			unmatched
FBgn0190021	Dsim\GD18498	GD18498			unmatched
FBgn0190022	Dsim\GD18499	GD18499			unmatched
FBgn0190026	Dsim\GD18503	GD18503			unmatched
FBgn0190027	Dsim\GD18504	GD18504			unmatched
FBgn0190028	Dsim\GD18505	GD18505			unmatched
FBgn0190029	Dsim\GD18506	GD18506			unmatched
FBgn0190030	Dsim\GD18507	GD18507			unmatched
FBgn0190032	Dsim\GD18509	GD18509			unmatched
FBgn0190034	Dsim\GD18511	GD18511			unmatched
FBgn0190035	Dsim\GD18512	GD18512			unmatched
FBgn0190036	Dsim\GD18513	GD18513			unmatched
FBgn0190037	Dsim\GD18514	GD18514			unmatched
FBgn0190038	Dsim\GD18515	GD18515			unmatched
FBgn0190039	Dsim\GD18516	GD18516			unmatched
FBgn0190042	Dsim\GD18519	GD18519			unmatched
FBgn0190043	Dsim\GD18520	GD18520			unmatched
FBgn0190044	Dsim\GD18521	GD18521			unmatched
FBgn0190045	Dsim\GD18522	GD18522			unmatched
FBgn0190046	Dsim\GD18523	GD18523			unmatched
FBgn0190047	Dsim\GD18524	GD18524			unmatched
FBgn0190048	Dsim\GD18525	GD18525			unmatched
FBgn0190051	Dsim\GD18528	GD18528			unmatched
FBgn0190052	Dsim\GD18529	GD18529			unmatched
FBgn0190053	Dsim\GD18530	GD18530			unmatched
FBgn0190054	Dsim\GD18531	GD18531			unmatched
FBgn0190055	Dsim\GD18532	GD18532			unmatched
FBgn0190056	Dsim\GD18533	GD18533			unmatched
FBgn0190058	Dsim\GD18535	GD18535			unmatched
FBgn0190059	Dsim\GD18536	GD18536			unmatched
FBgn0190061	Dsim\GD18539	GD18539			unmatched
FBgn0190062	Dsim\GD18540	GD18540			unmatched
FBgn0190063	Dsim\GD18541	GD18541			unmatched
FBgn0190064	Dsim\GD18542	GD18542			unmatched
FBgn0190065	Dsim\GD18543	GD18543			unmatched
FBgn0190067	Dsim\GD18545	GD18545			unmatched
FBgn0190068	Dsim\GD18546	GD18546			unmatched
FBgn0190069	Dsim\GD18547	GD18547			unmatched
FBgn0190070	Dsim\GD18548	GD18548			unmatched
FBgn0190071	Dsim\GD18549	GD18549			unmatched
FBgn0190074	Dsim\GD18552	GD18552			unmatched
FBgn0190078	Dsim\GD18556	GD18556			unmatched
FBgn0190079	Dsim\GD18557	GD18557			unmatched
FBgn0190080	Dsim\GD18558	GD18558			unmatched
FBgn0190082	Dsim\GD18560	GD18560			unmatched
FBgn0190083	Dsim\GD18561	GD18561			unmatched
FBgn0190084	Dsim\GD18562	GD18562			unmatched
FBgn0190085	Dsim\GD18563	GD18563			unmatched
FBgn0190086	Dsim\GD18564	GD18564			unmatched
FBgn0190087	Dsim\GD18565	GD18565			unmatched
FBgn0190088	Dsim\GD18566	GD18566			unmatched
FBgn0190089	Dsim\GD18567	GD18567			unmatched
FBgn0190090	Dsim\GD18568	GD18568			unmatched
FBgn0190091	Dsim\GD18569	GD18569			unmatched
FBgn0190092	Dsim\GD18570	GD18570			unmatched
FBgn0190093	Dsim\GD18571	GD18571			unmatched
FBgn0190094	Dsim\GD18572	GD18572			unmatched
FBgn0190095	Dsim\GD18573	GD18573			unmatched
FBgn0190097	Dsim\GD18575	GD18575			unmatched
FBgn0190098	Dsim\GD18576	GD18576			unmatched
FBgn0190100	Dsim\GD18578	GD18578			unmatched
FBgn0190101	Dsim\GD18579	GD18579			unmatched
FBgn0190102	Dsim\GD18580	GD18580			unmatched
FBgn0190103	Dsim\GD18581	GD18581			unmatched
FBgn0190104	Dsim\beta-CA	beta-CA			unmatched
FBgn0190106	Dsim\GD18584	GD18584			unmatched
FBgn0190107	Dsim\GD18585	GD18585			unmatched
FBgn0190109	Dsim\GD18587	GD18587			unmatched
FBgn0190110	Dsim\GD18588	GD18588			unmatched
FBgn0190111	Dsim\GD18589	GD18589			unmatched
FBgn0190112	Dsim\GD18590	GD18590			unmatched
FBgn0190113	Dsim\GD18591	GD18591			unmatched
FBgn0190114	Dsim\GD18592	GD18592			unmatched
FBgn0190116	Dsim\GD18594	GD18594			unmatched
FBgn0190117	Dsim\GD18595	GD18595			unmatched
FBgn0190118	Dsim\GD18596	GD18596			unmatched
FBgn0190119	Dsim\GD18597	GD18597			unmatched
FBgn0190120	Dsim\GD18598	GD18598			unmatched
FBgn0190121	Dsim\GD18599	GD18599			unmatched
FBgn0190122	Dsim\GD18600	GD18600			unmatched
FBgn0190123	Dsim\GD18601	GD18601			unmatched
FBgn0190124	Dsim\GD18602	GD18602			unmatched
FBgn0190125	Dsim\GD18603	GD18603			unmatched
FBgn0190127	Dsim\GD18605	GD18605			unmatched
FBgn0190128	Dsim\GD18606	GD18606			unmatched
FBgn0190129	Dsim\GD18607	GD18607			unmatched
FBgn0190131	Dsim\GD18609	GD18609			unmatched
FBgn0190132	Dsim\GD18610	GD18610			unmatched
FBgn0190133	Dsim\GD18611	GD18611			unmatched
FBgn0190134	Dsim\GD18612	GD18612			unmatched
FBgn0190135	Dsim\GD18613	GD18613			unmatched
FBgn0190136	Dsim\GD18614	GD18614			unmatched
FBgn0190137	Dsim\GD18615	GD18615			unmatched
FBgn0190138	Dsim\GD18616	GD18616			unmatched
FBgn0190139	Dsim\GD18617	GD18617			unmatched
FBgn0190141	Dsim\GD18620	GD18620			unmatched
FBgn0190143	Dsim\GD18622	GD18622			unmatched
FBgn0190144	Dsim\GD18623	GD18623			unmatched
FBgn0190145	Dsim\GD18624	GD18624			unmatched
FBgn0190146	Dsim\GD18625	GD18625			unmatched
FBgn0190147	Dsim\GD18626	GD18626			unmatched
FBgn0190148	Dsim\GD18627	GD18627			unmatched
FBgn0190150	Dsim\GD18629	GD18629			unmatched
FBgn0190151	Dsim\GD18630	GD18630			unmatched
FBgn0190153	Dsim\GD18632	GD18632			unmatched
FBgn0190154	Dsim\GD18633	GD18633			unmatched
FBgn0190155	Dsim\GD18634	GD18634			unmatched
FBgn0190156	Dsim\GD18635	GD18635			unmatched
FBgn0190157	Dsim\GD18636	GD18636			unmatched
FBgn0190158	Dsim\GD18637	GD18637			unmatched
FBgn0190159	Dsim\GD18638	GD18638			unmatched
FBgn0190160	Dsim\GD18639	GD18639			unmatched
FBgn0190161	Dsim\GD18640	GD18640			unmatched
FBgn0190162	Dsim\GD18641	GD18641			unmatched
FBgn0190164	Dsim\GD18643	GD18643			unmatched
FBgn0190165	Dsim\GD18644	GD18644			unmatched
FBgn0190166	Dsim\GD18645	GD18645			unmatched
FBgn0190167	Dsim\GD18646	GD18646			unmatched
FBgn0190168	Dsim\GD18647	GD18647			unmatched
FBgn0190169	Dsim\GD18648	GD18648			unmatched
FBgn0190170	Dsim\GD18649	GD18649			unmatched
FBgn0190171	Dsim\GD18650	GD18650			unmatched
FBgn0190172	Dsim\GD18651	GD18651			unmatched
FBgn0190173	Dsim\GD18652	GD18652			unmatched
FBgn0190175	Dsim\GD18654	GD18654			unmatched
FBgn0190177	Dsim\GD18656	GD18656			unmatched
FBgn0190179	Dsim\GD18658	GD18658			unmatched
FBgn0190180	Dsim\GD18659	GD18659			unmatched
FBgn0190181	Dsim\GD18660	GD18660			unmatched
FBgn0190182	Dsim\GD18661	GD18661			unmatched
FBgn0190183	Dsim\GD18662	GD18662			unmatched
FBgn0190184	Dsim\GD18663	GD18663			unmatched
FBgn0190185	Dsim\GD18664	GD18664			unmatched
FBgn0190186	Dsim\GD18665	GD18665			unmatched
FBgn0190187	Dsim\GD18666	GD18666			unmatched
FBgn0190188	Dsim\GD18667	GD18667			unmatched
FBgn0190189	Dsim\GD18668	GD18668			unmatched
FBgn0190191	Dsim\GD18670	GD18670			unmatched
FBgn0190192	Dsim\GD18671	GD18671			unmatched
FBgn0190193	Dsim\GD18672	GD18672			unmatched
FBgn0190194	Dsim\GD18673	GD18673			unmatched
FBgn0190196	Dsim\GD18675	GD18675			unmatched
FBgn0190197	Dsim\GD18676	GD18676			unmatched
FBgn0190198	Dsim\GD18677	GD18677			unmatched
FBgn0190201	Dsim\GD18680	GD18680			unmatched
FBgn0190202	Dsim\GD18681	GD18681			unmatched
FBgn0190203	Dsim\GD18682	GD18682			unmatched
FBgn0190206	Dsim\GD18685	GD18685			unmatched
FBgn0190208	Dsim\GD18687	GD18687			unmatched
FBgn0190209	Dsim\GD18688	GD18688			unmatched
FBgn0190210	Dsim\GD18689	GD18689			unmatched
FBgn0190211	Dsim\GD18690	GD18690			unmatched
FBgn0190212	Dsim\GD18691	GD18691			unmatched
FBgn0190213	Dsim\GD18692	GD18692			unmatched
FBgn0190214	Dsim\GD18693	GD18693			unmatched
FBgn0190215	Dsim\GD18694	GD18694			unmatched
FBgn0190220	Dsim\GD18699	GD18699			unmatched
FBgn0190221	Dsim\GD18700	GD18700			unmatched
FBgn0190223	Dsim\GD18702	GD18702			unmatched
FBgn0190224	Dsim\GD18703	GD18703			unmatched
FBgn0190225	Dsim\GD18704	GD18704			unmatched
FBgn0190226	Dsim\GD18705	GD18705			unmatched
FBgn0190227	Dsim\GD18706	GD18706			unmatched
FBgn0190228	Dsim\GD18707	GD18707			unmatched
FBgn0190229	Dsim\GD18708	GD18708			unmatched
FBgn0190230	Dsim\GD18709	GD18709			unmatched
FBgn0190231	Dsim\GD18710	GD18710			unmatched
FBgn0190232	Dsim\GD18711	GD18711			unmatched
FBgn0190234	Dsim\GD18713	GD18713			unmatched
FBgn0190237	Dsim\GD18716	GD18716			unmatched
FBgn0190239	Dsim\GD18718	GD18718			unmatched
FBgn0190240	Dsim\GD18719	GD18719			unmatched
FBgn0190241	Dsim\GD18720	GD18720			unmatched
FBgn0190242	Dsim\GD18721	GD18721			unmatched
FBgn0190243	Dsim\GD18722	GD18722			unmatched
FBgn0190244	Dsim\GD18723	GD18723			unmatched
FBgn0190245	Dsim\GD18724	GD18724			unmatched
FBgn0190246	Dsim\GD18725	GD18725			unmatched
FBgn0190247	Dsim\GD18726	GD18726			unmatched
FBgn0190249	Dsim\GD18728	GD18728			unmatched
FBgn0190251	Dsim\GD18730	GD18730			unmatched
FBgn0190252	Dsim\GD18731	GD18731			unmatched
FBgn0190253	Dsim\GD18732	GD18732			unmatched
FBgn0190254	Dsim\GD18733	GD18733			unmatched
FBgn0190255	Dsim\GD18734	GD18734			unmatched
FBgn0190256	Dsim\GD18735	GD18735			unmatched
FBgn0190257	Dsim\GD18736	GD18736			unmatched
FBgn0190258	Dsim\GD18737	GD18737			unmatched
FBgn0190259	Dsim\GD18738	GD18738			unmatched
FBgn0190260	Dsim\GD18739	GD18739			unmatched
FBgn0190261	Dsim\GD18740	GD18740			unmatched
FBgn0190262	Dsim\GD18741	GD18741			unmatched
FBgn0190263	Dsim\GD18742	GD18742			unmatched
FBgn0190264	Dsim\GD18743	GD18743			unmatched
FBgn0190265	Dsim\GD18744	GD18744			unmatched
FBgn0190266	Dsim\GD18745	GD18745			unmatched
FBgn0190270	Dsim\GD18750	GD18750			unmatched
FBgn0190271	Dsim\GD18751	GD18751			unmatched
FBgn0190272	Dsim\GD18752	GD18752			unmatched
FBgn0190273	Dsim\GD18753	GD18753			unmatched
FBgn0190274	Dsim\GD18754	GD18754			unmatched
FBgn0190275	Dsim\GD18755	GD18755			unmatched
FBgn0190276	Dsim\GD18756	GD18756			unmatched
FBgn0190278	Dsim\GD18758	GD18758			unmatched
FBgn0190282	Dsim\GD18762	GD18762			unmatched
FBgn0190283	Dsim\GD18763	GD18763			unmatched
FBgn0190284	Dsim\GD18764	GD18764			unmatched
FBgn0190285	Dsim\GD18765	GD18765			unmatched
FBgn0190287	Dsim\GD18767	GD18767			unmatched
FBgn0190288	Dsim\GD18768	GD18768			unmatched
FBgn0190289	Dsim\GD18769	GD18769			unmatched
FBgn0190290	Dsim\GD18770	GD18770			unmatched
FBgn0190292	Dsim\GD18772	GD18772			unmatched
FBgn0190294	Dsim\GD18774	GD18774			unmatched
FBgn0190295	Dsim\GD18775	GD18775			unmatched
FBgn0190296	Dsim\GD18776	GD18776			unmatched
FBgn0190297	Dsim\GD18778	GD18778			unmatched
FBgn0190298	Dsim\GD18779	GD18779			unmatched
FBgn0190300	Dsim\GD18781	GD18781			unmatched
FBgn0190301	Dsim\GD18782	GD18782			unmatched
FBgn0190302	Dsim\GD18783	GD18783			unmatched
FBgn0190303	Dsim\GD18784	GD18784			unmatched
FBgn0190304	Dsim\GD18786	GD18786			unmatched
FBgn0190305	Dsim\GD18787	GD18787			unmatched
FBgn0190306	Dsim\GD18788	GD18788			unmatched
FBgn0190307	Dsim\GD18789	GD18789			unmatched
FBgn0190309	Dsim\GD18792	GD18792			unmatched
FBgn0190310	Dsim\GD18793	GD18793			unmatched
FBgn0190312	Dsim\GD18795	GD18795			unmatched
FBgn0190313	Dsim\GD18796	GD18796			unmatched
FBgn0190314	Dsim\GD18797	GD18797			unmatched
FBgn0190316	Dsim\GD18800	GD18800			unmatched
FBgn0190317	Dsim\GD18801	GD18801			unmatched
FBgn0190318	Dsim\GD18802	GD18802			unmatched
FBgn0190319	Dsim\GD18803	GD18803			unmatched
FBgn0190320	Dsim\GD18804	GD18804			unmatched
FBgn0190321	Dsim\GD18805	GD18805			unmatched
FBgn0190322	Dsim\GD18806	GD18806			unmatched
FBgn0190323	Dsim\GD18807	GD18807			unmatched
FBgn0190324	Dsim\GD18808	GD18808			unmatched
FBgn0190325	Dsim\GD18809	GD18809			unmatched
FBgn0190326	Dsim\GD18810	GD18810			unmatched
FBgn0190327	Dsim\GD18811	GD18811			unmatched
FBgn0190330	Dsim\GD18814	GD18814			unmatched
FBgn0190331	Dsim\GD18815	GD18815			unmatched
FBgn0190332	Dsim\GD18816	GD18816			unmatched
FBgn0190334	Dsim\GD18818	GD18818			unmatched
FBgn0190336	Dsim\GD18820	GD18820			unmatched
FBgn0190337	Dsim\GD18821	GD18821			unmatched
FBgn0190338	Dsim\GD18822	GD18822			unmatched
FBgn0190340	Dsim\GD18824	GD18824			unmatched
FBgn0190341	Dsim\GD18825	GD18825			unmatched
FBgn0190343	Dsim\GD18827	GD18827			unmatched
FBgn0190344	Dsim\GD18828	GD18828			unmatched
FBgn0190346	Dsim\GD18830	GD18830			unmatched
FBgn0190347	Dsim\GD18831	GD18831			unmatched
FBgn0190348	Dsim\GD18832	GD18832			unmatched
FBgn0190349	Dsim\GD18833	GD18833			unmatched
FBgn0190350	Dsim\GD18834	GD18834			unmatched
FBgn0190351	Dsim\GD18835	GD18835			unmatched
FBgn0190353	Dsim\GD18838	GD18838			unmatched
FBgn0190354	Dsim\GD18839	GD18839			unmatched
FBgn0190355	Dsim\GD18841	GD18841			unmatched
FBgn0190356	Dsim\GD18843	GD18843			unmatched
FBgn0190358	Dsim\GD18845	GD18845			unmatched
FBgn0190359	Dsim\GD18846	GD18846			unmatched
FBgn0190360	Dsim\GD18847	GD18847			unmatched
FBgn0190361	Dsim\GD18848	GD18848			unmatched
FBgn0190362	Dsim\GD18849	GD18849			unmatched
FBgn0190364	Dsim\GD18851	GD18851			unmatched
FBgn0190365	Dsim\GD18852	GD18852			unmatched
FBgn0190366	Dsim\GD18853	GD18853			unmatched
FBgn0190367	Dsim\GD18854	GD18854			unmatched
FBgn0190368	Dsim\GD18855	GD18855			unmatched
FBgn0190369	Dsim\GD18856	GD18856			unmatched
FBgn0190370	Dsim\GD18857	GD18857			unmatched
FBgn0190371	Dsim\GD18858	GD18858			unmatched
FBgn0190372	Dsim\GD18859	GD18859			unmatched
FBgn0190374	Dsim\GD18861	GD18861			unmatched
FBgn0190375	Dsim\GD18862	GD18862			unmatched
FBgn0190377	Dsim\GD18865	GD18865			unmatched
FBgn0190378	Dsim\GD18866	GD18866			unmatched
FBgn0190379	Dsim\GD18867	GD18867			unmatched
FBgn0190380	Dsim\GD18868	GD18868			unmatched
FBgn0190381	Dsim\GD18869	GD18869			unmatched
FBgn0190383	Dsim\GD18871	GD18871			unmatched
FBgn0190384	Dsim\GD18872	GD18872			unmatched
FBgn0190385	Dsim\GD18873	GD18873			unmatched
FBgn0190386	Dsim\GD18874	GD18874			unmatched
FBgn0190387	Dsim\GD18876	GD18876			unmatched
FBgn0190388	Dsim\GD18877	GD18877			unmatched
FBgn0190389	Dsim\GD18878	GD18878			unmatched
FBgn0190390	Dsim\GD18879	GD18879			unmatched
FBgn0190391	Dsim\GD18880	GD18880			unmatched
FBgn0190394	Dsim\GD18883	GD18883			unmatched
FBgn0190395	Dsim\GD18884	GD18884			unmatched
FBgn0190396	Dsim\GD18885	GD18885			unmatched
FBgn0190397	Dsim\GD18886	GD18886			unmatched
FBgn0190399	Dsim\GD18888	GD18888			unmatched
FBgn0190400	Dsim\GD18889	GD18889			unmatched
FBgn0190402	Dsim\GD18891	GD18891			unmatched
FBgn0190403	Dsim\GD18892	GD18892			unmatched
FBgn0190404	Dsim\GD18893	GD18893			unmatched
FBgn0190405	Dsim\GD18894	GD18894			unmatched
FBgn0190406	Dsim\GD18895	GD18895			unmatched
FBgn0190409	Dsim\GD18898	GD18898			unmatched
FBgn0190412	Dsim\GD18901	GD18901			unmatched
FBgn0190413	Dsim\GD18902	GD18902			unmatched
FBgn0190414	Dsim\GD18903	GD18903			unmatched
FBgn0190415	Dsim\GD18904	GD18904			unmatched
FBgn0190416	Dsim\GD18905	GD18905			unmatched
FBgn0190417	Dsim\GD18906	GD18906			unmatched
FBgn0190418	Dsim\GD18907	GD18907			unmatched
FBgn0190419	Dsim\GD18908	GD18908			unmatched
FBgn0190420	Dsim\GD18909	GD18909			unmatched
FBgn0190421	Dsim\GD18910	GD18910			unmatched
FBgn0190425	Dsim\GD18914	GD18914			unmatched
FBgn0190426	Dsim\GD18915	GD18915			unmatched
FBgn0190427	Dsim\GD18916	GD18916			unmatched
FBgn0190428	Dsim\GD18917	GD18917			unmatched
FBgn0190430	Dsim\GD18919	GD18919			unmatched
FBgn0190431	Dsim\GD18920	GD18920			unmatched
FBgn0190432	Dsim\GD18921	GD18921			unmatched
FBgn0190434	Dsim\GD18923	GD18923			unmatched
FBgn0190435	Dsim\GD18924	GD18924			unmatched
FBgn0190438	Dsim\GD18927	GD18927			unmatched
FBgn0190439	Dsim\GD18928	GD18928			unmatched
FBgn0190440	Dsim\GD18929	GD18929			unmatched
FBgn0190442	Dsim\GD18931	GD18931			unmatched
FBgn0190443	Dsim\GD18932	GD18932			unmatched
FBgn0190445	Dsim\GD18934	GD18934			unmatched
FBgn0190448	Dsim\GD18937	GD18937			unmatched
FBgn0190449	Dsim\GD18938	GD18938			unmatched
FBgn0190450	Dsim\GD18939	GD18939			unmatched
FBgn0190451	Dsim\GD18940	GD18940			unmatched
FBgn0190452	Dsim\GD18941	GD18941			unmatched
FBgn0190453	Dsim\GD18942	GD18942			unmatched
FBgn0190454	Dsim\GD18943	GD18943			unmatched
FBgn0190456	Dsim\GD18945	GD18945			unmatched
FBgn0190457	Dsim\GD18946	GD18946			unmatched
FBgn0190458	Dsim\GD18947	GD18947			unmatched
FBgn0190459	Dsim\GD18948	GD18948			unmatched
FBgn0190461	Dsim\GD18950	GD18950			unmatched
FBgn0190462	Dsim\GD18951	GD18951			unmatched
FBgn0190463	Dsim\GD18952	GD18952			unmatched
FBgn0190464	Dsim\GD18953	GD18953			unmatched
FBgn0190465	Dsim\GD18954	GD18954			unmatched
FBgn0190466	Dsim\GD18956	GD18956			unmatched
FBgn0190468	Dsim\GD18958	GD18958			unmatched
FBgn0190469	Dsim\GD18959	GD18959			unmatched
FBgn0190470	Dsim\GD18961	GD18961			unmatched
FBgn0190471	Dsim\GD18962	GD18962			unmatched
FBgn0190472	Dsim\GD18963	GD18963			unmatched
FBgn0190473	Dsim\GD18964	GD18964			unmatched
FBgn0190474	Dsim\GD18965	GD18965			unmatched
FBgn0190476	Dsim\GD18967	GD18967			unmatched
FBgn0190477	Dsim\GD18968	GD18968			unmatched
FBgn0190478	Dsim\GD18969	GD18969			unmatched
FBgn0190479	Dsim\GD18970	GD18970			unmatched
FBgn0190480	Dsim\GD18971	GD18971			unmatched
FBgn0190481	Dsim\GD18972	GD18972			unmatched
FBgn0190482	Dsim\GD18973	GD18973			unmatched
FBgn0190484	Dsim\GD18975	GD18975			unmatched
FBgn0190485	Dsim\GD18976	GD18976			unmatched
FBgn0190486	Dsim\GD18977	GD18977			unmatched
FBgn0190488	Dsim\GD18979	GD18979			unmatched
FBgn0190489	Dsim\GD18980	GD18980			unmatched
FBgn0190490	Dsim\GD18981	GD18981			unmatched
FBgn0190491	Dsim\GD18982	GD18982			unmatched
FBgn0190492	Dsim\GD18983	GD18983			unmatched
FBgn0190493	Dsim\GD18984	GD18984			unmatched
FBgn0190494	Dsim\GD18985	GD18985			unmatched
FBgn0190495	Dsim\GD18986	GD18986			unmatched
FBgn0190496	Dsim\GD18987	GD18987			unmatched
FBgn0190497	Dsim\GD18988	GD18988			unmatched
FBgn0190498	Dsim\GD18989	GD18989			unmatched
FBgn0190499	Dsim\GD18990	GD18990			unmatched
FBgn0190500	Dsim\GD18991	GD18991			unmatched
FBgn0190501	Dsim\GD18992	GD18992			unmatched
FBgn0190502	Dsim\GD18993	GD18993			unmatched
FBgn0190503	Dsim\GD18994	GD18994			unmatched
FBgn0190504	Dsim\GD18995	GD18995			unmatched
FBgn0190505	Dsim\GD18996	GD18996			unmatched
FBgn0190506	Dsim\GD18997	GD18997			unmatched
FBgn0190508	Dsim\GD19000	GD19000			unmatched
FBgn0190509	Dsim\GD19001	GD19001			unmatched
FBgn0190510	Dsim\GD19002	GD19002			unmatched
FBgn0190511	Dsim\GD19003	GD19003			unmatched
FBgn0190512	Dsim\GD19004	GD19004			unmatched
FBgn0190514	Dsim\GD19006	GD19006			unmatched
FBgn0190515	Dsim\GD19007	GD19007			unmatched
FBgn0190516	Dsim\GD19008	GD19008			unmatched
FBgn0190519	Dsim\GD19011	GD19011			unmatched
FBgn0190520	Dsim\GD19012	GD19012			unmatched
FBgn0190521	Dsim\GD19013	GD19013			unmatched
FBgn0190522	Dsim\GD19014	GD19014			unmatched
FBgn0190523	Dsim\GD19015	GD19015			unmatched
FBgn0190524	Dsim\GD19016	GD19016			unmatched
FBgn0190525	Dsim\GD19017	GD19017			unmatched
FBgn0190526	Dsim\GD19018	GD19018			unmatched
FBgn0190527	Dsim\GD19019	GD19019			unmatched
FBgn0190528	Dsim\GD19020	GD19020			unmatched
FBgn0190530	Dsim\GD19022	GD19022			unmatched
FBgn0190531	Dsim\GD19023	GD19023			unmatched
FBgn0190533	Dsim\GD19026	GD19026			unmatched
FBgn0190534	Dsim\GD19027	GD19027			unmatched
FBgn0190535	Dsim\GD19028	GD19028			unmatched
FBgn0190536	Dsim\GD19029	GD19029			unmatched
FBgn0190537	Dsim\GD19030	GD19030			unmatched
FBgn0190539	Dsim\GD19032	GD19032			unmatched
FBgn0190540	Dsim\GD19033	GD19033			unmatched
FBgn0190541	Dsim\GD19034	GD19034			unmatched
FBgn0190542	Dsim\GD19035	GD19035			unmatched
FBgn0190543	Dsim\GD19036	GD19036			unmatched
FBgn0190544	Dsim\GD19037	GD19037			unmatched
FBgn0190545	Dsim\GD19038	GD19038			unmatched
FBgn0190546	Dsim\GD19039	GD19039			unmatched
FBgn0190547	Dsim\GD19040	GD19040			unmatched
FBgn0190549	Dsim\GD19042	GD19042			unmatched
FBgn0190550	Dsim\GD19043	GD19043			unmatched
FBgn0190551	Dsim\GD19044	GD19044			unmatched
FBgn0190552	Dsim\GD19045	GD19045			unmatched
FBgn0190553	Dsim\GD19046	GD19046			unmatched
FBgn0190555	Dsim\GD19048	GD19048			unmatched
FBgn0190556	Dsim\GD19049	GD19049			unmatched
FBgn0190557	Dsim\GD19050	GD19050			unmatched
FBgn0190558	Dsim\GD19051	GD19051			unmatched
FBgn0190559	Dsim\GD19052	GD19052			unmatched
FBgn0190560	Dsim\GD19053	GD19053			unmatched
FBgn0190561	Dsim\GD19054	GD19054			unmatched
FBgn0190562	Dsim\GD19055	GD19055			unmatched
FBgn0190564	Dsim\GD19057	GD19057			unmatched
FBgn0190565	Dsim\GD19058	GD19058			unmatched
FBgn0190566	Dsim\GD19059	GD19059			unmatched
FBgn0190567	Dsim\GD19060	GD19060			unmatched
FBgn0190568	Dsim\GD19061	GD19061			unmatched
FBgn0190570	Dsim\GD19063	GD19063			unmatched
FBgn0190571	Dsim\GD19064	GD19064			unmatched
FBgn0190573	Dsim\GD19066	GD19066			unmatched
FBgn0190577	Dsim\GD19070	GD19070			unmatched
FBgn0190578	Dsim\GD19071	GD19071			unmatched
FBgn0190579	Dsim\GD19072	GD19072			unmatched
FBgn0190580	Dsim\GD19073	GD19073			unmatched
FBgn0190581	Dsim\GD19074	GD19074			unmatched
FBgn0190582	Dsim\GD19075	GD19075			unmatched
FBgn0190583	Dsim\GD19076	GD19076			unmatched
FBgn0190584	Dsim\GD19077	GD19077			unmatched
FBgn0190585	Dsim\GD19078	GD19078			unmatched
FBgn0190586	Dsim\GD19079	GD19079			unmatched
FBgn0190587	Dsim\GD19080	GD19080			unmatched
FBgn0190588	Dsim\GD19081	GD19081			unmatched
FBgn0190590	Dsim\GD19083	GD19083			unmatched
FBgn0190591	Dsim\GD19084	GD19084			unmatched
FBgn0190592	Dsim\GD19085	GD19085			unmatched
FBgn0190593	Dsim\GD19086	GD19086			unmatched
FBgn0190594	Dsim\GD19087	GD19087			unmatched
FBgn0190595	Dsim\GD19088	GD19088			unmatched
FBgn0190596	Dsim\GD19089	GD19089			unmatched
FBgn0190597	Dsim\GD19090	GD19090			unmatched
FBgn0190598	Dsim\GD19091	GD19091			unmatched
FBgn0190599	Dsim\GD19092	GD19092			unmatched
FBgn0190600	Dsim\GD19093	GD19093			unmatched
FBgn0190601	Dsim\GD19094	GD19094			unmatched
FBgn0190602	Dsim\GD19095	GD19095			unmatched
FBgn0190603	Dsim\GD19096	GD19096			unmatched
FBgn0190606	Dsim\GD19099	GD19099			unmatched
FBgn0190607	Dsim\GD19100	GD19100			unmatched
FBgn0190608	Dsim\GD19101	GD19101			unmatched
FBgn0190609	Dsim\GD19102	GD19102			unmatched
FBgn0190610	Dsim\GD19103	GD19103			unmatched
FBgn0190611	Dsim\GD19104	GD19104			unmatched
FBgn0190612	Dsim\GD19105	GD19105			unmatched
FBgn0190613	Dsim\GD19106	GD19106			unmatched
FBgn0190614	Dsim\GD19107	GD19107			unmatched
FBgn0190617	Dsim\GD19110	GD19110			unmatched
FBgn0190619	Dsim\GD19112	GD19112			unmatched
FBgn0190620	Dsim\GD19113	GD19113			unmatched
FBgn0190621	Dsim\GD19114	GD19114			unmatched
FBgn0190622	Dsim\GD19115	GD19115			unmatched
FBgn0190623	Dsim\GD19116	GD19116			unmatched
FBgn0190624	Dsim\GD19117	GD19117			unmatched
FBgn0190625	Dsim\GD19118	GD19118			unmatched
FBgn0190626	Dsim\GD19120	GD19120			unmatched
FBgn0190629	Dsim\GD19123	GD19123			unmatched
FBgn0190630	Dsim\GD19124	GD19124			unmatched
FBgn0190631	Dsim\GD19125	GD19125			unmatched
FBgn0190632	Dsim\GD19126	GD19126			unmatched
FBgn0190633	Dsim\GD19127	GD19127			unmatched
FBgn0190634	Dsim\GD19128	GD19128			unmatched
FBgn0190635	Dsim\GD19129	GD19129			unmatched
FBgn0190636	Dsim\GD19130	GD19130			unmatched
FBgn0190637	Dsim\GD19131	GD19131			unmatched
FBgn0190638	Dsim\GD19132	GD19132			unmatched
FBgn0190639	Dsim\GD19133	GD19133			unmatched
FBgn0190641	Dsim\GD19135	GD19135			unmatched
FBgn0190642	Dsim\GD19137	GD19137			unmatched
FBgn0190643	Dsim\GD19138	GD19138			unmatched
FBgn0190644	Dsim\GD19139	GD19139			unmatched
FBgn0190645	Dsim\GD19140	GD19140			unmatched
FBgn0190646	Dsim\GD19141	GD19141			unmatched
FBgn0190647	Dsim\GD19142	GD19142			unmatched
FBgn0190648	Dsim\GD19143	GD19143			unmatched
FBgn0190649	Dsim\GD19144	GD19144			unmatched
FBgn0190650	Dsim\GD19145	GD19145			unmatched
FBgn0190651	Dsim\GD19146	GD19146			unmatched
FBgn0190652	Dsim\GD19147	GD19147			unmatched
FBgn0190653	Dsim\GD19148	GD19148			unmatched
FBgn0190654	Dsim\GD19149	GD19149			unmatched
FBgn0190656	Dsim\GD19151	GD19151			unmatched
FBgn0190657	Dsim\GD19152	GD19152			unmatched
FBgn0190658	Dsim\GD19153	GD19153			unmatched
FBgn0190659	Dsim\GD19154	GD19154			unmatched
FBgn0190660	Dsim\GD19155	GD19155			unmatched
FBgn0190661	Dsim\GD19156	GD19156			unmatched
FBgn0190662	Dsim\GD19157	GD19157			unmatched
FBgn0190663	Dsim\GD19158	GD19158			unmatched
FBgn0190664	Dsim\GD19159	GD19159			unmatched
FBgn0190665	Dsim\GD19160	GD19160			unmatched
FBgn0190666	Dsim\GD19161	GD19161			unmatched
FBgn0190667	Dsim\GD19162	GD19162			unmatched
FBgn0190671	Dsim\GD19166	GD19166			unmatched
FBgn0190674	Dsim\GD19169	GD19169			unmatched
FBgn0190675	Dsim\GD19170	GD19170			unmatched
FBgn0190676	Dsim\GD19171	GD19171			unmatched
FBgn0190677	Dsim\GD19172	GD19172			unmatched
FBgn0190678	Dsim\GD19173	GD19173			unmatched
FBgn0190679	Dsim\GD19174	GD19174			unmatched
FBgn0190680	Dsim\GD19175	GD19175			unmatched
FBgn0190681	Dsim\GD19176	GD19176			unmatched
FBgn0190682	Dsim\GD19177	GD19177			unmatched
FBgn0190684	Dsim\GD19179	GD19179			unmatched
FBgn0190685	Dsim\GD19180	GD19180			unmatched
FBgn0190687	Dsim\GD19182	GD19182			unmatched
FBgn0190688	Dsim\GD19183	GD19183			unmatched
FBgn0190689	Dsim\GD19184	GD19184			unmatched
FBgn0190690	Dsim\GD19185	GD19185			unmatched
FBgn0190691	Dsim\GD19186	GD19186			unmatched
FBgn0190692	Dsim\GD19187	GD19187			unmatched
FBgn0190694	Dsim\GD19189	GD19189			unmatched
FBgn0190696	Dsim\GD19191	GD19191			unmatched
FBgn0190697	Dsim\GD19192	GD19192			unmatched
FBgn0190698	Dsim\GD19193	GD19193			unmatched
FBgn0190699	Dsim\GD19194	GD19194			unmatched
FBgn0190700	Dsim\GD19195	GD19195			unmatched
FBgn0190701	Dsim\GD19196	GD19196			unmatched
FBgn0190702	Dsim\GD19197	GD19197			unmatched
FBgn0190704	Dsim\GD19199	GD19199			unmatched
FBgn0190705	Dsim\GD19200	GD19200			unmatched
FBgn0190706	Dsim\GD19201	GD19201			unmatched
FBgn0190708	Dsim\GD19203	GD19203			unmatched
FBgn0190709	Dsim\GD19204	GD19204			unmatched
FBgn0190710	Dsim\GD19205	GD19205			unmatched
FBgn0190712	Dsim\GD19207	GD19207			unmatched
FBgn0190714	Dsim\GD19209	GD19209			unmatched
FBgn0190715	Dsim\GD19210	GD19210			unmatched
FBgn0190717	Dsim\GD19212	GD19212			unmatched
FBgn0190718	Dsim\GD19213	GD19213			unmatched
FBgn0190719	Dsim\GD19214	GD19214			unmatched
FBgn0190720	Dsim\GD19215	GD19215			unmatched
FBgn0190721	Dsim\GD19216	GD19216			unmatched
FBgn0190722	Dsim\GD19217	GD19217			unmatched
FBgn0190723	Dsim\GD19218	GD19218			unmatched
FBgn0190725	Dsim\GD19220	GD19220			unmatched
FBgn0190726	Dsim\GD19221	GD19221			unmatched
FBgn0190727	Dsim\GD19222	GD19222			unmatched
FBgn0190728	Dsim\GD19223	GD19223			unmatched
FBgn0190729	Dsim\GD19224	GD19224			unmatched
FBgn0190730	Dsim\GD19225	GD19225			unmatched
FBgn0190731	Dsim\GD19226	GD19226			unmatched
FBgn0190732	Dsim\GD19227	GD19227			unmatched
FBgn0190733	Dsim\GD19228	GD19228			unmatched
FBgn0190734	Dsim\GD19229	GD19229			unmatched
FBgn0190735	Dsim\GD19230	GD19230			unmatched
FBgn0190736	Dsim\GD19231	GD19231			unmatched
FBgn0190737	Dsim\GD19232	GD19232			unmatched
FBgn0190738	Dsim\GD19233	GD19233			unmatched
FBgn0190739	Dsim\GD19234	GD19234			unmatched
FBgn0190740	Dsim\GD19235	GD19235			unmatched
FBgn0190741	Dsim\GD19236	GD19236			unmatched
FBgn0190742	Dsim\GD19237	GD19237			unmatched
FBgn0190743	Dsim\GD19238	GD19238			unmatched
FBgn0190744	Dsim\GD19239	GD19239			unmatched
FBgn0190746	Dsim\GD19241	GD19241			unmatched
FBgn0190747	Dsim\GD19242	GD19242			unmatched
FBgn0190748	Dsim\GD19243	GD19243			unmatched
FBgn0190749	Dsim\GD19244	GD19244			unmatched
FBgn0190750	Dsim\GD19245	GD19245			unmatched
FBgn0190751	Dsim\GD19246	GD19246			unmatched
FBgn0190752	Dsim\GD19247	GD19247			unmatched
FBgn0190753	Dsim\GD19248	GD19248			unmatched
FBgn0190757	Dsim\GD19252	GD19252			unmatched
FBgn0190758	Dsim\GD19253	GD19253			unmatched
FBgn0190759	Dsim\GD19254	GD19254			unmatched
FBgn0190760	Dsim\GD19255	GD19255			unmatched
FBgn0190762	Dsim\GD19257	GD19257			unmatched
FBgn0190765	Dsim\GD19260	GD19260			unmatched
FBgn0190766	Dsim\GD19261	GD19261			unmatched
FBgn0190768	Dsim\GD19263	GD19263			unmatched
FBgn0190769	Dsim\GD19264	GD19264			unmatched
FBgn0190770	Dsim\GD19265	GD19265			unmatched
FBgn0190771	Dsim\GD19266	GD19266			unmatched
FBgn0190772	Dsim\GD19267	GD19267			unmatched
FBgn0190773	Dsim\GD19268	GD19268			unmatched
FBgn0190774	Dsim\GD19269	GD19269			unmatched
FBgn0190775	Dsim\GD19271	GD19271			unmatched
FBgn0190776	Dsim\GD19272	GD19272			unmatched
FBgn0190777	Dsim\GD19273	GD19273			unmatched
FBgn0190778	Dsim\GD19275	GD19275			unmatched
FBgn0190779	Dsim\GD19276	GD19276			unmatched
FBgn0190780	Dsim\GD19277	GD19277			unmatched
FBgn0190781	Dsim\GD19278	GD19278			unmatched
FBgn0190782	Dsim\GD19279	GD19279			unmatched
FBgn0190783	Dsim\GD19280	GD19280			unmatched
FBgn0190787	Dsim\GD19284	GD19284			unmatched
FBgn0190789	Dsim\GD19286	GD19286			unmatched
FBgn0190790	Dsim\GD19287	GD19287			unmatched
FBgn0190792	Dsim\GD19289	GD19289			unmatched
FBgn0190794	Dsim\GD19291	GD19291			unmatched
FBgn0190795	Dsim\GD19292	GD19292			unmatched
FBgn0190797	Dsim\GD19294	GD19294			unmatched
FBgn0190800	Dsim\GD19297	GD19297			unmatched
FBgn0190801	Dsim\GD19298	GD19298			unmatched
FBgn0190802	Dsim\GD19299	GD19299			unmatched
FBgn0190803	Dsim\GD19300	GD19300			unmatched
FBgn0190804	Dsim\GD19301	GD19301			unmatched
FBgn0190807	Dsim\GD19304	GD19304			unmatched
FBgn0190808	Dsim\GD19305	GD19305			unmatched
FBgn0190809	Dsim\GD19306	GD19306			unmatched
FBgn0190810	Dsim\GD19308	GD19308			unmatched
FBgn0190811	Dsim\GD19309	GD19309			unmatched
FBgn0190812	Dsim\GD19310	GD19310			unmatched
FBgn0190813	Dsim\GD19311	GD19311			unmatched
FBgn0190815	Dsim\GD19313	GD19313			unmatched
FBgn0190816	Dsim\GD19314	GD19314			unmatched
FBgn0190817	Dsim\GD19315	GD19315			unmatched
FBgn0190818	Dsim\GD19316	GD19316			unmatched
FBgn0190819	Dsim\GD19317	GD19317			unmatched
FBgn0190820	Dsim\GD19318	GD19318			unmatched
FBgn0190821	Dsim\GD19319	GD19319			unmatched
FBgn0190822	Dsim\GD19320	GD19320			unmatched
FBgn0190823	Dsim\GD19321	GD19321			unmatched
FBgn0190824	Dsim\GD19322	GD19322			unmatched
FBgn0190825	Dsim\GD19323	GD19323			unmatched
FBgn0190826	Dsim\GD19324	GD19324			unmatched
FBgn0190828	Dsim\GD19326	GD19326			unmatched
FBgn0190832	Dsim\GD19330	GD19330			unmatched
FBgn0190833	Dsim\GD19331	GD19331			unmatched
FBgn0190834	Dsim\GD19332	GD19332			unmatched
FBgn0190835	Dsim\GD19333	GD19333			unmatched
FBgn0190836	Dsim\GD19334	GD19334			unmatched
FBgn0190837	Dsim\GD19335	GD19335			unmatched
FBgn0190838	Dsim\GD19336	GD19336			unmatched
FBgn0190839	Dsim\GD19337	GD19337			unmatched
FBgn0190840	Dsim\GD19338	GD19338			unmatched
FBgn0190841	Dsim\GD19339	GD19339			unmatched
FBgn0190842	Dsim\GD19340	GD19340			unmatched
FBgn0190843	Dsim\GD19341	GD19341			unmatched
FBgn0190846	Dsim\GD19344	GD19344			unmatched
FBgn0190847	Dsim\GD19345	GD19345			unmatched
FBgn0190848	Dsim\GD19346	GD19346			unmatched
FBgn0190850	Dsim\GD19348	GD19348			unmatched
FBgn0190851	Dsim\GD19349	GD19349			unmatched
FBgn0190852	Dsim\r-cup	r-cup	FBgn0031142	r-cup	matched
FBgn0190854	Dsim\GD19352	GD19352			unmatched
FBgn0190856	Dsim\GD19354	GD19354			unmatched
FBgn0190857	Dsim\MtnD	MtnD	FBgn0053192	MtnD	matched
FBgn0190858	Dsim\GD19356	GD19356			unmatched
FBgn0190859	Dsim\GD19357	GD19357			unmatched
FBgn0190860	Dsim\GD19358	GD19358			unmatched
FBgn0190861	Dsim\GD19359	GD19359			unmatched
FBgn0190862	Dsim\GD19360	GD19360			unmatched
FBgn0190863	Dsim\GD19361	GD19361			unmatched
FBgn0190864	Dsim\GD19362	GD19362			unmatched
FBgn0190865	Dsim\GD19363	GD19363			unmatched
FBgn0190866	Dsim\GD19364	GD19364			unmatched
FBgn0190868	Dsim\GD19366	GD19366			unmatched
FBgn0190870	Dsim\GD19368	GD19368			unmatched
FBgn0190871	Dsim\GD19369	GD19369			unmatched
FBgn0190872	Dsim\GD19370	GD19370			unmatched
FBgn0190873	Dsim\GD19371	GD19371			unmatched
FBgn0190874	Dsim\GD19372	GD19372			unmatched
FBgn0190876	Dsim\GD19374	GD19374			unmatched
FBgn0190877	Dsim\GD19375	GD19375			unmatched
FBgn0190878	Dsim\GD19376	GD19376			unmatched
FBgn0190879	Dsim\GD19377	GD19377			unmatched
FBgn0190880	Dsim\GD19378	GD19378			unmatched
FBgn0190881	Dsim\GD19380	GD19380			unmatched
FBgn0190882	Dsim\GD19381	GD19381			unmatched
FBgn0190883	Dsim\GD19382	GD19382			unmatched
FBgn0190884	Dsim\GD19383	GD19383			unmatched
FBgn0190885	Dsim\GD19384	GD19384			unmatched
FBgn0190886	Dsim\GD19385	GD19385			unmatched
FBgn0190887	Dsim\GD19386	GD19386			unmatched
FBgn0190888	Dsim\GD19387	GD19387			unmatched
FBgn0190889	Dsim\GD19388	GD19388			unmatched
FBgn0190890	Dsim\GD19389	GD19389			unmatched
FBgn0190891	Dsim\GD19390	GD19390			unmatched
FBgn0190892	Dsim\GD19391	GD19391			unmatched
FBgn0190893	Dsim\GD19392	GD19392			unmatched
FBgn0190894	Dsim\GD19393	GD19393			unmatched
FBgn0190895	Dsim\GD19394	GD19394			unmatched
FBgn0190896	Dsim\GD19395	GD19395			unmatched
FBgn0190897	Dsim\GD19396	GD19396			unmatched
FBgn0190898	Dsim\GD19397	GD19397			unmatched
FBgn0190899	Dsim\GD19398	GD19398			unmatched
FBgn0190900	Dsim\GD19399	GD19399			unmatched
FBgn0190901	Dsim\GD19400	GD19400			unmatched
FBgn0190902	Dsim\GD19401	GD19401			unmatched
FBgn0190903	Dsim\GD19402	GD19402			unmatched
FBgn0190905	Dsim\GD19404	GD19404			unmatched
FBgn0190906	Dsim\GD19405	GD19405			unmatched
FBgn0190907	Dsim\GD19406	GD19406			unmatched
FBgn0190908	Dsim\GD19407	GD19407			unmatched
FBgn0190909	Dsim\GD19408	GD19408			unmatched
FBgn0190910	Dsim\GD19409	GD19409			unmatched
FBgn0190911	Dsim\GD19410	GD19410			unmatched
FBgn0190913	Dsim\GD19412	GD19412			unmatched
FBgn0190914	Dsim\GD19413	GD19413			unmatched
FBgn0190916	Dsim\GD19415	GD19415			unmatched
FBgn0190917	Dsim\GD19416	GD19416			unmatched
FBgn0190918	Dsim\GD19417	GD19417			unmatched
FBgn0190920	Dsim\GD19419	GD19419			unmatched
FBgn0190921	Dsim\GD19420	GD19420			unmatched
FBgn0190923	Dsim\GD19424	GD19424			unmatched
FBgn0190924	Dsim\GD19425	GD19425			unmatched
FBgn0190925	Dsim\GD19426	GD19426			unmatched
FBgn0190927	Dsim\GD19428	GD19428			unmatched
FBgn0190928	Dsim\GD19429	GD19429			unmatched
FBgn0190929	Dsim\GD19430	GD19430			unmatched
FBgn0190931	Dsim\GD19432	GD19432			unmatched
FBgn0190932	Dsim\GD19433	GD19433			unmatched
FBgn0190933	Dsim\GD19434	GD19434			unmatched
FBgn0190935	Dsim\GD19436	GD19436			unmatched
FBgn0190936	Dsim\GD19437	GD19437			unmatched
FBgn0190938	Dsim\GD19439	GD19439			unmatched
FBgn0190939	Dsim\GD19440	GD19440			unmatched
FBgn0190940	Dsim\GD19441	GD19441			unmatched
FBgn0190941	Dsim\GD19442	GD19442			unmatched
FBgn0190942	Dsim\GD19443	GD19443			unmatched
FBgn0190943	Dsim\GD19444	GD19444			unmatched
FBgn0190946	Dsim\GD19447	GD19447			unmatched
FBgn0190947	Dsim\GD19448	GD19448			unmatched
FBgn0190948	Dsim\GD19449	GD19449			unmatched
FBgn0190950	Dsim\GD19451	GD19451			unmatched
FBgn0190951	Dsim\GD19452	GD19452			unmatched
FBgn0190952	Dsim\GD19453	GD19453			unmatched
FBgn0190953	Dsim\GD19454	GD19454			unmatched
FBgn0190954	Dsim\GD19455	GD19455			unmatched
FBgn0190956	Dsim\GD19457	GD19457			unmatched
FBgn0190957	Dsim\GD19458	GD19458			unmatched
FBgn0190958	Dsim\GD19459	GD19459			unmatched
FBgn0190959	Dsim\GD19460	GD19460			unmatched
FBgn0190960	Dsim\GD19461	GD19461			unmatched
FBgn0190961	Dsim\GD19462	GD19462			unmatched
FBgn0190962	Dsim\GD19463	GD19463			unmatched
FBgn0190963	Dsim\GD19464	GD19464			unmatched
FBgn0190964	Dsim\GD19465	GD19465			unmatched
FBgn0190965	Dsim\GD19466	GD19466			unmatched
FBgn0190967	Dsim\GD19468	GD19468			unmatched
FBgn0190968	Dsim\GD19469	GD19469			unmatched
FBgn0190969	Dsim\GD19470	GD19470			unmatched
FBgn0190970	Dsim\GD19472	GD19472			unmatched
FBgn0190971	Dsim\GD19473	GD19473			unmatched
FBgn0190972	Dsim\GD19475	GD19475			unmatched
FBgn0190974	Dsim\GD19477	GD19477			unmatched
FBgn0190975	Dsim\GD19478	GD19478			unmatched
FBgn0190976	Dsim\GD19479	GD19479			unmatched
FBgn0190977	Dsim\GD19480	GD19480			unmatched
FBgn0190978	Dsim\GD19481	GD19481			unmatched
FBgn0190979	Dsim\GD19482	GD19482			unmatched
FBgn0190980	Dsim\GD19483	GD19483			unmatched
FBgn0190981	Dsim\GD19484	GD19484			unmatched
FBgn0190982	Dsim\GD19485	GD19485			unmatched
FBgn0190985	Dsim\GD19488	GD19488			unmatched
FBgn0190986	Dsim\Obp84a	Obp84a	FBgn0011282	Obp84a	matched
FBgn0190987	Dsim\GD19491	GD19491			unmatched
FBgn0190988	Dsim\GD19492	GD19492			unmatched
FBgn0190989	Dsim\GD19493	GD19493			unmatched
FBgn0190990	Dsim\GD19494	GD19494			unmatched
FBgn0190992	Dsim\GD19496	GD19496			unmatched
FBgn0190993	Dsim\GD19497	GD19497			unmatched
FBgn0190995	Dsim\GD19499	GD19499			unmatched
FBgn0190996	Dsim\GD19500	GD19500			unmatched
FBgn0190997	Dsim\GD19501	GD19501			unmatched
FBgn0190998	Dsim\GD19502	GD19502			unmatched
FBgn0190999	Dsim\GD19503	GD19503			unmatched
FBgn0191001	Dsim\GD19505	GD19505			unmatched
FBgn0191002	Dsim\GD19506	GD19506			unmatched
FBgn0191005	Dsim\GD19509	GD19509			unmatched
FBgn0191006	Dsim\GD19510	GD19510			unmatched
FBgn0191007	Dsim\GD19511	GD19511			unmatched
FBgn0191011	Dsim\GD19515	GD19515			unmatched
FBgn0191014	Dsim\GD19518	GD19518			unmatched
FBgn0191017	Dsim\GD19522	GD19522			unmatched
FBgn0191018	Dsim\GD19523	GD19523			unmatched
FBgn0191019	Dsim\GD19524	GD19524			unmatched
FBgn0191020	Dsim\GD19525	GD19525			unmatched
FBgn0191021	Dsim\GD19526	GD19526			unmatched
FBgn0191023	Dsim\GD19528	GD19528			unmatched
FBgn0191025	Dsim\GD19530	GD19530			unmatched
FBgn0191026	Dsim\GD19531	GD19531			unmatched
FBgn0191028	Dsim\GD19533	GD19533			unmatched
FBgn0191029	Dsim\GD19534	GD19534			unmatched
FBgn0191030	Dsim\GD19535	GD19535			unmatched
FBgn0191031	Dsim\GD19536	GD19536			unmatched
FBgn0191033	Dsim\GD19538	GD19538			unmatched
FBgn0191034	Dsim\GD19539	GD19539			unmatched
FBgn0191035	Dsim\GD19540	GD19540			unmatched
FBgn0191037	Dsim\GD19542	GD19542			unmatched
FBgn0191038	Dsim\GD19543	GD19543			unmatched
FBgn0191039	Dsim\GD19544	GD19544			unmatched
FBgn0191041	Dsim\GD19546	GD19546			unmatched
FBgn0191042	Dsim\GD19547	GD19547			unmatched
FBgn0191043	Dsim\GD19548	GD19548			unmatched
FBgn0191044	Dsim\GD19549	GD19549			unmatched
FBgn0191046	Dsim\GD19551	GD19551			unmatched
FBgn0191048	Dsim\GD19553	GD19553			unmatched
FBgn0191049	Dsim\GD19554	GD19554			unmatched
FBgn0191052	Dsim\GD19557	GD19557			unmatched
FBgn0191054	Dsim\Obp83g	Obp83g	FBgn0046875	Obp83g	matched
FBgn0191055	Dsim\Obp83ef	Obp83ef	FBgn0046876	Obp83ef	matched
FBgn0191056	Dsim\GD19561	GD19561			unmatched
FBgn0191057	Dsim\GD19562	GD19562			unmatched
FBgn0191059	Dsim\GD19564	GD19564			unmatched
FBgn0191062	Dsim\GD19567	GD19567			unmatched
FBgn0191064	Dsim\GD19571	GD19571			unmatched
FBgn0191067	Dsim\GD19574	GD19574			unmatched
FBgn0191068	Dsim\GD19575	GD19575			unmatched
FBgn0191069	Dsim\GD19576	GD19576			unmatched
FBgn0191070	Dsim\GD19577	GD19577			unmatched
FBgn0191071	Dsim\GD19578	GD19578			unmatched
FBgn0191072	Dsim\GD19579	GD19579			unmatched
FBgn0191073	Dsim\GD19580	GD19580			unmatched
FBgn0191074	Dsim\GD19581	GD19581			unmatched
FBgn0191077	Dsim\GD19584	GD19584			unmatched
FBgn0191078	Dsim\GD19585	GD19585			unmatched
FBgn0191079	Dsim\GD19586	GD19586			unmatched
FBgn0191080	Dsim\GD19587	GD19587			unmatched
FBgn0191081	Dsim\GD19588	GD19588			unmatched
FBgn0191082	Dsim\GD19589	GD19589			unmatched
FBgn0191083	Dsim\GD19590	GD19590			unmatched
FBgn0191084	Dsim\GD19591	GD19591			unmatched
FBgn0191085	Dsim\GD19592	GD19592			unmatched
FBgn0191086	Dsim\GD19593	GD19593			unmatched
FBgn0191087	Dsim\GD19594	GD19594			unmatched
FBgn0191088	Dsim\GD19595	GD19595			unmatched
FBgn0191090	Dsim\GD19597	GD19597			unmatched
FBgn0191091	Dsim\GD19599	GD19599			unmatched
FBgn0191092	Dsim\GD19600	GD19600			unmatched
FBgn0191094	Dsim\GD19602	GD19602			unmatched
FBgn0191095	Dsim\GD19603	GD19603			unmatched
FBgn0191096	Dsim\GD19604	GD19604			unmatched
FBgn0191097	Dsim\GD19605	GD19605			unmatched
FBgn0191098	Dsim\GD19606	GD19606			unmatched
FBgn0191099	Dsim\GD19607	GD19607			unmatched
FBgn0191100	Dsim\GD19608	GD19608			unmatched
FBgn0191101	Dsim\GD19609	GD19609			unmatched
FBgn0191102	Dsim\GD19610	GD19610			unmatched
FBgn0191104	Dsim\GD19612	GD19612			unmatched
FBgn0191105	Dsim\GD19613	GD19613			unmatched
FBgn0191106	Dsim\GD19615	GD19615			unmatched
FBgn0191107	Dsim\GD19616	GD19616			unmatched
FBgn0191108	Dsim\GD19617	GD19617			unmatched
FBgn0191109	Dsim\GD19618	GD19618			unmatched
FBgn0191110	Dsim\GD19619	GD19619			unmatched
FBgn0191111	Dsim\GD19620	GD19620			unmatched
FBgn0191112	Dsim\GD19621	GD19621			unmatched
FBgn0191113	Dsim\GD19622	GD19622			unmatched
FBgn0191115	Dsim\GD19624	GD19624			unmatched
FBgn0191116	Dsim\GD19625	GD19625			unmatched
FBgn0191117	Dsim\GD19626	GD19626			unmatched
FBgn0191120	Dsim\GD19629	GD19629			unmatched
FBgn0191122	Dsim\GD19631	GD19631			unmatched
FBgn0191124	Dsim\GD19633	GD19633			unmatched
FBgn0191125	Dsim\GD19634	GD19634			unmatched
FBgn0191126	Dsim\GD19635	GD19635			unmatched
FBgn0191127	Dsim\GD19636	GD19636			unmatched
FBgn0191128	Dsim\GD19637	GD19637			unmatched
FBgn0191129	Dsim\GD19638	GD19638			unmatched
FBgn0191130	Dsim\GD19639	GD19639			unmatched
FBgn0191131	Dsim\GD19640	GD19640			unmatched
FBgn0191132	Dsim\GD19641	GD19641			unmatched
FBgn0191133	Dsim\GD19642	GD19642			unmatched
FBgn0191135	Dsim\GD19644	GD19644			unmatched
FBgn0191136	Dsim\GD19645	GD19645			unmatched
FBgn0191137	Dsim\GD19646	GD19646			unmatched
FBgn0191139	Dsim\GD19648	GD19648			unmatched
FBgn0191140	Dsim\GD19649	GD19649			unmatched
FBgn0191142	Dsim\GD19651	GD19651			unmatched
FBgn0191143	Dsim\GD19652	GD19652			unmatched
FBgn0191145	Dsim\GD19654	GD19654			unmatched
FBgn0191146	Dsim\GD19655	GD19655			unmatched
FBgn0191147	Dsim\GD19656	GD19656			unmatched
FBgn0191148	Dsim\GD19657	GD19657			unmatched
FBgn0191151	Dsim\GD19660	GD19660			unmatched
FBgn0191152	Dsim\GD19661	GD19661			unmatched
FBgn0191153	Dsim\GD19662	GD19662			unmatched
FBgn0191154	Dsim\GD19663	GD19663			unmatched
FBgn0191155	Dsim\GD19664	GD19664			unmatched
FBgn0191156	Dsim\GD19665	GD19665			unmatched
FBgn0191157	Dsim\GD19666	GD19666			unmatched
FBgn0191160	Dsim\GD19669	GD19669			unmatched
FBgn0191164	Dsim\GD19673	GD19673			unmatched
FBgn0191166	Dsim\GD19675	GD19675			unmatched
FBgn0191167	Dsim\GD19676	GD19676			unmatched
FBgn0191168	Dsim\GD19677	GD19677			unmatched
FBgn0191169	Dsim\GD19678	GD19678			unmatched
FBgn0191170	Dsim\GD19679	GD19679			unmatched
FBgn0191171	Dsim\GD19680	GD19680			unmatched
FBgn0191172	Dsim\GD19681	GD19681			unmatched
FBgn0191173	Dsim\GD19682	GD19682			unmatched
FBgn0191174	Dsim\GD19683	GD19683			unmatched
FBgn0191175	Dsim\GD19684	GD19684			unmatched
FBgn0191176	Dsim\GD19685	GD19685			unmatched
FBgn0191177	Dsim\GD19686	GD19686			unmatched
FBgn0191178	Dsim\GD19687	GD19687			unmatched
FBgn0191179	Dsim\GD19688	GD19688			unmatched
FBgn0191180	Dsim\GD19689	GD19689			unmatched
FBgn0191181	Dsim\GD19690	GD19690			unmatched
FBgn0191182	Dsim\GD19691	GD19691			unmatched
FBgn0191183	Dsim\GD19692	GD19692			unmatched
FBgn0191184	Dsim\GD19693	GD19693			unmatched
FBgn0191185	Dsim\GD19694	GD19694			unmatched
FBgn0191186	Dsim\GD19695	GD19695			unmatched
FBgn0191187	Dsim\GD19696	GD19696			unmatched
FBgn0191188	Dsim\GD19697	GD19697			unmatched
FBgn0191189	Dsim\GD19698	GD19698			unmatched
FBgn0191191	Dsim\GD19700	GD19700			unmatched
FBgn0191192	Dsim\Dsk	Dsk	FBgn0000500	Dsk	matched
FBgn0191193	Dsim\GD19702	GD19702			unmatched
FBgn0191194	Dsim\GD19703	GD19703			unmatched
FBgn0191195	Dsim\GD19704	GD19704			unmatched
FBgn0191196	Dsim\GD19705	GD19705			unmatched
FBgn0191197	Dsim\GD19706	GD19706			unmatched
FBgn0191198	Dsim\GD19708	GD19708			unmatched
FBgn0191199	Dsim\GD19709	GD19709			unmatched
FBgn0191201	Dsim\GD19711	GD19711			unmatched
FBgn0191202	Dsim\GD19712	GD19712			unmatched
FBgn0191203	Dsim\GD19713	GD19713			unmatched
FBgn0191204	Dsim\GD19714	GD19714			unmatched
FBgn0191205	Dsim\GD19715	GD19715			unmatched
FBgn0191206	Dsim\GD19716	GD19716			unmatched
FBgn0191207	Dsim\GD19717	GD19717			unmatched
FBgn0191208	Dsim\GD19718	GD19718			unmatched
FBgn0191209	Dsim\GD19719	GD19719			unmatched
FBgn0191210	Dsim\GD19720	GD19720			unmatched
FBgn0191211	Dsim\GD19721	GD19721			unmatched
FBgn0191214	Dsim\GD19724	GD19724			unmatched
FBgn0191216	Dsim\GD19727	GD19727			unmatched
FBgn0191217	Dsim\GD19728	GD19728			unmatched
FBgn0191218	Dsim\GD19729	GD19729			unmatched
FBgn0191219	Dsim\GD19730	GD19730			unmatched
FBgn0191221	Dsim\GD19732	GD19732			unmatched
FBgn0191222	Dsim\GD19733	GD19733			unmatched
FBgn0191223	Dsim\GD19734	GD19734			unmatched
FBgn0191225	Dsim\GD19736	GD19736			unmatched
FBgn0191226	Dsim\GD19737	GD19737			unmatched
FBgn0191228	Dsim\GD19739	GD19739			unmatched
FBgn0191229	Dsim\GD19740	GD19740			unmatched
FBgn0191231	Dsim\GD19742	GD19742			unmatched
FBgn0191232	Dsim\GD19743	GD19743			unmatched
FBgn0191233	Dsim\GD19744	GD19744			unmatched
FBgn0191234	Dsim\GD19745	GD19745			unmatched
FBgn0191235	Dsim\GD19746	GD19746			unmatched
FBgn0191237	Dsim\GD19748	GD19748			unmatched
FBgn0191238	Dsim\GD19749	GD19749			unmatched
FBgn0191240	Dsim\GD19751	GD19751			unmatched
FBgn0191241	Dsim\GD19752	GD19752			unmatched
FBgn0191242	Dsim\GD19753	GD19753			unmatched
FBgn0191243	Dsim\GD19754	GD19754			unmatched
FBgn0191245	Dsim\GD19756	GD19756			unmatched
FBgn0191246	Dsim\GD19757	GD19757			unmatched
FBgn0191249	Dsim\GD19760	GD19760			unmatched
FBgn0191252	Dsim\GD19763	GD19763			unmatched
FBgn0191253	Dsim\GD19764	GD19764			unmatched
FBgn0191254	Dsim\GD19765	GD19765			unmatched
FBgn0191255	Dsim\GD19766	GD19766			unmatched
FBgn0191256	Dsim\GD19767	GD19767			unmatched
FBgn0191257	Dsim\GD19768	GD19768			unmatched
FBgn0191258	Dsim\GD19769	GD19769			unmatched
FBgn0191259	Dsim\GD19770	GD19770			unmatched
FBgn0191261	Dsim\GD19772	GD19772			unmatched
FBgn0191262	Dsim\GD19773	GD19773			unmatched
FBgn0191264	Dsim\GD19775	GD19775			unmatched
FBgn0191267	Dsim\GD19778	GD19778			unmatched
FBgn0191268	Dsim\GD19779	GD19779			unmatched
FBgn0191269	Dsim\GD19780	GD19780			unmatched
FBgn0191270	Dsim\GD19781	GD19781			unmatched
FBgn0191271	Dsim\GD19782	GD19782			unmatched
FBgn0191273	Dsim\GD19784	GD19784			unmatched
FBgn0191274	Dsim\GD19785	GD19785			unmatched
FBgn0191275	Dsim\GD19786	GD19786			unmatched
FBgn0191276	Dsim\GD19787	GD19787			unmatched
FBgn0191277	Dsim\GD19788	GD19788			unmatched
FBgn0191278	Dsim\GD19789	GD19789			unmatched
FBgn0191279	Dsim\GD19790	GD19790			unmatched
FBgn0191280	Dsim\GD19791	GD19791			unmatched
FBgn0191281	Dsim\GD19792	GD19792			unmatched
FBgn0191282	Dsim\GD19793	GD19793			unmatched
FBgn0191283	Dsim\GD19794	GD19794			unmatched
FBgn0191284	Dsim\GD19795	GD19795			unmatched
FBgn0191285	Dsim\GD19796	GD19796			unmatched
FBgn0191286	Dsim\GD19797	GD19797			unmatched
FBgn0191288	Dsim\GD19799	GD19799			unmatched
FBgn0191289	Dsim\GD19800	GD19800			unmatched
FBgn0191291	Dsim\GD19802	GD19802			unmatched
FBgn0191292	Dsim\GD19803	GD19803			unmatched
FBgn0191293	Dsim\GD19804	GD19804			unmatched
FBgn0191295	Dsim\GD19806	GD19806			unmatched
FBgn0191296	Dsim\GD19807	GD19807			unmatched
FBgn0191298	Dsim\GD19809	GD19809			unmatched
FBgn0191299	Dsim\GD19810	GD19810			unmatched
FBgn0191302	Dsim\GD19813	GD19813			unmatched
FBgn0191304	Dsim\GD19815	GD19815			unmatched
FBgn0191305	Dsim\GD19816	GD19816			unmatched
FBgn0191306	Dsim\GD19817	GD19817			unmatched
FBgn0191307	Dsim\GD19818	GD19818			unmatched
FBgn0191309	Dsim\GD19820	GD19820			unmatched
FBgn0191310	Dsim\GD19821	GD19821			unmatched
FBgn0191311	Dsim\GD19822	GD19822			unmatched
FBgn0191312	Dsim\GD19823	GD19823			unmatched
FBgn0191313	Dsim\GD19824	GD19824			unmatched
FBgn0191315	Dsim\GD19826	GD19826			unmatched
FBgn0191316	Dsim\GD19827	GD19827			unmatched
FBgn0191317	Dsim\GD19828	GD19828			unmatched
FBgn0191318	Dsim\GD19829	GD19829			unmatched
FBgn0191319	Dsim\GD19830	GD19830			unmatched
FBgn0191320	Dsim\GD19831	GD19831			unmatched
FBgn0191321	Dsim\GD19832	GD19832			unmatched
FBgn0191322	Dsim\GD19833	GD19833			unmatched
FBgn0191323	Dsim\GD19834	GD19834			unmatched
FBgn0191324	Dsim\GD19835	GD19835			unmatched
FBgn0191326	Dsim\GD19837	GD19837			unmatched
FBgn0191329	Dsim\GD19840	GD19840			unmatched
FBgn0191330	Dsim\GD19841	GD19841			unmatched
FBgn0191331	Dsim\GD19842	GD19842			unmatched
FBgn0191332	Dsim\GD19843	GD19843			unmatched
FBgn0191333	Dsim\GD19844	GD19844			unmatched
FBgn0191334	Dsim\GD19845	GD19845			unmatched
FBgn0191335	Dsim\GD19846	GD19846			unmatched
FBgn0191336	Dsim\GD19847	GD19847			unmatched
FBgn0191337	Dsim\GD19848	GD19848			unmatched
FBgn0191338	Dsim\GD19849	GD19849			unmatched
FBgn0191339	Dsim\GD19850	GD19850			unmatched
FBgn0191340	Dsim\GD19851	GD19851			unmatched
FBgn0191341	Dsim\GD19852	GD19852			unmatched
FBgn0191342	Dsim\GD19853	GD19853			unmatched
FBgn0191344	Dsim\GD19855	GD19855			unmatched
FBgn0191345	Dsim\GD19856	GD19856			unmatched
FBgn0191346	Dsim\GD19857	GD19857			unmatched
FBgn0191347	Dsim\GD19858	GD19858			unmatched
FBgn0191348	Dsim\GD19859	GD19859			unmatched
FBgn0191349	Dsim\GD19860	GD19860			unmatched
FBgn0191350	Dsim\GD19861	GD19861			unmatched
FBgn0191351	Dsim\GD19862	GD19862			unmatched
FBgn0191352	Dsim\GD19863	GD19863			unmatched
FBgn0191353	Dsim\GD19864	GD19864			unmatched
FBgn0191354	Dsim\GD19865	GD19865			unmatched
FBgn0191355	Dsim\GD19866	GD19866			unmatched
FBgn0191356	Dsim\GD19867	GD19867			unmatched
FBgn0191357	Dsim\GD19868	GD19868			unmatched
FBgn0191358	Dsim\GD19869	GD19869			unmatched
FBgn0191359	Dsim\GD19870	GD19870			unmatched
FBgn0191360	Dsim\GD19872	GD19872			unmatched
FBgn0191361	Dsim\GD19873	GD19873			unmatched
FBgn0191362	Dsim\GD19874	GD19874			unmatched
FBgn0191364	Dsim\GD19876	GD19876			unmatched
FBgn0191365	Dsim\GD19877	GD19877			unmatched
FBgn0191366	Dsim\GD19878	GD19878			unmatched
FBgn0191367	Dsim\GD19879	GD19879			unmatched
FBgn0191368	Dsim\GD19880	GD19880			unmatched
FBgn0191369	Dsim\GD19881	GD19881			unmatched
FBgn0191372	Dsim\GD19884	GD19884			unmatched
FBgn0191373	Dsim\GD19885	GD19885			unmatched
FBgn0191374	Dsim\GD19886	GD19886			unmatched
FBgn0191375	Dsim\GD19888	GD19888			unmatched
FBgn0191377	Dsim\GD19890	GD19890			unmatched
FBgn0191378	Dsim\GD19891	GD19891			unmatched
FBgn0191381	Dsim\GD19895	GD19895			unmatched
FBgn0191387	Dsim\GD19902	GD19902			unmatched
FBgn0191388	Dsim\GD19903	GD19903			unmatched
FBgn0191389	Dsim\GD19905	GD19905			unmatched
FBgn0191391	Dsim\GD19907	GD19907			unmatched
FBgn0191392	Dsim\GD19908	GD19908			unmatched
FBgn0191393	Dsim\GD19909	GD19909			unmatched
FBgn0191395	Dsim\GD19911	GD19911			unmatched
FBgn0191396	Dsim\GD19912	GD19912			unmatched
FBgn0191397	Dsim\GD19914	GD19914			unmatched
FBgn0191398	Dsim\GD19915	GD19915			unmatched
FBgn0191399	Dsim\GD19916	GD19916			unmatched
FBgn0191400	Dsim\GD19917	GD19917			unmatched
FBgn0191401	Dsim\GD19918	GD19918			unmatched
FBgn0191402	Dsim\GD19919	GD19919			unmatched
FBgn0191403	Dsim\GD19920	GD19920			unmatched
FBgn0191405	Dsim\GD19922	GD19922			unmatched
FBgn0191406	Dsim\GD19923	GD19923			unmatched
FBgn0191407	Dsim\GD19924	GD19924			unmatched
FBgn0191408	Dsim\GD19925	GD19925			unmatched
FBgn0191409	Dsim\GD19926	GD19926			unmatched
FBgn0191410	Dsim\GD19927	GD19927			unmatched
FBgn0191411	Dsim\GD19928	GD19928			unmatched
FBgn0191412	Dsim\GD19929	GD19929			unmatched
FBgn0191413	Dsim\GD19930	GD19930			unmatched
FBgn0191414	Dsim\GD19931	GD19931			unmatched
FBgn0191416	Dsim\Mst84Da	Mst84Da	FBgn0004172	Mst84Da	matched
FBgn0191417	Dsim\GD19934	GD19934			unmatched
FBgn0191418	Dsim\GD19935	GD19935			unmatched
FBgn0191419	Dsim\GD19936	GD19936			unmatched
FBgn0191420	Dsim\GD19937	GD19937			unmatched
FBgn0191421	Dsim\GD19938	GD19938			unmatched
FBgn0191422	Dsim\GD19939	GD19939			unmatched
FBgn0191423	Dsim\GD19940	GD19940			unmatched
FBgn0191424	Dsim\GD19941	GD19941			unmatched
FBgn0191425	Dsim\GD19942	GD19942			unmatched
FBgn0191426	Dsim\GD19943	GD19943			unmatched
FBgn0191428	Dsim\GD19945	GD19945			unmatched
FBgn0191429	Dsim\GD19946	GD19946			unmatched
FBgn0191430	Dsim\GD19947	GD19947			unmatched
FBgn0191431	Dsim\GD19948	GD19948			unmatched
FBgn0191434	Dsim\GD19951	GD19951			unmatched
FBgn0191435	Dsim\GD19952	GD19952			unmatched
FBgn0191437	Dsim\GD19954	GD19954			unmatched
FBgn0191438	Dsim\GD19955	GD19955			unmatched
FBgn0191439	Dsim\GD19956	GD19956			unmatched
FBgn0191440	Dsim\GD19957	GD19957			unmatched
FBgn0191441	Dsim\GD19958	GD19958			unmatched
FBgn0191442	Dsim\GD19959	GD19959			unmatched
FBgn0191443	Dsim\GD19960	GD19960			unmatched
FBgn0191444	Dsim\GD19961	GD19961			unmatched
FBgn0191445	Dsim\GD19962	GD19962			unmatched
FBgn0191446	Dsim\GD19963	GD19963			unmatched
FBgn0191447	Dsim\GD19964	GD19964			unmatched
FBgn0191448	Dsim\GD19965	GD19965			unmatched
FBgn0191449	Dsim\GD19966	GD19966			unmatched
FBgn0191450	Dsim\GD19967	GD19967			unmatched
FBgn0191451	Dsim\GD19968	GD19968			unmatched
FBgn0191452	Dsim\GD19969	GD19969			unmatched
FBgn0191453	Dsim\GD19970	GD19970			unmatched
FBgn0191454	Dsim\GD19971	GD19971			unmatched
FBgn0191456	Dsim\GD19973	GD19973			unmatched
FBgn0191457	Dsim\GD19974	GD19974			unmatched
FBgn0191459	Dsim\GD19976	GD19976			unmatched
FBgn0191460	Dsim\GD19977	GD19977			unmatched
FBgn0191461	Dsim\GD19978	GD19978			unmatched
FBgn0191472	Dsim\GD19989	GD19989			unmatched
FBgn0191473	Dsim\GD19990	GD19990			unmatched
FBgn0191474	Dsim\GD19991	GD19991			unmatched
FBgn0191477	Dsim\GD19994	GD19994			unmatched
FBgn0191478	Dsim\GD19995	GD19995			unmatched
FBgn0191479	Dsim\GD19996	GD19996			unmatched
FBgn0191481	Dsim\GD19998	GD19998			unmatched
FBgn0191482	Dsim\GD19999	GD19999			unmatched
FBgn0191483	Dsim\GD20000	GD20000			unmatched
FBgn0191485	Dsim\GD20002	GD20002			unmatched
FBgn0191486	Dsim\GD20003	GD20003			unmatched
FBgn0191488	Dsim\Obp93a	Obp93a	FBgn0038859	Obp93a	matched
FBgn0191489	Dsim\GD20006	GD20006			unmatched
FBgn0191490	Dsim\GD20007	GD20007			unmatched
FBgn0191491	Dsim\GD20008	GD20008			unmatched
FBgn0191492	Dsim\GD20009	GD20009			unmatched
FBgn0191493	Dsim\GD20010	GD20010			unmatched
FBgn0191494	Dsim\GD20011	GD20011			unmatched
FBgn0191495	Dsim\GD20012	GD20012			unmatched
FBgn0191497	Dsim\GD20015	GD20015			unmatched
FBgn0191498	Dsim\GD20016	GD20016			unmatched
FBgn0191500	Dsim\GD20018	GD20018			unmatched
FBgn0191501	Dsim\GD20019	GD20019			unmatched
FBgn0191502	Dsim\GD20020	GD20020			unmatched
FBgn0191503	Dsim\GD20021	GD20021			unmatched
FBgn0191504	Dsim\GD20022	GD20022			unmatched
FBgn0191505	Dsim\GD20023	GD20023			unmatched
FBgn0191506	Dsim\GD20024	GD20024			unmatched
FBgn0191507	Dsim\GD20025	GD20025			unmatched
FBgn0191509	Dsim\GD20027	GD20027			unmatched
FBgn0191510	Dsim\GD20028	GD20028			unmatched
FBgn0191512	Dsim\GD20030	GD20030			unmatched
FBgn0191513	Dsim\GD20031	GD20031			unmatched
FBgn0191515	Dsim\GD20033	GD20033			unmatched
FBgn0191516	Dsim\GD20034	GD20034			unmatched
FBgn0191517	Dsim\GD20035	GD20035			unmatched
FBgn0191518	Dsim\GD20036	GD20036			unmatched
FBgn0191519	Dsim\GD20038	GD20038			unmatched
FBgn0191520	Dsim\GD20039	GD20039			unmatched
FBgn0191521	Dsim\GD20040	GD20040			unmatched
FBgn0191523	Dsim\GD20042	GD20042			unmatched
FBgn0191525	Dsim\GD20044	GD20044			unmatched
FBgn0191526	Dsim\GD20045	GD20045			unmatched
FBgn0191527	Dsim\GD20046	GD20046			unmatched
FBgn0191528	Dsim\GD20047	GD20047			unmatched
FBgn0191529	Dsim\GD20048	GD20048			unmatched
FBgn0191530	Dsim\GD20049	GD20049			unmatched
FBgn0191531	Dsim\GD20050	GD20050			unmatched
FBgn0191532	Dsim\GD20051	GD20051			unmatched
FBgn0191533	Dsim\GD20052	GD20052			unmatched
FBgn0191534	Dsim\GD20053	GD20053			unmatched
FBgn0191536	Dsim\GD20055	GD20055			unmatched
FBgn0191537	Dsim\GD20056	GD20056			unmatched
FBgn0191538	Dsim\GD20057	GD20057			unmatched
FBgn0191539	Dsim\GD20058	GD20058			unmatched
FBgn0191540	Dsim\GD20059	GD20059			unmatched
FBgn0191541	Dsim\GD20060	GD20060			unmatched
FBgn0191543	Dsim\GD20062	GD20062			unmatched
FBgn0191544	Dsim\MtnB	MtnB	FBgn0002869	MtnB	matched
FBgn0191545	Dsim\GD20064	GD20064			unmatched
FBgn0191549	Dsim\GD20068	GD20068			unmatched
FBgn0191552	Dsim\GD20071	GD20071			unmatched
FBgn0191553	Dsim\GD20072	GD20072			unmatched
FBgn0191554	Dsim\GD20073	GD20073			unmatched
FBgn0191555	Dsim\GD20074	GD20074			unmatched
FBgn0191558	Dsim\GD20077	GD20077			unmatched
FBgn0191559	Dsim\GD20078	GD20078			unmatched
FBgn0191560	Dsim\GD20079	GD20079			unmatched
FBgn0191562	Dsim\GD20081	GD20081			unmatched
FBgn0191563	Dsim\GD20082	GD20082			unmatched
FBgn0191564	Dsim\GD20083	GD20083			unmatched
FBgn0191565	Dsim\GD20084	GD20084			unmatched
FBgn0191566	Dsim\GD20085	GD20085			unmatched
FBgn0191567	Dsim\GD20086	GD20086			unmatched
FBgn0191568	Dsim\GD20087	GD20087			unmatched
FBgn0191569	Dsim\GD20089	GD20089			unmatched
FBgn0191570	Dsim\GD20090	GD20090			unmatched
FBgn0191571	Dsim\GD20091	GD20091			unmatched
FBgn0191572	Dsim\GD20092	GD20092			unmatched
FBgn0191573	Dsim\GD20093	GD20093			unmatched
FBgn0191574	Dsim\GD20094	GD20094			unmatched
FBgn0191575	Dsim\GD20095	GD20095			unmatched
FBgn0191576	Dsim\GD20096	GD20096			unmatched
FBgn0191577	Dsim\GD20097	GD20097			unmatched
FBgn0191578	Dsim\GD20098	GD20098			unmatched
FBgn0191579	Dsim\GD20099	GD20099			unmatched
FBgn0191580	Dsim\GD20100	GD20100			unmatched
FBgn0191581	Dsim\GD20101	GD20101			unmatched
FBgn0191582	Dsim\GD20102	GD20102			unmatched
FBgn0191583	Dsim\GD20103	GD20103			unmatched
FBgn0191584	Dsim\GD20104	GD20104			unmatched
FBgn0191586	Dsim\GD20106	GD20106			unmatched
FBgn0191587	Dsim\GD20107	GD20107			unmatched
FBgn0191588	Dsim\GD20108	GD20108			unmatched
FBgn0191589	Dsim\GD20109	GD20109			unmatched
FBgn0191590	Dsim\GD20110	GD20110			unmatched
FBgn0191591	Dsim\GD20111	GD20111			unmatched
FBgn0191592	Dsim\GD20112	GD20112			unmatched
FBgn0191593	Dsim\GD20113	GD20113			unmatched
FBgn0191594	Dsim\GD20114	GD20114			unmatched
FBgn0191596	Dsim\GD20116	GD20116			unmatched
FBgn0191597	Dsim\GD20117	GD20117			unmatched
FBgn0191598	Dsim\GD20118	GD20118			unmatched
FBgn0191601	Dsim\GD20122	GD20122			unmatched
FBgn0191602	Dsim\GD20123	GD20123			unmatched
FBgn0191603	Dsim\GD20124	GD20124			unmatched
FBgn0191604	Dsim\GD20125	GD20125			unmatched
FBgn0191606	Dsim\GD20127	GD20127			unmatched
FBgn0191607	Dsim\GD20128	GD20128			unmatched
FBgn0191608	Dsim\GD20129	GD20129			unmatched
FBgn0191609	Dsim\GD20130	GD20130			unmatched
FBgn0191611	Dsim\GD20132	GD20132			unmatched
FBgn0191612	Dsim\GD20133	GD20133			unmatched
FBgn0191614	Dsim\GD20135	GD20135			unmatched
FBgn0191615	Dsim\GD20136	GD20136			unmatched
FBgn0191616	Dsim\GD20137	GD20137			unmatched
FBgn0191617	Dsim\GD20138	GD20138			unmatched
FBgn0191618	Dsim\GD20139	GD20139			unmatched
FBgn0191619	Dsim\GD20140	GD20140			unmatched
FBgn0191620	Dsim\GD20141	GD20141			unmatched
FBgn0191621	Dsim\GD20142	GD20142			unmatched
FBgn0191622	Dsim\GD20143	GD20143			unmatched
FBgn0191623	Dsim\GD20144	GD20144			unmatched
FBgn0191625	Dsim\GD20146	GD20146			unmatched
FBgn0191626	Dsim\GD20147	GD20147			unmatched
FBgn0191627	Dsim\GD20148	GD20148			unmatched
FBgn0191628	Dsim\GD20149	GD20149			unmatched
FBgn0191629	Dsim\GD20150	GD20150			unmatched
FBgn0191630	Dsim\GD20151	GD20151			unmatched
FBgn0191631	Dsim\GD20152	GD20152			unmatched
FBgn0191632	Dsim\GD20153	GD20153			unmatched
FBgn0191633	Dsim\GD20154	GD20154			unmatched
FBgn0191634	Dsim\GD20155	GD20155			unmatched
FBgn0191635	Dsim\GD20156	GD20156			unmatched
FBgn0191636	Dsim\GD20157	GD20157			unmatched
FBgn0191638	Dsim\GD20159	GD20159			unmatched
FBgn0191639	Dsim\GD20160	GD20160			unmatched
FBgn0191641	Dsim\GD20162	GD20162			unmatched
FBgn0191642	Dsim\GD20163	GD20163			unmatched
FBgn0191646	Dsim\GD20168	GD20168			unmatched
FBgn0191647	Dsim\GD20169	GD20169			unmatched
FBgn0191648	Dsim\GD20170	GD20170			unmatched
FBgn0191649	Dsim\GD20171	GD20171			unmatched
FBgn0191651	Dsim\GD20173	GD20173			unmatched
FBgn0191652	Dsim\GD20174	GD20174			unmatched
FBgn0191653	Dsim\GD20175	GD20175			unmatched
FBgn0191656	Dsim\GD20178	GD20178			unmatched
FBgn0191657	Dsim\GD20179	GD20179			unmatched
FBgn0191658	Dsim\GD20180	GD20180			unmatched
FBgn0191659	Dsim\GD20181	GD20181			unmatched
FBgn0191660	Dsim\GD20182	GD20182			unmatched
FBgn0191661	Dsim\GD20183	GD20183			unmatched
FBgn0191662	Dsim\GD20184	GD20184			unmatched
FBgn0191663	Dsim\GD20185	GD20185			unmatched
FBgn0191665	Dsim\GD20187	GD20187			unmatched
FBgn0191666	Dsim\GD20188	GD20188			unmatched
FBgn0191667	Dsim\GD20189	GD20189			unmatched
FBgn0191668	Dsim\GD20190	GD20190			unmatched
FBgn0191669	Dsim\GD20191	GD20191			unmatched
FBgn0191670	Dsim\GD20192	GD20192			unmatched
FBgn0191671	Dsim\GD20193	GD20193			unmatched
FBgn0191672	Dsim\GD20194	GD20194			unmatched
FBgn0191674	Dsim\GD20196	GD20196			unmatched
FBgn0191675	Dsim\GD20197	GD20197			unmatched
FBgn0191676	Dsim\GD20198	GD20198			unmatched
FBgn0191677	Dsim\GD20199	GD20199			unmatched
FBgn0191678	Dsim\GD20200	GD20200			unmatched
FBgn0191679	Dsim\GD20201	GD20201			unmatched
FBgn0191680	Dsim\GD20202	GD20202			unmatched
FBgn0191681	Dsim\GD20203	GD20203			unmatched
FBgn0191682	Dsim\GD20204	GD20204			unmatched
FBgn0191683	Dsim\GD20205	GD20205			unmatched
FBgn0191684	Dsim\GD20206	GD20206			unmatched
FBgn0191685	Dsim\GD20207	GD20207			unmatched
FBgn0191686	Dsim\GD20208	GD20208			unmatched
FBgn0191687	Dsim\GD20209	GD20209			unmatched
FBgn0191688	Dsim\GD20210	GD20210			unmatched
FBgn0191689	Dsim\GD20211	GD20211			unmatched
FBgn0191690	Dsim\GD20212	GD20212			unmatched
FBgn0191693	Dsim\GD20215	GD20215			unmatched
FBgn0191694	Dsim\GD20216	GD20216			unmatched
FBgn0191695	Dsim\GD20217	GD20217			unmatched
FBgn0191696	Dsim\GD20218	GD20218			unmatched
FBgn0191697	Dsim\GD20219	GD20219			unmatched
FBgn0191698	Dsim\GD20220	GD20220			unmatched
FBgn0191699	Dsim\GD20221	GD20221			unmatched
FBgn0191700	Dsim\GD20222	GD20222			unmatched
FBgn0191703	Dsim\GD20225	GD20225			unmatched
FBgn0191704	Dsim\GD20226	GD20226			unmatched
FBgn0191705	Dsim\GD20227	GD20227			unmatched
FBgn0191706	Dsim\GD20228	GD20228			unmatched
FBgn0191707	Dsim\GD20229	GD20229			unmatched
FBgn0191708	Dsim\GD20230	GD20230			unmatched
FBgn0191709	Dsim\GD20232	GD20232			unmatched
FBgn0191710	Dsim\GD20233	GD20233			unmatched
FBgn0191711	Dsim\GD20234	GD20234			unmatched
FBgn0191712	Dsim\GD20235	GD20235			unmatched
FBgn0191713	Dsim\GD20236	GD20236			unmatched
FBgn0191714	Dsim\GD20237	GD20237			unmatched
FBgn0191715	Dsim\GD20238	GD20238			unmatched
FBgn0191716	Dsim\GD20239	GD20239			unmatched
FBgn0191718	Dsim\GD20241	GD20241			unmatched
FBgn0191720	Dsim\GD20243	GD20243			unmatched
FBgn0191722	Dsim\GD20245	GD20245			unmatched
FBgn0191723	Dsim\GD20246	GD20246			unmatched
FBgn0191724	Dsim\GD20247	GD20247			unmatched
FBgn0191725	Dsim\GD20248	GD20248			unmatched
FBgn0191726	Dsim\GD20249	GD20249			unmatched
FBgn0191727	Dsim\GD20250	GD20250			unmatched
FBgn0191728	Dsim\GD20251	GD20251			unmatched
FBgn0191729	Dsim\GD20252	GD20252			unmatched
FBgn0191731	Dsim\GD20254	GD20254			unmatched
FBgn0191733	Dsim\GD20256	GD20256			unmatched
FBgn0191734	Dsim\GD20257	GD20257			unmatched
FBgn0191735	Dsim\GD20258	GD20258			unmatched
FBgn0191736	Dsim\GD20259	GD20259			unmatched
FBgn0191737	Dsim\GD20260	GD20260			unmatched
FBgn0191738	Dsim\GD20261	GD20261			unmatched
FBgn0191739	Dsim\GD20262	GD20262			unmatched
FBgn0191740	Dsim\GD20263	GD20263			unmatched
FBgn0191741	Dsim\GD20264	GD20264			unmatched
FBgn0191744	Dsim\GD20268	GD20268			unmatched
FBgn0191745	Dsim\GD20269	GD20269			unmatched
FBgn0191746	Dsim\GD20271	GD20271			unmatched
FBgn0191747	Dsim\GD20272	GD20272			unmatched
FBgn0191748	Dsim\GD20273	GD20273			unmatched
FBgn0191749	Dsim\GD20274	GD20274			unmatched
FBgn0191750	Dsim\GD20275	GD20275			unmatched
FBgn0191751	Dsim\GD20276	GD20276			unmatched
FBgn0191752	Dsim\GD20277	GD20277			unmatched
FBgn0191753	Dsim\GD20278	GD20278			unmatched
FBgn0191755	Dsim\GD20280	GD20280			unmatched
FBgn0191756	Dsim\GD20281	GD20281			unmatched
FBgn0191757	Dsim\GD20282	GD20282			unmatched
FBgn0191758	Dsim\GD20283	GD20283			unmatched
FBgn0191759	Dsim\GD20284	GD20284			unmatched
FBgn0191760	Dsim\GD20285	GD20285			unmatched
FBgn0191762	Dsim\GD20287	GD20287			unmatched
FBgn0191763	Dsim\GD20288	GD20288			unmatched
FBgn0191764	Dsim\GD20289	GD20289			unmatched
FBgn0191765	Dsim\GD20290	GD20290			unmatched
FBgn0191767	Dsim\GD20292	GD20292			unmatched
FBgn0191768	Dsim\GD20293	GD20293			unmatched
FBgn0191769	Dsim\GD20294	GD20294			unmatched
FBgn0191770	Dsim\GD20295	GD20295			unmatched
FBgn0191771	Dsim\GD20296	GD20296			unmatched
FBgn0191772	Dsim\GD20297	GD20297			unmatched
FBgn0191773	Dsim\GD20298	GD20298			unmatched
FBgn0191774	Dsim\GD20299	GD20299			unmatched
FBgn0191776	Dsim\GD20301	GD20301			unmatched
FBgn0191777	Dsim\GD20302	GD20302			unmatched
FBgn0191778	Dsim\GD20303	GD20303			unmatched
FBgn0191779	Dsim\GD20304	GD20304			unmatched
FBgn0191780	Dsim\GD20305	GD20305			unmatched
FBgn0191781	Dsim\GD20306	GD20306			unmatched
FBgn0191782	Dsim\GD20307	GD20307			unmatched
FBgn0191783	Dsim\GD20308	GD20308			unmatched
FBgn0191784	Dsim\GD20309	GD20309			unmatched
FBgn0191785	Dsim\GD20311	GD20311			unmatched
FBgn0191787	Dsim\GD20313	GD20313			unmatched
FBgn0191788	Dsim\GD20314	GD20314			unmatched
FBgn0191789	Dsim\GD20315	GD20315			unmatched
FBgn0191790	Dsim\GD20316	GD20316			unmatched
FBgn0191791	Dsim\GD20317	GD20317			unmatched
FBgn0191792	Dsim\GD20318	GD20318			unmatched
FBgn0191794	Dsim\GD20320	GD20320			unmatched
FBgn0191795	Dsim\GD20321	GD20321			unmatched
FBgn0191796	Dsim\GD20322	GD20322			unmatched
FBgn0191798	Dsim\GD20324	GD20324			unmatched
FBgn0191799	Dsim\GD20325	GD20325			unmatched
FBgn0191800	Dsim\GD20326	GD20326			unmatched
FBgn0191801	Dsim\GD20327	GD20327			unmatched
FBgn0191803	Dsim\GD20329	GD20329			unmatched
FBgn0191805	Dsim\GD20331	GD20331			unmatched
FBgn0191807	Dsim\GD20333	GD20333			unmatched
FBgn0191809	Dsim\GD20335	GD20335			unmatched
FBgn0191810	Dsim\GD20336	GD20336			unmatched
FBgn0191811	Dsim\GD20337	GD20337			unmatched
FBgn0191812	Dsim\GD20338	GD20338			unmatched
FBgn0191813	Dsim\GD20339	GD20339			unmatched
FBgn0191816	Dsim\GD20342	GD20342			unmatched
FBgn0191817	Dsim\GD20343	GD20343			unmatched
FBgn0191819	Dsim\GD20345	GD20345			unmatched
FBgn0191822	Dsim\GD20348	GD20348			unmatched
FBgn0191823	Dsim\GD20349	GD20349			unmatched
FBgn0191824	Dsim\GD20350	GD20350			unmatched
FBgn0191825	Dsim\GD20351	GD20351			unmatched
FBgn0191828	Dsim\GD20354	GD20354			unmatched
FBgn0191829	Dsim\GD20355	GD20355			unmatched
FBgn0191830	Dsim\GD20356	GD20356			unmatched
FBgn0191831	Dsim\GD20357	GD20357			unmatched
FBgn0191832	Dsim\GD20358	GD20358			unmatched
FBgn0191833	Dsim\GD20359	GD20359			unmatched
FBgn0191834	Dsim\GD20360	GD20360			unmatched
FBgn0191835	Dsim\GD20361	GD20361			unmatched
FBgn0191836	Dsim\GD20362	GD20362			unmatched
FBgn0191837	Dsim\GD20363	GD20363			unmatched
FBgn0191838	Dsim\GD20364	GD20364			unmatched
FBgn0191839	Dsim\GD20365	GD20365			unmatched
FBgn0191840	Dsim\GD20367	GD20367			unmatched
FBgn0191841	Dsim\GD20368	GD20368			unmatched
FBgn0191842	Dsim\GD20369	GD20369			unmatched
FBgn0191843	Dsim\GD20370	GD20370			unmatched
FBgn0191844	Dsim\GD20371	GD20371			unmatched
FBgn0191845	Dsim\GD20372	GD20372			unmatched
FBgn0191846	Dsim\GD20373	GD20373			unmatched
FBgn0191847	Dsim\GD20374	GD20374			unmatched
FBgn0191848	Dsim\GD20375	GD20375			unmatched
FBgn0191849	Dsim\GD20376	GD20376			unmatched
FBgn0191850	Dsim\GD20377	GD20377			unmatched
FBgn0191851	Dsim\GD20378	GD20378			unmatched
FBgn0191852	Dsim\GD20379	GD20379			unmatched
FBgn0191853	Dsim\GD20380	GD20380			unmatched
FBgn0191854	Dsim\GD20381	GD20381			unmatched
FBgn0191855	Dsim\GD20382	GD20382			unmatched
FBgn0191857	Dsim\GD20384	GD20384			unmatched
FBgn0191858	Dsim\GD20385	GD20385			unmatched
FBgn0191859	Dsim\GD20386	GD20386			unmatched
FBgn0191861	Dsim\GD20388	GD20388			unmatched
FBgn0191863	Dsim\GD20390	GD20390			unmatched
FBgn0191864	Dsim\GD20391	GD20391			unmatched
FBgn0191865	Dsim\GD20392	GD20392			unmatched
FBgn0191866	Dsim\GD20393	GD20393			unmatched
FBgn0191867	Dsim\GD20394	GD20394			unmatched
FBgn0191868	Dsim\GD20395	GD20395			unmatched
FBgn0191869	Dsim\GD20396	GD20396			unmatched
FBgn0191871	Dsim\GD20399	GD20399			unmatched
FBgn0191873	Dsim\GD20401	GD20401			unmatched
FBgn0191874	Dsim\GD20402	GD20402			unmatched
FBgn0191876	Dsim\GD20404	GD20404			unmatched
FBgn0191877	Dsim\GD20405	GD20405			unmatched
FBgn0191878	Dsim\GD20406	GD20406			unmatched
FBgn0191879	Dsim\GD20407	GD20407			unmatched
FBgn0191880	Dsim\GD20408	GD20408			unmatched
FBgn0191881	Dsim\GD20409	GD20409			unmatched
FBgn0191882	Dsim\GD20410	GD20410			unmatched
FBgn0191883	Dsim\GD20411	GD20411			unmatched
FBgn0191884	Dsim\GD20412	GD20412			unmatched
FBgn0191885	Dsim\GD20413	GD20413			unmatched
FBgn0191886	Dsim\GD20414	GD20414			unmatched
FBgn0191887	Dsim\GD20415	GD20415			unmatched
FBgn0191888	Dsim\GD20416	GD20416			unmatched
FBgn0191889	Dsim\GD20417	GD20417			unmatched
FBgn0191895	Dsim\GD20423	GD20423			unmatched
FBgn0191896	Dsim\GD20424	GD20424			unmatched
FBgn0191898	Dsim\GD20426	GD20426			unmatched
FBgn0191899	Dsim\GD20427	GD20427			unmatched
FBgn0191900	Dsim\GD20428	GD20428			unmatched
FBgn0191901	Dsim\GD20429	GD20429			unmatched
FBgn0191905	Dsim\GD20433	GD20433			unmatched
FBgn0191906	Dsim\GD20434	GD20434			unmatched
FBgn0191907	Dsim\GD20435	GD20435			unmatched
FBgn0191908	Dsim\GD20436	GD20436			unmatched
FBgn0191909	Dsim\GD20437	GD20437			unmatched
FBgn0191910	Dsim\GD20438	GD20438			unmatched
FBgn0191911	Dsim\GD20439	GD20439			unmatched
FBgn0191912	Dsim\GD20441	GD20441			unmatched
FBgn0191913	Dsim\GD20442	GD20442			unmatched
FBgn0191914	Dsim\GD20443	GD20443			unmatched
FBgn0191915	Dsim\GD20444	GD20444			unmatched
FBgn0191916	Dsim\GD20445	GD20445			unmatched
FBgn0191917	Dsim\GD20446	GD20446			unmatched
FBgn0191918	Dsim\GD20447	GD20447			unmatched
FBgn0191920	Dsim\GD20449	GD20449			unmatched
FBgn0191921	Dsim\GD20450	GD20450			unmatched
FBgn0191923	Dsim\GD20452	GD20452			unmatched
FBgn0191925	Dsim\GD20454	GD20454			unmatched
FBgn0191926	Dsim\GD20455	GD20455			unmatched
FBgn0191927	Dsim\GD20456	GD20456			unmatched
FBgn0191928	Dsim\GD20457	GD20457			unmatched
FBgn0191929	Dsim\GD20458	GD20458			unmatched
FBgn0191930	Dsim\GD20459	GD20459			unmatched
FBgn0191931	Dsim\GD20460	GD20460			unmatched
FBgn0191932	Dsim\GD20461	GD20461			unmatched
FBgn0191933	Dsim\GD20462	GD20462			unmatched
FBgn0191935	Dsim\GD20464	GD20464			unmatched
FBgn0191936	Dsim\GD20465	GD20465			unmatched
FBgn0191937	Dsim\GD20466	GD20466			unmatched
FBgn0191938	Dsim\GD20467	GD20467			unmatched
FBgn0191939	Dsim\GD20468	GD20468			unmatched
FBgn0191941	Dsim\GD20470	GD20470			unmatched
FBgn0191942	Dsim\GD20471	GD20471			unmatched
FBgn0191943	Dsim\GD20472	GD20472			unmatched
FBgn0191944	Dsim\GD20473	GD20473			unmatched
FBgn0191945	Dsim\GD20474	GD20474			unmatched
FBgn0191946	Dsim\GD20475	GD20475			unmatched
FBgn0191947	Dsim\GD20476	GD20476			unmatched
FBgn0191948	Dsim\GD20477	GD20477			unmatched
FBgn0191949	Dsim\GD20478	GD20478			unmatched
FBgn0191950	Dsim\GD20479	GD20479			unmatched
FBgn0191952	Dsim\GD20481	GD20481			unmatched
FBgn0191953	Dsim\GD20482	GD20482			unmatched
FBgn0191954	Dsim\GD20483	GD20483			unmatched
FBgn0191955	Dsim\GD20484	GD20484			unmatched
FBgn0191956	Dsim\GD20485	GD20485			unmatched
FBgn0191957	Dsim\GD20486	GD20486			unmatched
FBgn0191959	Dsim\GD20488	GD20488			unmatched
FBgn0191960	Dsim\GD20489	GD20489			unmatched
FBgn0191961	Dsim\GD20490	GD20490			unmatched
FBgn0191962	Dsim\GD20491	GD20491			unmatched
FBgn0191963	Dsim\GD20492	GD20492			unmatched
FBgn0191964	Dsim\GD20493	GD20493			unmatched
FBgn0191967	Dsim\GD20496	GD20496			unmatched
FBgn0191968	Dsim\GD20497	GD20497			unmatched
FBgn0191969	Dsim\GD20498	GD20498			unmatched
FBgn0191970	Dsim\GD20499	GD20499			unmatched
FBgn0191971	Dsim\GD20500	GD20500			unmatched
FBgn0191972	Dsim\GD20501	GD20501			unmatched
FBgn0191973	Dsim\GD20502	GD20502			unmatched
FBgn0191974	Dsim\GD20503	GD20503			unmatched
FBgn0191975	Dsim\GD20504	GD20504			unmatched
FBgn0191976	Dsim\GD20505	GD20505			unmatched
FBgn0191977	Dsim\GD20506	GD20506			unmatched
FBgn0191978	Dsim\GD20507	GD20507			unmatched
FBgn0191979	Dsim\GD20508	GD20508			unmatched
FBgn0191980	Dsim\GD20509	GD20509			unmatched
FBgn0191981	Dsim\GD20510	GD20510			unmatched
FBgn0191982	Dsim\GD20511	GD20511			unmatched
FBgn0191984	Dsim\GD20513	GD20513			unmatched
FBgn0191985	Dsim\GD20514	GD20514			unmatched
FBgn0191987	Dsim\GD20517	GD20517			unmatched
FBgn0191988	Dsim\GD20518	GD20518			unmatched
FBgn0191989	Dsim\GD20519	GD20519			unmatched
FBgn0191991	Dsim\GD20521	GD20521			unmatched
FBgn0191992	Dsim\GD20522	GD20522			unmatched
FBgn0191993	Dsim\GD20523	GD20523			unmatched
FBgn0191995	Dsim\GD20525	GD20525			unmatched
FBgn0191996	Dsim\GD20526	GD20526			unmatched
FBgn0191997	Dsim\GD20527	GD20527			unmatched
FBgn0191998	Dsim\GD20528	GD20528			unmatched
FBgn0191999	Dsim\GD20529	GD20529			unmatched
FBgn0192000	Dsim\GD20530	GD20530			unmatched
FBgn0192001	Dsim\GD20531	GD20531			unmatched
FBgn0192002	Dsim\GD20532	GD20532			unmatched
FBgn0192003	Dsim\GD20533	GD20533			unmatched
FBgn0192004	Dsim\GD20534	GD20534			unmatched
FBgn0192007	Dsim\GD20537	GD20537			unmatched
FBgn0192008	Dsim\GD20538	GD20538			unmatched
FBgn0192009	Dsim\GD20539	GD20539			unmatched
FBgn0192012	Dsim\GD20542	GD20542			unmatched
FBgn0192013	Dsim\GD20543	GD20543			unmatched
FBgn0192015	Dsim\GD20546	GD20546			unmatched
FBgn0192016	Dsim\GD20547	GD20547			unmatched
FBgn0192017	Dsim\GD20548	GD20548			unmatched
FBgn0192018	Dsim\GD20549	GD20549			unmatched
FBgn0192019	Dsim\GD20550	GD20550			unmatched
FBgn0192020	Dsim\GD20551	GD20551			unmatched
FBgn0192021	Dsim\GD20552	GD20552			unmatched
FBgn0192023	Dsim\GD20554	GD20554			unmatched
FBgn0192024	Dsim\GD20555	GD20555			unmatched
FBgn0192026	Dsim\GD20557	GD20557			unmatched
FBgn0192027	Dsim\GD20558	GD20558			unmatched
FBgn0192029	Dsim\GD20561	GD20561			unmatched
FBgn0192030	Dsim\GD20562	GD20562			unmatched
FBgn0192031	Dsim\GD20563	GD20563			unmatched
FBgn0192033	Dsim\GD20565	GD20565			unmatched
FBgn0192034	Dsim\GD20566	GD20566			unmatched
FBgn0192035	Dsim\GD20567	GD20567			unmatched
FBgn0192037	Dsim\GD20569	GD20569			unmatched
FBgn0192038	Dsim\GD20570	GD20570			unmatched
FBgn0192039	Dsim\GD20571	GD20571			unmatched
FBgn0192040	Dsim\GD20572	GD20572			unmatched
FBgn0192041	Dsim\GD20573	GD20573			unmatched
FBgn0192042	Dsim\GD20574	GD20574			unmatched
FBgn0192044	Dsim\GD20576	GD20576			unmatched
FBgn0192046	Dsim\GD20579	GD20579			unmatched
FBgn0192047	Dsim\GD20580	GD20580			unmatched
FBgn0192048	Dsim\GD20581	GD20581			unmatched
FBgn0192049	Dsim\GD20582	GD20582			unmatched
FBgn0192050	Dsim\GD20583	GD20583			unmatched
FBgn0192051	Dsim\GD20584	GD20584			unmatched
FBgn0192053	Dsim\GD20586	GD20586			unmatched
FBgn0192054	Dsim\GD20587	GD20587			unmatched
FBgn0192055	Dsim\GD20588	GD20588			unmatched
FBgn0192057	Dsim\GD20590	GD20590			unmatched
FBgn0192058	Dsim\GD20591	GD20591			unmatched
FBgn0192059	Dsim\GD20592	GD20592			unmatched
FBgn0192060	Dsim\GD20593	GD20593			unmatched
FBgn0192061	Dsim\GD20594	GD20594			unmatched
FBgn0192062	Dsim\GD20595	GD20595			unmatched
FBgn0192064	Dsim\GD20597	GD20597			unmatched
FBgn0192066	Dsim\GD20599	GD20599			unmatched
FBgn0192067	Dsim\GD20600	GD20600			unmatched
FBgn0192070	Dsim\GD20603	GD20603			unmatched
FBgn0192071	Dsim\GD20604	GD20604			unmatched
FBgn0192072	Dsim\GD20605	GD20605			unmatched
FBgn0192073	Dsim\GD20606	GD20606			unmatched
FBgn0192074	Dsim\GD20607	GD20607			unmatched
FBgn0192075	Dsim\GD20608	GD20608			unmatched
FBgn0192076	Dsim\GD20609	GD20609			unmatched
FBgn0192077	Dsim\GD20610	GD20610			unmatched
FBgn0192078	Dsim\GD20611	GD20611			unmatched
FBgn0192079	Dsim\GD20612	GD20612			unmatched
FBgn0192080	Dsim\GD20613	GD20613			unmatched
FBgn0192081	Dsim\GD20614	GD20614			unmatched
FBgn0192082	Dsim\GD20615	GD20615			unmatched
FBgn0192083	Dsim\GD20616	GD20616			unmatched
FBgn0192084	Dsim\GD20617	GD20617			unmatched
FBgn0192085	Dsim\GD20618	GD20618			unmatched
FBgn0192086	Dsim\GD20619	GD20619			unmatched
FBgn0192087	Dsim\GD20620	GD20620			unmatched
FBgn0192089	Dsim\GD20623	GD20623			unmatched
FBgn0192090	Dsim\GD20624	GD20624			unmatched
FBgn0192091	Dsim\GD20625	GD20625			unmatched
FBgn0192093	Dsim\GD20627	GD20627			unmatched
FBgn0192094	Dsim\GD20628	GD20628			unmatched
FBgn0192095	Dsim\GD20629	GD20629			unmatched
FBgn0192096	Dsim\GD20630	GD20630			unmatched
FBgn0192099	Dsim\GD20633	GD20633			unmatched
FBgn0192100	Dsim\GD20634	GD20634			unmatched
FBgn0192101	Dsim\GD20635	GD20635			unmatched
FBgn0192103	Dsim\GD20637	GD20637			unmatched
FBgn0192104	Dsim\GD20638	GD20638			unmatched
FBgn0192106	Dsim\GD20640	GD20640			unmatched
FBgn0192107	Dsim\GD20641	GD20641			unmatched
FBgn0192108	Dsim\GD20642	GD20642			unmatched
FBgn0192109	Dsim\GD20643	GD20643			unmatched
FBgn0192110	Dsim\GD20644	GD20644			unmatched
FBgn0192111	Dsim\GD20645	GD20645			unmatched
FBgn0192112	Dsim\GD20646	GD20646			unmatched
FBgn0192113	Dsim\GD20647	GD20647			unmatched
FBgn0192115	Dsim\GD20649	GD20649			unmatched
FBgn0192117	Dsim\GD20651	GD20651			unmatched
FBgn0192118	Dsim\GD20652	GD20652			unmatched
FBgn0192119	Dsim\GD20653	GD20653			unmatched
FBgn0192120	Dsim\GD20654	GD20654			unmatched
FBgn0192121	Dsim\GD20655	GD20655			unmatched
FBgn0192122	Dsim\GD20656	GD20656			unmatched
FBgn0192123	Dsim\GD20657	GD20657			unmatched
FBgn0192124	Dsim\GD20658	GD20658			unmatched
FBgn0192125	Dsim\GD20659	GD20659			unmatched
FBgn0192126	Dsim\GD20660	GD20660			unmatched
FBgn0192127	Dsim\GD20661	GD20661			unmatched
FBgn0192128	Dsim\GD20662	GD20662			unmatched
FBgn0192130	Dsim\GD20664	GD20664			unmatched
FBgn0192131	Dsim\GD20665	GD20665			unmatched
FBgn0192133	Dsim\GD20667	GD20667			unmatched
FBgn0192134	Dsim\GD20668	GD20668			unmatched
FBgn0192136	Dsim\GD20670	GD20670			unmatched
FBgn0192137	Dsim\GD20671	GD20671			unmatched
FBgn0192138	Dsim\GD20672	GD20672			unmatched
FBgn0192139	Dsim\GD20673	GD20673			unmatched
FBgn0192140	Dsim\GD20674	GD20674			unmatched
FBgn0192141	Dsim\GD20675	GD20675			unmatched
FBgn0192142	Dsim\GD20676	GD20676			unmatched
FBgn0192143	Dsim\GD20677	GD20677			unmatched
FBgn0192144	Dsim\GD20678	GD20678			unmatched
FBgn0192145	Dsim\GD20679	GD20679			unmatched
FBgn0192146	Dsim\GD20680	GD20680			unmatched
FBgn0192147	Dsim\GD20681	GD20681			unmatched
FBgn0192148	Dsim\GD20682	GD20682			unmatched
FBgn0192149	Dsim\GD20683	GD20683			unmatched
FBgn0192150	Dsim\GD20684	GD20684			unmatched
FBgn0192152	Dsim\GD20686	GD20686			unmatched
FBgn0192153	Dsim\GD20687	GD20687			unmatched
FBgn0192154	Dsim\GD20688	GD20688			unmatched
FBgn0192155	Dsim\GD20689	GD20689			unmatched
FBgn0192156	Dsim\GD20690	GD20690			unmatched
FBgn0192157	Dsim\GD20691	GD20691			unmatched
FBgn0192158	Dsim\GD20692	GD20692			unmatched
FBgn0192159	Dsim\GD20693	GD20693			unmatched
FBgn0192160	Dsim\GD20694	GD20694			unmatched
FBgn0192161	Dsim\GD20695	GD20695			unmatched
FBgn0192162	Dsim\GD20696	GD20696			unmatched
FBgn0192163	Dsim\GD20697	GD20697			unmatched
FBgn0192164	Dsim\GD20698	GD20698			unmatched
FBgn0192165	Dsim\GD20699	GD20699			unmatched
FBgn0192166	Dsim\GD20700	GD20700			unmatched
FBgn0192168	Dsim\GD20702	GD20702			unmatched
FBgn0192169	Dsim\GD20703	GD20703			unmatched
FBgn0192170	Dsim\GD20704	GD20704			unmatched
FBgn0192171	Dsim\GD20705	GD20705			unmatched
FBgn0192172	Dsim\GD20706	GD20706			unmatched
FBgn0192173	Dsim\GD20707	GD20707			unmatched
FBgn0192174	Dsim\GD20708	GD20708			unmatched
FBgn0192175	Dsim\GD20709	GD20709			unmatched
FBgn0192176	Dsim\GD20710	GD20710			unmatched
FBgn0192177	Dsim\GD20711	GD20711			unmatched
FBgn0192178	Dsim\GD20712	GD20712			unmatched
FBgn0192179	Dsim\GD20713	GD20713			unmatched
FBgn0192180	Dsim\GD20714	GD20714			unmatched
FBgn0192181	Dsim\GD20715	GD20715			unmatched
FBgn0192182	Dsim\GD20716	GD20716			unmatched
FBgn0192183	Dsim\GD20717	GD20717			unmatched
FBgn0192184	Dsim\GD20718	GD20718			unmatched
FBgn0192186	Dsim\GD20720	GD20720			unmatched
FBgn0192187	Dsim\GD20721	GD20721			unmatched
FBgn0192188	Dsim\GD20722	GD20722			unmatched
FBgn0192189	Dsim\GD20723	GD20723			unmatched
FBgn0192190	Dsim\GD20724	GD20724			unmatched
FBgn0192191	Dsim\GD20725	GD20725			unmatched
FBgn0192193	Dsim\GD20727	GD20727			unmatched
FBgn0192194	Dsim\GD20728	GD20728			unmatched
FBgn0192195	Dsim\GD20729	GD20729			unmatched
FBgn0192196	Dsim\GD20730	GD20730			unmatched
FBgn0192197	Dsim\GD20731	GD20731			unmatched
FBgn0192198	Dsim\GD20732	GD20732			unmatched
FBgn0192199	Dsim\GD20733	GD20733			unmatched
FBgn0192200	Dsim\GD20734	GD20734			unmatched
FBgn0192201	Dsim\GD20735	GD20735			unmatched
FBgn0192202	Dsim\GD20736	GD20736			unmatched
FBgn0192204	Dsim\GD20738	GD20738			unmatched
FBgn0192205	Dsim\GD20739	GD20739			unmatched
FBgn0192206	Dsim\GD20740	GD20740			unmatched
FBgn0192207	Dsim\GD20741	GD20741			unmatched
FBgn0192208	Dsim\GD20742	GD20742			unmatched
FBgn0192210	Dsim\GD20744	GD20744			unmatched
FBgn0192211	Dsim\GD20745	GD20745			unmatched
FBgn0192212	Dsim\GD20746	GD20746			unmatched
FBgn0192213	Dsim\GD20747	GD20747			unmatched
FBgn0192215	Dsim\GD20749	GD20749			unmatched
FBgn0192216	Dsim\GD20750	GD20750			unmatched
FBgn0192217	Dsim\GD20751	GD20751			unmatched
FBgn0192218	Dsim\GD20752	GD20752			unmatched
FBgn0192219	Dsim\GD20753	GD20753			unmatched
FBgn0192221	Dsim\GD20755	GD20755			unmatched
FBgn0192223	Dsim\GD20758	GD20758			unmatched
FBgn0192224	Dsim\GD20759	GD20759			unmatched
FBgn0192225	Dsim\GD20760	GD20760			unmatched
FBgn0192227	Dsim\GD20762	GD20762			unmatched
FBgn0192228	Dsim\GD20763	GD20763			unmatched
FBgn0192229	Dsim\GD20764	GD20764			unmatched
FBgn0192230	Dsim\GD20765	GD20765			unmatched
FBgn0192231	Dsim\GD20766	GD20766			unmatched
FBgn0192232	Dsim\GD20767	GD20767			unmatched
FBgn0192234	Dsim\GD20769	GD20769			unmatched
FBgn0192235	Dsim\GD20771	GD20771			unmatched
FBgn0192236	Dsim\GD20772	GD20772			unmatched
FBgn0192237	Dsim\GD20773	GD20773			unmatched
FBgn0192239	Dsim\GD20775	GD20775			unmatched
FBgn0192240	Dsim\GD20776	GD20776			unmatched
FBgn0192241	Dsim\GD20777	GD20777			unmatched
FBgn0192242	Dsim\GD20778	GD20778			unmatched
FBgn0192243	Dsim\GD20779	GD20779			unmatched
FBgn0192244	Dsim\GD20780	GD20780			unmatched
FBgn0192245	Dsim\GD20781	GD20781			unmatched
FBgn0192246	Dsim\GD20782	GD20782			unmatched
FBgn0192247	Dsim\GD20783	GD20783			unmatched
FBgn0192248	Dsim\GD20784	GD20784			unmatched
FBgn0192249	Dsim\GD20785	GD20785			unmatched
FBgn0192250	Dsim\GD20786	GD20786			unmatched
FBgn0192252	Dsim\GD20788	GD20788			unmatched
FBgn0192253	Dsim\GD20789	GD20789			unmatched
FBgn0192254	Dsim\GD20790	GD20790			unmatched
FBgn0192255	Dsim\GD20792	GD20792			unmatched
FBgn0192256	Dsim\GD20793	GD20793			unmatched
FBgn0192257	Dsim\GD20794	GD20794			unmatched
FBgn0192258	Dsim\GD20795	GD20795			unmatched
FBgn0192259	Dsim\GD20796	GD20796			unmatched
FBgn0192260	Dsim\GD20797	GD20797			unmatched
FBgn0192261	Dsim\GD20798	GD20798			unmatched
FBgn0192262	Dsim\GD20799	GD20799			unmatched
FBgn0192263	Dsim\GD20800	GD20800			unmatched
FBgn0192264	Dsim\GD20801	GD20801			unmatched
FBgn0192265	Dsim\GD20802	GD20802			unmatched
FBgn0192266	Dsim\GD20803	GD20803			unmatched
FBgn0192267	Dsim\GD20804	GD20804			unmatched
FBgn0192268	Dsim\GD20805	GD20805			unmatched
FBgn0192269	Dsim\GD20806	GD20806			unmatched
FBgn0192270	Dsim\GD20807	GD20807			unmatched
FBgn0192272	Dsim\GD20809	GD20809			unmatched
FBgn0192273	Dsim\GD20810	GD20810			unmatched
FBgn0192274	Dsim\GD20811	GD20811			unmatched
FBgn0192275	Dsim\GD20812	GD20812			unmatched
FBgn0192276	Dsim\GD20813	GD20813			unmatched
FBgn0192280	Dsim\GD20817	GD20817			unmatched
FBgn0192284	Dsim\GD20821	GD20821			unmatched
FBgn0192285	Dsim\GD20823	GD20823			unmatched
FBgn0192286	Dsim\GD20824	GD20824			unmatched
FBgn0192287	Dsim\GD20825	GD20825			unmatched
FBgn0192288	Dsim\GD20826	GD20826			unmatched
FBgn0192289	Dsim\GD20827	GD20827			unmatched
FBgn0192290	Dsim\GD20828	GD20828			unmatched
FBgn0192292	Dsim\GD20830	GD20830			unmatched
FBgn0192293	Dsim\GD20832	GD20832			unmatched
FBgn0192294	Dsim\GD20833	GD20833			unmatched
FBgn0192297	Dsim\GD20836	GD20836			unmatched
FBgn0192298	Dsim\GD20837	GD20837			unmatched
FBgn0192299	Dsim\GD20838	GD20838			unmatched
FBgn0192302	Dsim\GD20841	GD20841			unmatched
FBgn0192303	Dsim\GD20842	GD20842			unmatched
FBgn0192305	Dsim\GD20844	GD20844			unmatched
FBgn0192306	Dsim\GD20845	GD20845			unmatched
FBgn0192309	Dsim\GD20848	GD20848			unmatched
FBgn0192310	Dsim\GD20849	GD20849			unmatched
FBgn0192311	Dsim\GD20850	GD20850			unmatched
FBgn0192312	Dsim\GD20851	GD20851			unmatched
FBgn0192313	Dsim\GD20852	GD20852			unmatched
FBgn0192314	Dsim\GD20853	GD20853			unmatched
FBgn0192315	Dsim\GD20854	GD20854			unmatched
FBgn0192316	Dsim\GD20855	GD20855			unmatched
FBgn0192317	Dsim\GD20856	GD20856			unmatched
FBgn0192318	Dsim\GD20857	GD20857			unmatched
FBgn0192319	Dsim\GD20858	GD20858			unmatched
FBgn0192320	Dsim\GD20859	GD20859			unmatched
FBgn0192321	Dsim\GD20860	GD20860			unmatched
FBgn0192322	Dsim\GD20861	GD20861			unmatched
FBgn0192324	Dsim\GD20863	GD20863			unmatched
FBgn0192325	Dsim\GD20864	GD20864			unmatched
FBgn0192326	Dsim\GD20865	GD20865			unmatched
FBgn0192330	Dsim\GD20869	GD20869			unmatched
FBgn0192333	Dsim\GD20872	GD20872			unmatched
FBgn0192334	Dsim\GD20873	GD20873			unmatched
FBgn0192335	Dsim\GD20874	GD20874			unmatched
FBgn0192336	Dsim\GD20875	GD20875			unmatched
FBgn0192337	Dsim\GD20876	GD20876			unmatched
FBgn0192338	Dsim\GD20878	GD20878			unmatched
FBgn0192339	Dsim\GD20879	GD20879			unmatched
FBgn0192340	Dsim\GD20880	GD20880			unmatched
FBgn0192341	Dsim\GD20881	GD20881			unmatched
FBgn0192342	Dsim\GD20882	GD20882			unmatched
FBgn0192344	Dsim\GD20884	GD20884			unmatched
FBgn0192345	Dsim\GD20885	GD20885			unmatched
FBgn0192346	Dsim\GD20886	GD20886			unmatched
FBgn0192348	Dsim\GD20888	GD20888			unmatched
FBgn0192349	Dsim\GD20889	GD20889			unmatched
FBgn0192350	Dsim\GD20890	GD20890			unmatched
FBgn0192351	Dsim\GD20891	GD20891			unmatched
FBgn0192352	Dsim\GD20892	GD20892			unmatched
FBgn0192353	Dsim\GD20893	GD20893			unmatched
FBgn0192354	Dsim\GD20894	GD20894			unmatched
FBgn0192355	Dsim\GD20895	GD20895			unmatched
FBgn0192356	Dsim\GD20896	GD20896			unmatched
FBgn0192357	Dsim\GD20897	GD20897			unmatched
FBgn0192358	Dsim\GD20898	GD20898			unmatched
FBgn0192359	Dsim\GD20899	GD20899			unmatched
FBgn0192360	Dsim\GD20900	GD20900			unmatched
FBgn0192361	Dsim\GD20901	GD20901			unmatched
FBgn0192363	Dsim\GD20904	GD20904			unmatched
FBgn0192364	Dsim\GD20905	GD20905			unmatched
FBgn0192366	Dsim\GD20907	GD20907			unmatched
FBgn0192367	Dsim\GD20908	GD20908			unmatched
FBgn0192368	Dsim\GD20909	GD20909			unmatched
FBgn0192370	Dsim\GD20912	GD20912			unmatched
FBgn0192371	Dsim\GD20913	GD20913			unmatched
FBgn0192372	Dsim\GD20914	GD20914			unmatched
FBgn0192373	Dsim\GD20915	GD20915			unmatched
FBgn0192374	Dsim\GD20916	GD20916			unmatched
FBgn0192375	Dsim\GD20917	GD20917			unmatched
FBgn0192376	Dsim\GD20919	GD20919			unmatched
FBgn0192377	Dsim\GD20920	GD20920			unmatched
FBgn0192379	Dsim\GD20922	GD20922			unmatched
FBgn0192381	Dsim\GD20924	GD20924			unmatched
FBgn0192385	Dsim\GD20928	GD20928			unmatched
FBgn0192386	Dsim\GD20929	GD20929			unmatched
FBgn0192388	Dsim\GD20931	GD20931			unmatched
FBgn0192389	Dsim\GD20932	GD20932			unmatched
FBgn0192390	Dsim\GD20933	GD20933			unmatched
FBgn0192391	Dsim\GD20934	GD20934			unmatched
FBgn0192392	Dsim\GD20935	GD20935			unmatched
FBgn0192393	Dsim\GD20936	GD20936			unmatched
FBgn0192394	Dsim\GD20937	GD20937			unmatched
FBgn0192395	Dsim\GD20938	GD20938			unmatched
FBgn0192396	Dsim\GD20939	GD20939			unmatched
FBgn0192397	Dsim\GD20940	GD20940			unmatched
FBgn0192398	Dsim\GD20941	GD20941			unmatched
FBgn0192399	Dsim\GD20942	GD20942			unmatched
FBgn0192400	Dsim\GD20943	GD20943			unmatched
FBgn0192401	Dsim\GD20944	GD20944			unmatched
FBgn0192402	Dsim\GD20945	GD20945			unmatched
FBgn0192403	Dsim\GD20946	GD20946			unmatched
FBgn0192404	Dsim\GD20947	GD20947			unmatched
FBgn0192406	Dsim\GD20949	GD20949			unmatched
FBgn0192407	Dsim\GD20950	GD20950			unmatched
FBgn0192409	Dsim\GD20953	GD20953			unmatched
FBgn0192410	Dsim\GD20954	GD20954			unmatched
FBgn0192413	Dsim\GD20957	GD20957			unmatched
FBgn0192414	Dsim\GD20958	GD20958			unmatched
FBgn0192415	Dsim\GD20959	GD20959			unmatched
FBgn0192416	Dsim\GD20960	GD20960			unmatched
FBgn0192418	Dsim\GD20962	GD20962			unmatched
FBgn0192419	Dsim\GD20963	GD20963			unmatched
FBgn0192420	Dsim\CSN6	CSN6	FBgn0028837	CSN6	matched
FBgn0192421	Dsim\GD20965	GD20965			unmatched
FBgn0192422	Dsim\GD20966	GD20966			unmatched
FBgn0192423	Dsim\GD20967	GD20967			unmatched
FBgn0192424	Dsim\GD20968	GD20968			unmatched
FBgn0192425	Dsim\GD20969	GD20969			unmatched
FBgn0192428	Dsim\GD20972	GD20972			unmatched
FBgn0192429	Dsim\GD20973	GD20973			unmatched
FBgn0192432	Dsim\GD20977	GD20977			unmatched
FBgn0192433	Dsim\GD20978	GD20978			unmatched
FBgn0192435	Dsim\GD20980	GD20980			unmatched
FBgn0192436	Dsim\GD20981	GD20981			unmatched
FBgn0192438	Dsim\GD20983	GD20983			unmatched
FBgn0192439	Dsim\GD20984	GD20984			unmatched
FBgn0192440	Dsim\GD20985	GD20985			unmatched
FBgn0192442	Dsim\GD20987	GD20987			unmatched
FBgn0192444	Dsim\GD20989	GD20989			unmatched
FBgn0192445	Dsim\GD20990	GD20990			unmatched
FBgn0192446	Dsim\GD20991	GD20991			unmatched
FBgn0192447	Dsim\GD20992	GD20992			unmatched
FBgn0192448	Dsim\GD20993	GD20993			unmatched
FBgn0192449	Dsim\GD20994	GD20994			unmatched
FBgn0192450	Dsim\GD20995	GD20995			unmatched
FBgn0192451	Dsim\GD20996	GD20996			unmatched
FBgn0192453	Dsim\GD20998	GD20998			unmatched
FBgn0192454	Dsim\GD20999	GD20999			unmatched
FBgn0192455	Dsim\GD21000	GD21000			unmatched
FBgn0192456	Dsim\GD21001	GD21001			unmatched
FBgn0192457	Dsim\GD21002	GD21002			unmatched
FBgn0192461	Dsim\GD21006	GD21006			unmatched
FBgn0192463	Dsim\GD21008	GD21008			unmatched
FBgn0192464	Dsim\GD21009	GD21009			unmatched
FBgn0192465	Dsim\GD21010	GD21010			unmatched
FBgn0192466	Dsim\GD21011	GD21011			unmatched
FBgn0192467	Dsim\GD21012	GD21012			unmatched
FBgn0192468	Dsim\GD21013	GD21013			unmatched
FBgn0192469	Dsim\GD21014	GD21014			unmatched
FBgn0192470	Dsim\GD21015	GD21015			unmatched
FBgn0192471	Dsim\GD21016	GD21016			unmatched
FBgn0192472	Dsim\GD21017	GD21017			unmatched
FBgn0192473	Dsim\GD21018	GD21018			unmatched
FBgn0192475	Dsim\GD21020	GD21020			unmatched
FBgn0192476	Dsim\GD21021	GD21021			unmatched
FBgn0192477	Dsim\GD21022	GD21022			unmatched
FBgn0192478	Dsim\GD21023	GD21023			unmatched
FBgn0192479	Dsim\GD21024	GD21024			unmatched
FBgn0192480	Dsim\GD21025	GD21025			unmatched
FBgn0192481	Dsim\GD21026	GD21026			unmatched
FBgn0192482	Dsim\GD21027	GD21027			unmatched
FBgn0192484	Dsim\GD21029	GD21029			unmatched
FBgn0192485	Dsim\GD21030	GD21030			unmatched
FBgn0192486	Dsim\GD21031	GD21031			unmatched
FBgn0192487	Dsim\GD21032	GD21032			unmatched
FBgn0192488	Dsim\GD21033	GD21033			unmatched
FBgn0192489	Dsim\GD21034	GD21034			unmatched
FBgn0192490	Dsim\GD21035	GD21035			unmatched
FBgn0192491	Dsim\GD21036	GD21036			unmatched
FBgn0192492	Dsim\GD21037	GD21037			unmatched
FBgn0192493	Dsim\GD21038	GD21038			unmatched
FBgn0192495	Dsim\GD21040	GD21040			unmatched
FBgn0192496	Dsim\GD21041	GD21041			unmatched
FBgn0192497	Dsim\GD21042	GD21042			unmatched
FBgn0192498	Dsim\GD21043	GD21043			unmatched
FBgn0192499	Dsim\GD21044	GD21044			unmatched
FBgn0192500	Dsim\GD21045	GD21045			unmatched
FBgn0192501	Dsim\GD21046	GD21046			unmatched
FBgn0192502	Dsim\GD21047	GD21047			unmatched
FBgn0192503	Dsim\GD21048	GD21048			unmatched
FBgn0192505	Dsim\GD21050	GD21050			unmatched
FBgn0192506	Dsim\GD21051	GD21051			unmatched
FBgn0192507	Dsim\GD21052	GD21052			unmatched
FBgn0192508	Dsim\GD21053	GD21053			unmatched
FBgn0192509	Dsim\GD21054	GD21054			unmatched
FBgn0192511	Dsim\GD21056	GD21056			unmatched
FBgn0192512	Dsim\GD21057	GD21057			unmatched
FBgn0192514	Dsim\GD21059	GD21059			unmatched
FBgn0192515	Dsim\GD21060	GD21060			unmatched
FBgn0192517	Dsim\GD21062	GD21062			unmatched
FBgn0192518	Dsim\GD21063	GD21063			unmatched
FBgn0192519	Dsim\GD21064	GD21064			unmatched
FBgn0192520	Dsim\GD21065	GD21065			unmatched
FBgn0192521	Dsim\GD21066	GD21066			unmatched
FBgn0192522	Dsim\GD21067	GD21067			unmatched
FBgn0192523	Dsim\GD21068	GD21068			unmatched
FBgn0192524	Dsim\GD21069	GD21069			unmatched
FBgn0192525	Dsim\GD21070	GD21070			unmatched
FBgn0192526	Dsim\GD21071	GD21071			unmatched
FBgn0192527	Dsim\GD21072	GD21072			unmatched
FBgn0192528	Dsim\GD21073	GD21073			unmatched
FBgn0192530	Dsim\GD21075	GD21075			unmatched
FBgn0192531	Dsim\GD21076	GD21076			unmatched
FBgn0192532	Dsim\GD21078	GD21078			unmatched
FBgn0192535	Dsim\GD21081	GD21081			unmatched
FBgn0192536	Dsim\GD21082	GD21082			unmatched
FBgn0192537	Dsim\GD21083	GD21083			unmatched
FBgn0192538	Dsim\GD21084	GD21084			unmatched
FBgn0192539	Dsim\GD21085	GD21085			unmatched
FBgn0192540	Dsim\GD21086	GD21086			unmatched
FBgn0192542	Dsim\GD21088	GD21088			unmatched
FBgn0192543	Dsim\GD21089	GD21089			unmatched
FBgn0192544	Dsim\GD21090	GD21090			unmatched
FBgn0192545	Dsim\GD21091	GD21091			unmatched
FBgn0192546	Dsim\GD21092	GD21092			unmatched
FBgn0192547	Dsim\GD21093	GD21093			unmatched
FBgn0192548	Dsim\GD21094	GD21094			unmatched
FBgn0192549	Dsim\GD21095	GD21095			unmatched
FBgn0192550	Dsim\GD21096	GD21096			unmatched
FBgn0192551	Dsim\GD21097	GD21097			unmatched
FBgn0192552	Dsim\GD21098	GD21098			unmatched
FBgn0192553	Dsim\GD21099	GD21099			unmatched
FBgn0192556	Dsim\GD21102	GD21102			unmatched
FBgn0192557	Dsim\GD21103	GD21103			unmatched
FBgn0192559	Dsim\GD21105	GD21105			unmatched
FBgn0192560	Dsim\GD21106	GD21106			unmatched
FBgn0192562	Dsim\GD21108	GD21108			unmatched
FBgn0192563	Dsim\GD21109	GD21109			unmatched
FBgn0192566	Dsim\GD21112	GD21112			unmatched
FBgn0192567	Dsim\GD21113	GD21113			unmatched
FBgn0192568	Dsim\GD21114	GD21114			unmatched
FBgn0192569	Dsim\GD21115	GD21115			unmatched
FBgn0192571	Dsim\GD21117	GD21117			unmatched
FBgn0192573	Dsim\GD21119	GD21119			unmatched
FBgn0192574	Dsim\GD21120	GD21120			unmatched
FBgn0192576	Dsim\GD21122	GD21122			unmatched
FBgn0192577	Dsim\GD21123	GD21123			unmatched
FBgn0192578	Dsim\GD21126	GD21126			unmatched
FBgn0192579	Dsim\GD21127	GD21127			unmatched
FBgn0192581	Dsim\GD21129	GD21129			unmatched
FBgn0192582	Dsim\GD21130	GD21130			unmatched
FBgn0192583	Dsim\GD21131	GD21131			unmatched
FBgn0192584	Dsim\GD21132	GD21132			unmatched
FBgn0192585	Dsim\GD21133	GD21133			unmatched
FBgn0192586	Dsim\GD21134	GD21134			unmatched
FBgn0192587	Dsim\GD21135	GD21135			unmatched
FBgn0192588	Dsim\GD21136	GD21136			unmatched
FBgn0192589	Dsim\GD21137	GD21137			unmatched
FBgn0192590	Dsim\GD21138	GD21138			unmatched
FBgn0192592	Dsim\GD21140	GD21140			unmatched
FBgn0192593	Dsim\GD21141	GD21141			unmatched
FBgn0192594	Dsim\GD21142	GD21142			unmatched
FBgn0192595	Dsim\GD21143	GD21143			unmatched
FBgn0192596	Dsim\GD21144	GD21144			unmatched
FBgn0192598	Dsim\GD21146	GD21146			unmatched
FBgn0192599	Dsim\GD21147	GD21147			unmatched
FBgn0192600	Dsim\GD21148	GD21148			unmatched
FBgn0192601	Dsim\GD21149	GD21149			unmatched
FBgn0192603	Dsim\GD21151	GD21151			unmatched
FBgn0192605	Dsim\GD21153	GD21153			unmatched
FBgn0192606	Dsim\GD21154	GD21154			unmatched
FBgn0192609	Dsim\GD21158	GD21158			unmatched
FBgn0192610	Dsim\GD21159	GD21159			unmatched
FBgn0192611	Dsim\GD21160	GD21160			unmatched
FBgn0192612	Dsim\GD21161	GD21161			unmatched
FBgn0192613	Dsim\GD21162	GD21162			unmatched
FBgn0192614	Dsim\GD21163	GD21163			unmatched
FBgn0192615	Dsim\GD21164	GD21164			unmatched
FBgn0192618	Dsim\GD21167	GD21167			unmatched
FBgn0192619	Dsim\GD21168	GD21168			unmatched
FBgn0192620	Dsim\GD21169	GD21169			unmatched
FBgn0192621	Dsim\GD21170	GD21170			unmatched
FBgn0192624	Dsim\GD21173	GD21173			unmatched
FBgn0192625	Dsim\GD21174	GD21174			unmatched
FBgn0192627	Dsim\GD21176	GD21176			unmatched
FBgn0192628	Dsim\GD21177	GD21177			unmatched
FBgn0192629	Dsim\GD21178	GD21178			unmatched
FBgn0192630	Dsim\GD21179	GD21179			unmatched
FBgn0192634	Dsim\GD21183	GD21183			unmatched
FBgn0192635	Dsim\GD21184	GD21184			unmatched
FBgn0192636	Dsim\GD21185	GD21185			unmatched
FBgn0192637	Dsim\GD21186	GD21186			unmatched
FBgn0192638	Dsim\GD21187	GD21187			unmatched
FBgn0192639	Dsim\GD21188	GD21188			unmatched
FBgn0192640	Dsim\GD21189	GD21189			unmatched
FBgn0192641	Dsim\GD21190	GD21190			unmatched
FBgn0192642	Dsim\GD21191	GD21191			unmatched
FBgn0192643	Dsim\GD21192	GD21192			unmatched
FBgn0192644	Dsim\GD21193	GD21193			unmatched
FBgn0192645	Dsim\GD21194	GD21194			unmatched
FBgn0192646	Dsim\GD21195	GD21195			unmatched
FBgn0192647	Dsim\GD21196	GD21196			unmatched
FBgn0192648	Dsim\GD21197	GD21197			unmatched
FBgn0192649	Dsim\GD21198	GD21198			unmatched
FBgn0192650	Dsim\GD21199	GD21199			unmatched
FBgn0192651	Dsim\GD21200	GD21200			unmatched
FBgn0192652	Dsim\GD21201	GD21201			unmatched
FBgn0192654	Dsim\GD21203	GD21203			unmatched
FBgn0192655	Dsim\GD21204	GD21204			unmatched
FBgn0192656	Dsim\GD21205	GD21205			unmatched
FBgn0192657	Dsim\GD21206	GD21206			unmatched
FBgn0192658	Dsim\GD21207	GD21207			unmatched
FBgn0192660	Dsim\GD21209	GD21209			unmatched
FBgn0192661	Dsim\GD21210	GD21210			unmatched
FBgn0192662	Dsim\GD21211	GD21211			unmatched
FBgn0192663	Dsim\GD21212	GD21212			unmatched
FBgn0192664	Dsim\GD21213	GD21213			unmatched
FBgn0192665	Dsim\GD21214	GD21214			unmatched
FBgn0192666	Dsim\GD21215	GD21215			unmatched
FBgn0192667	Dsim\GD21216	GD21216			unmatched
FBgn0192668	Dsim\GD21217	GD21217			unmatched
FBgn0192669	Dsim\GD21218	GD21218			unmatched
FBgn0192670	Dsim\GD21219	GD21219			unmatched
FBgn0192671	Dsim\GD21220	GD21220			unmatched
FBgn0192672	Dsim\GD21221	GD21221			unmatched
FBgn0192673	Dsim\GD21222	GD21222			unmatched
FBgn0192674	Dsim\GD21223	GD21223			unmatched
FBgn0192675	Dsim\GD21225	GD21225			unmatched
FBgn0192676	Dsim\GD21226	GD21226			unmatched
FBgn0192678	Dsim\GD21228	GD21228			unmatched
FBgn0192679	Dsim\GD21229	GD21229			unmatched
FBgn0192680	Dsim\GD21230	GD21230			unmatched
FBgn0192681	Dsim\GD21231	GD21231			unmatched
FBgn0192682	Dsim\GD21232	GD21232			unmatched
FBgn0192683	Dsim\GD21233	GD21233			unmatched
FBgn0192684	Dsim\GD21234	GD21234			unmatched
FBgn0192685	Dsim\GD21235	GD21235			unmatched
FBgn0192686	Dsim\GD21236	GD21236			unmatched
FBgn0192687	Dsim\GD21237	GD21237			unmatched
FBgn0192688	Dsim\GD21238	GD21238			unmatched
FBgn0192689	Dsim\GD21239	GD21239			unmatched
FBgn0192690	Dsim\GD21240	GD21240			unmatched
FBgn0192691	Dsim\GD21241	GD21241			unmatched
FBgn0192692	Dsim\GD21242	GD21242			unmatched
FBgn0192694	Dsim\GD21244	GD21244			unmatched
FBgn0192695	Dsim\GD21245	GD21245			unmatched
FBgn0192696	Dsim\GD21246	GD21246			unmatched
FBgn0192697	Dsim\GD21247	GD21247			unmatched
FBgn0192699	Dsim\GD21249	GD21249			unmatched
FBgn0192700	Dsim\GD21250	GD21250			unmatched
FBgn0192703	Dsim\GD21253	GD21253			unmatched
FBgn0192705	Dsim\GD21256	GD21256			unmatched
FBgn0192706	Dsim\GD21265	GD21265			unmatched
FBgn0192707	Dsim\GD21266	GD21266			unmatched
FBgn0192708	Dsim\GD21267	GD21267			unmatched
FBgn0192709	Dsim\GD21268	GD21268			unmatched
FBgn0192712	Dsim\GD21271	GD21271			unmatched
FBgn0192713	Dsim\GD21272	GD21272			unmatched
FBgn0192714	Dsim\GD21273	GD21273			unmatched
FBgn0192715	Dsim\GD21274	GD21274			unmatched
FBgn0192716	Dsim\GD21275	GD21275			unmatched
FBgn0192717	Dsim\GD21276	GD21276			unmatched
FBgn0192718	Dsim\GD21277	GD21277			unmatched
FBgn0192719	Dsim\GD21278	GD21278			unmatched
FBgn0192720	Dsim\GD21279	GD21279			unmatched
FBgn0192723	Dsim\GD21284	GD21284			unmatched
FBgn0192724	Dsim\GD21285	GD21285			unmatched
FBgn0192725	Dsim\GD21286	GD21286			unmatched
FBgn0192726	Dsim\GD21287	GD21287			unmatched
FBgn0192727	Dsim\GD21288	GD21288			unmatched
FBgn0192728	Dsim\GD21289	GD21289			unmatched
FBgn0192730	Dsim\GD21291	GD21291			unmatched
FBgn0192731	Dsim\GD21292	GD21292			unmatched
FBgn0192732	Dsim\GD21293	GD21293			unmatched
FBgn0192733	Dsim\GD21294	GD21294			unmatched
FBgn0192734	Dsim\GD21295	GD21295			unmatched
FBgn0192735	Dsim\GD21296	GD21296			unmatched
FBgn0192736	Dsim\GD21297	GD21297			unmatched
FBgn0192737	Dsim\GD21298	GD21298			unmatched
FBgn0192738	Dsim\GD21299	GD21299			unmatched
FBgn0192739	Dsim\GD21300	GD21300			unmatched
FBgn0192740	Dsim\GD21301	GD21301			unmatched
FBgn0192741	Dsim\GD21302	GD21302			unmatched
FBgn0192744	Dsim\GD21305	GD21305			unmatched
FBgn0192746	Dsim\GD21308	GD21308			unmatched
FBgn0192747	Dsim\GD21309	GD21309			unmatched
FBgn0192748	Dsim\GD21310	GD21310			unmatched
FBgn0192749	Dsim\GD21312	GD21312			unmatched
FBgn0192750	Dsim\GD21313	GD21313			unmatched
FBgn0192751	Dsim\GD21314	GD21314			unmatched
FBgn0192752	Dsim\GD21315	GD21315			unmatched
FBgn0192753	Dsim\GD21316	GD21316			unmatched
FBgn0192754	Dsim\GD21317	GD21317			unmatched
FBgn0192755	Dsim\GD21318	GD21318			unmatched
FBgn0192756	Dsim\GD21319	GD21319			unmatched
FBgn0192757	Dsim\GD21320	GD21320			unmatched
FBgn0192758	Dsim\GD21321	GD21321			unmatched
FBgn0192759	Dsim\GD21322	GD21322			unmatched
FBgn0192760	Dsim\GD21323	GD21323			unmatched
FBgn0192761	Dsim\GD21324	GD21324			unmatched
FBgn0192762	Dsim\GD21325	GD21325			unmatched
FBgn0192763	Dsim\GD21326	GD21326			unmatched
FBgn0192764	Dsim\GD21327	GD21327			unmatched
FBgn0192765	Dsim\GD21328	GD21328			unmatched
FBgn0192766	Dsim\GD21329	GD21329			unmatched
FBgn0192767	Dsim\GD21330	GD21330			unmatched
FBgn0192769	Dsim\GD21332	GD21332			unmatched
FBgn0192772	Dsim\GD21335	GD21335			unmatched
FBgn0192773	Dsim\GD21336	GD21336			unmatched
FBgn0192774	Dsim\GD21337	GD21337			unmatched
FBgn0192775	Dsim\GD21338	GD21338			unmatched
FBgn0192776	Dsim\GD21339	GD21339			unmatched
FBgn0192777	Dsim\GD21340	GD21340			unmatched
FBgn0192778	Dsim\GD21341	GD21341			unmatched
FBgn0192779	Dsim\GD21342	GD21342			unmatched
FBgn0192780	Dsim\GD21343	GD21343			unmatched
FBgn0192781	Dsim\GD21344	GD21344			unmatched
FBgn0192782	Dsim\GD21345	GD21345			unmatched
FBgn0192783	Dsim\GD21346	GD21346			unmatched
FBgn0192784	Dsim\GD21347	GD21347			unmatched
FBgn0192785	Dsim\GD21348	GD21348			unmatched
FBgn0192786	Dsim\GD21349	GD21349			unmatched
FBgn0192787	Dsim\GD21350	GD21350			unmatched
FBgn0192788	Dsim\GD21351	GD21351			unmatched
FBgn0192789	Dsim\GD21352	GD21352			unmatched
FBgn0192791	Dsim\GD21354	GD21354			unmatched
FBgn0192792	Dsim\GD21355	GD21355			unmatched
FBgn0192793	Dsim\GD21356	GD21356			unmatched
FBgn0192794	Dsim\GD21357	GD21357			unmatched
FBgn0192796	Dsim\GD21359	GD21359			unmatched
FBgn0192798	Dsim\GD21361	GD21361			unmatched
FBgn0192801	Dsim\GD21364	GD21364			unmatched
FBgn0192802	Dsim\GD21365	GD21365			unmatched
FBgn0192804	Dsim\GD21367	GD21367			unmatched
FBgn0192805	Dsim\GD21369	GD21369			unmatched
FBgn0192806	Dsim\GD21370	GD21370			unmatched
FBgn0192807	Dsim\GD21371	GD21371			unmatched
FBgn0192808	Dsim\GD21372	GD21372			unmatched
FBgn0192809	Dsim\GD21373	GD21373			unmatched
FBgn0192810	Dsim\GD21374	GD21374			unmatched
FBgn0192811	Dsim\GD21375	GD21375			unmatched
FBgn0192812	Dsim\GD21376	GD21376			unmatched
FBgn0192813	Dsim\GD21377	GD21377			unmatched
FBgn0192814	Dsim\GD21378	GD21378			unmatched
FBgn0192815	Dsim\GD21379	GD21379			unmatched
FBgn0192816	Dsim\GD21380	GD21380			unmatched
FBgn0192817	Dsim\GD21381	GD21381			unmatched
FBgn0192818	Dsim\GD21382	GD21382			unmatched
FBgn0192819	Dsim\GD21383	GD21383			unmatched
FBgn0192820	Dsim\GD21384	GD21384			unmatched
FBgn0192821	Dsim\GD21385	GD21385			unmatched
FBgn0192822	Dsim\GD21386	GD21386			unmatched
FBgn0192823	Dsim\GD21387	GD21387			unmatched
FBgn0192825	Dsim\GD21389	GD21389			unmatched
FBgn0192826	Dsim\GD21390	GD21390			unmatched
FBgn0192835	Dsim\GD21399	GD21399			unmatched
FBgn0192836	Dsim\GD21400	GD21400			unmatched
FBgn0192839	Dsim\GD21403	GD21403			unmatched
FBgn0192841	Dsim\GD21405	GD21405			unmatched
FBgn0192842	Dsim\GD21406	GD21406			unmatched
FBgn0192843	Dsim\GD21407	GD21407			unmatched
FBgn0192844	Dsim\GD21408	GD21408			unmatched
FBgn0192845	Dsim\GD21409	GD21409			unmatched
FBgn0192846	Dsim\GD21410	GD21410			unmatched
FBgn0192847	Dsim\GD21411	GD21411			unmatched
FBgn0192849	Dsim\GD21413	GD21413			unmatched
FBgn0192850	Dsim\GD21414	GD21414			unmatched
FBgn0192851	Dsim\GD21415	GD21415			unmatched
FBgn0192854	Dsim\GD21418	GD21418			unmatched
FBgn0192855	Dsim\GD21419	GD21419			unmatched
FBgn0192856	Dsim\GD21420	GD21420			unmatched
FBgn0192857	Dsim\GD21421	GD21421			unmatched
FBgn0192858	Dsim\GD21422	GD21422			unmatched
FBgn0192861	Dsim\GD21425	GD21425			unmatched
FBgn0192862	Dsim\GD21427	GD21427			unmatched
FBgn0192863	Dsim\GD21429	GD21429			unmatched
FBgn0192870	Dsim\GD21436	GD21436			unmatched
FBgn0192871	Dsim\GD21437	GD21437			unmatched
FBgn0192872	Dsim\GD21438	GD21438			unmatched
FBgn0192873	Dsim\GD21439	GD21439			unmatched
FBgn0192874	Dsim\GD21440	GD21440			unmatched
FBgn0192875	Dsim\GD21441	GD21441			unmatched
FBgn0192876	Dsim\GD21442	GD21442			unmatched
FBgn0192877	Dsim\GD21443	GD21443			unmatched
FBgn0192878	Dsim\GD21444	GD21444			unmatched
FBgn0192879	Dsim\GD21445	GD21445			unmatched
FBgn0192880	Dsim\GD21446	GD21446			unmatched
FBgn0192881	Dsim\Obp99a	Obp99a	FBgn0039678	Obp99a	matched
FBgn0192882	Dsim\GD21448	GD21448			unmatched
FBgn0192883	Dsim\GD21449	GD21449			unmatched
FBgn0192884	Dsim\GD21450	GD21450			unmatched
FBgn0192885	Dsim\GD21451	GD21451			unmatched
FBgn0192886	Dsim\Obp99d	Obp99d	FBgn0039684	Obp99d	matched
FBgn0192887	Dsim\GD21453	GD21453			unmatched
FBgn0192888	Dsim\GD21454	GD21454			unmatched
FBgn0192889	Dsim\GD21455	GD21455			unmatched
FBgn0192890	Dsim\GD21456	GD21456			unmatched
FBgn0192891	Dsim\GD21457	GD21457			unmatched
FBgn0192892	Dsim\GD21458	GD21458			unmatched
FBgn0192893	Dsim\GD21459	GD21459			unmatched
FBgn0192894	Dsim\GD21460	GD21460			unmatched
FBgn0192895	Dsim\GD21461	GD21461			unmatched
FBgn0192899	Dsim\GD21465	GD21465			unmatched
FBgn0192900	Dsim\GD21466	GD21466			unmatched
FBgn0192901	Dsim\GD21467	GD21467			unmatched
FBgn0192902	Dsim\GD21468	GD21468			unmatched
FBgn0192904	Dsim\GD21470	GD21470			unmatched
FBgn0192905	Dsim\GD21471	GD21471			unmatched
FBgn0192906	Dsim\GD21472	GD21472			unmatched
FBgn0192908	Dsim\GD21474	GD21474			unmatched
FBgn0192909	Dsim\GD21475	GD21475			unmatched
FBgn0192911	Dsim\GD21477	GD21477			unmatched
FBgn0192912	Dsim\GD21478	GD21478			unmatched
FBgn0192914	Dsim\GD21480	GD21480			unmatched
FBgn0192915	Dsim\GD21481	GD21481			unmatched
FBgn0192917	Dsim\GD21483	GD21483			unmatched
FBgn0192918	Dsim\GD21484	GD21484			unmatched
FBgn0192919	Dsim\GD21485	GD21485			unmatched
FBgn0192920	Dsim\GD21486	GD21486			unmatched
FBgn0192922	Dsim\GD21488	GD21488			unmatched
FBgn0192924	Dsim\GD21490	GD21490			unmatched
FBgn0192925	Dsim\GD21491	GD21491			unmatched
FBgn0192926	Dsim\GD21492	GD21492			unmatched
FBgn0192927	Dsim\GD21493	GD21493			unmatched
FBgn0192929	Dsim\GD21499	GD21499			unmatched
FBgn0192930	Dsim\GD21500	GD21500			unmatched
FBgn0192931	Dsim\GD21501	GD21501			unmatched
FBgn0192932	Dsim\GD21502	GD21502			unmatched
FBgn0192933	Dsim\GD21503	GD21503			unmatched
FBgn0192934	Dsim\GD21505	GD21505			unmatched
FBgn0192935	Dsim\GD21506	GD21506			unmatched
FBgn0192936	Dsim\GD21510	GD21510			unmatched
FBgn0192937	Dsim\GD21511	GD21511			unmatched
FBgn0192938	Dsim\GD21512	GD21512			unmatched
FBgn0192939	Dsim\GD21513	GD21513			unmatched
FBgn0192940	Dsim\GD21514	GD21514			unmatched
FBgn0192942	Dsim\GD21516	GD21516			unmatched
FBgn0192943	Dsim\GD21517	GD21517			unmatched
FBgn0192944	Dsim\GD21518	GD21518			unmatched
FBgn0192946	Dsim\GD21520	GD21520			unmatched
FBgn0192947	Dsim\GD21521	GD21521			unmatched
FBgn0192948	Dsim\GD21522	GD21522			unmatched
FBgn0192949	Dsim\GD21523	GD21523			unmatched
FBgn0192950	Dsim\GD21524	GD21524			unmatched
FBgn0192951	Dsim\GD21525	GD21525			unmatched
FBgn0192953	Dsim\GD21527	GD21527			unmatched
FBgn0192957	Dsim\GD21531	GD21531			unmatched
FBgn0192959	Dsim\GD21533	GD21533			unmatched
FBgn0192960	Dsim\GD21534	GD21534			unmatched
FBgn0192961	Dsim\GD21535	GD21535			unmatched
FBgn0192962	Dsim\GD21536	GD21536			unmatched
FBgn0192963	Dsim\GD21537	GD21537			unmatched
FBgn0192964	Dsim\GD21538	GD21538			unmatched
FBgn0192967	Dsim\GD21541	GD21541			unmatched
FBgn0192968	Dsim\GD21542	GD21542			unmatched
FBgn0192970	Dsim\GD21544	GD21544			unmatched
FBgn0192971	Dsim\GD21545	GD21545			unmatched
FBgn0192973	Dsim\GD21547	GD21547			unmatched
FBgn0192974	Dsim\GD21548	GD21548			unmatched
FBgn0192975	Dsim\GD21549	GD21549			unmatched
FBgn0192976	Dsim\GD21550	GD21550			unmatched
FBgn0192977	Dsim\GD21551	GD21551			unmatched
FBgn0192978	Dsim\GD21552	GD21552			unmatched
FBgn0192979	Dsim\GD21553	GD21553			unmatched
FBgn0192981	Dsim\GD21555	GD21555			unmatched
FBgn0192983	Dsim\GD21557	GD21557			unmatched
FBgn0192984	Dsim\GD21559	GD21559			unmatched
FBgn0192985	Dsim\GD21560	GD21560			unmatched
FBgn0192986	Dsim\GD21561	GD21561			unmatched
FBgn0192987	Dsim\GD21562	GD21562			unmatched
FBgn0192988	Dsim\GD21563	GD21563			unmatched
FBgn0192989	Dsim\GD21564	GD21564			unmatched
FBgn0192990	Dsim\GD21565	GD21565			unmatched
FBgn0192991	Dsim\GD21566	GD21566			unmatched
FBgn0192992	Dsim\GD21567	GD21567			unmatched
FBgn0192993	Dsim\GD21568	GD21568			unmatched
FBgn0192994	Dsim\GD21569	GD21569			unmatched
FBgn0192995	Dsim\GD21570	GD21570			unmatched
FBgn0192996	Dsim\GD21571	GD21571			unmatched
FBgn0192997	Dsim\GD21572	GD21572			unmatched
FBgn0192999	Dsim\GD21574	GD21574			unmatched
FBgn0193000	Dsim\GD21575	GD21575			unmatched
FBgn0193001	Dsim\GD21576	GD21576			unmatched
FBgn0193002	Dsim\GD21577	GD21577			unmatched
FBgn0193003	Dsim\GD21578	GD21578			unmatched
FBgn0193004	Dsim\GD21579	GD21579			unmatched
FBgn0193006	Dsim\GD21581	GD21581			unmatched
FBgn0193007	Dsim\GD21582	GD21582			unmatched
FBgn0193008	Dsim\GD21583	GD21583			unmatched
FBgn0193009	Dsim\GD21584	GD21584			unmatched
FBgn0193012	Dsim\GD21587	GD21587			unmatched
FBgn0193013	Dsim\GD21588	GD21588			unmatched
FBgn0193014	Dsim\GD21589	GD21589			unmatched
FBgn0193015	Dsim\GD21590	GD21590			unmatched
FBgn0193016	Dsim\GD21591	GD21591			unmatched
FBgn0193017	Dsim\GD21592	GD21592			unmatched
FBgn0193018	Dsim\GD21593	GD21593			unmatched
FBgn0193019	Dsim\GD21594	GD21594			unmatched
FBgn0193021	Dsim\ttk	ttk	FBgn0003870	ttk	matched
FBgn0193022	Dsim\GD21597	GD21597			unmatched
FBgn0193023	Dsim\GD21598	GD21598			unmatched
FBgn0193025	Dsim\GD21600	GD21600			unmatched
FBgn0193026	Dsim\GD21601	GD21601			unmatched
FBgn0193027	Dsim\GD21603	GD21603			unmatched
FBgn0193028	Dsim\GD21604	GD21604			unmatched
FBgn0193029	Dsim\GD21605	GD21605			unmatched
FBgn0193031	Dsim\GD21607	GD21607			unmatched
FBgn0193032	Dsim\GD21608	GD21608			unmatched
FBgn0193033	Dsim\GD21609	GD21609			unmatched
FBgn0193035	Dsim\GD21611	GD21611			unmatched
FBgn0193036	Dsim\GD21612	GD21612			unmatched
FBgn0193037	Dsim\GD21613	GD21613			unmatched
FBgn0193038	Dsim\GD21614	GD21614			unmatched
FBgn0193041	Dsim\GD21617	GD21617			unmatched
FBgn0193042	Dsim\GD21618	GD21618			unmatched
FBgn0193043	Dsim\GD21619	GD21619			unmatched
FBgn0193044	Dsim\GD21620	GD21620			unmatched
FBgn0193045	Dsim\GD21621	GD21621			unmatched
FBgn0193046	Dsim\GD21622	GD21622			unmatched
FBgn0193047	Dsim\GD21623	GD21623			unmatched
FBgn0193049	Dsim\GD21625	GD21625			unmatched
FBgn0193050	Dsim\GD21626	GD21626			unmatched
FBgn0193051	Dsim\GD21627	GD21627			unmatched
FBgn0193053	Dsim\GD21629	GD21629			unmatched
FBgn0193054	Dsim\GD21630	GD21630			unmatched
FBgn0193055	Dsim\GD21631	GD21631			unmatched
FBgn0193057	Dsim\GD21633	GD21633			unmatched
FBgn0193058	Dsim\GD21634	GD21634			unmatched
FBgn0193059	Dsim\GD21635	GD21635			unmatched
FBgn0193060	Dsim\GD21636	GD21636			unmatched
FBgn0193065	Dsim\GD21641	GD21641			unmatched
FBgn0193067	Dsim\GD21643	GD21643			unmatched
FBgn0193068	Dsim\GD21645	GD21645			unmatched
FBgn0193069	Dsim\GD21646	GD21646			unmatched
FBgn0193070	Dsim\GD21647	GD21647			unmatched
FBgn0193071	Dsim\GD21648	GD21648			unmatched
FBgn0193072	Dsim\GD21649	GD21649			unmatched
FBgn0193073	Dsim\GD21650	GD21650			unmatched
FBgn0193074	Dsim\GD21651	GD21651			unmatched
FBgn0193075	Dsim\GD21652	GD21652			unmatched
FBgn0193077	Dsim\GD21654	GD21654			unmatched
FBgn0193078	Dsim\GD21655	GD21655			unmatched
FBgn0193079	Dsim\GD21656	GD21656			unmatched
FBgn0193080	Dsim\GD21657	GD21657			unmatched
FBgn0193081	Dsim\GD21658	GD21658			unmatched
FBgn0193083	Dsim\GD21660	GD21660			unmatched
FBgn0193085	Dsim\GD21662	GD21662			unmatched
FBgn0193087	Dsim\GD21664	GD21664			unmatched
FBgn0193088	Dsim\GD21665	GD21665			unmatched
FBgn0193089	Dsim\GD21666	GD21666			unmatched
FBgn0193090	Dsim\GD21667	GD21667			unmatched
FBgn0193092	Dsim\GD21669	GD21669			unmatched
FBgn0193093	Dsim\GD21670	GD21670			unmatched
FBgn0193094	Dsim\GD21671	GD21671			unmatched
FBgn0193095	Dsim\GD21672	GD21672			unmatched
FBgn0193096	Dsim\GD21673	GD21673			unmatched
FBgn0193099	Dsim\GD21676	GD21676			unmatched
FBgn0193100	Dsim\GD21677	GD21677			unmatched
FBgn0193101	Dsim\GD21678	GD21678			unmatched
FBgn0193102	Dsim\GD21679	GD21679			unmatched
FBgn0193103	Dsim\GD21680	GD21680			unmatched
FBgn0193104	Dsim\GD21681	GD21681			unmatched
FBgn0193105	Dsim\GD21682	GD21682			unmatched
FBgn0193106	Dsim\GD21683	GD21683			unmatched
FBgn0193107	Dsim\GD21684	GD21684			unmatched
FBgn0193108	Dsim\GD21685	GD21685			unmatched
FBgn0193110	Dsim\GD21687	GD21687			unmatched
FBgn0193111	Dsim\GD21688	GD21688			unmatched
FBgn0193112	Dsim\GD21689	GD21689			unmatched
FBgn0193113	Dsim\GD21690	GD21690			unmatched
FBgn0193114	Dsim\GD21691	GD21691			unmatched
FBgn0193115	Dsim\GD21692	GD21692			unmatched
FBgn0193116	Dsim\GD21693	GD21693			unmatched
FBgn0193123	Dsim\GD21700	GD21700			unmatched
FBgn0193125	Dsim\GD21702	GD21702			unmatched
FBgn0193126	Dsim\GD21703	GD21703			unmatched
FBgn0193127	Dsim\GD21704	GD21704			unmatched
FBgn0193128	Dsim\GD21705	GD21705			unmatched
FBgn0193129	Dsim\GD21706	GD21706			unmatched
FBgn0193130	Dsim\GD21707	GD21707			unmatched
FBgn0193133	Dsim\GD21710	GD21710			unmatched
FBgn0193134	Dsim\GD21711	GD21711			unmatched
FBgn0193136	Dsim\GD21713	GD21713			unmatched
FBgn0193137	Dsim\GD21714	GD21714			unmatched
FBgn0193138	Dsim\GD21715	GD21715			unmatched
FBgn0193139	Dsim\GD21716	GD21716			unmatched
FBgn0193141	Dsim\GD21718	GD21718			unmatched
FBgn0193142	Dsim\GD21719	GD21719			unmatched
FBgn0193143	Dsim\GD21720	GD21720			unmatched
FBgn0193145	Dsim\GD21722	GD21722			unmatched
FBgn0193147	Dsim\GD21725	GD21725			unmatched
FBgn0193148	Dsim\GD21726	GD21726			unmatched
FBgn0193149	Dsim\GD21727	GD21727			unmatched
FBgn0193150	Dsim\GD21728	GD21728			unmatched
FBgn0193151	Dsim\GD21729	GD21729			unmatched
FBgn0193152	Dsim\GD21730	GD21730			unmatched
FBgn0193153	Dsim\GD21731	GD21731			unmatched
FBgn0193154	Dsim\GD21732	GD21732			unmatched
FBgn0193155	Dsim\GD21733	GD21733			unmatched
FBgn0193156	Dsim\GD21734	GD21734			unmatched
FBgn0193157	Dsim\GD21735	GD21735			unmatched
FBgn0193158	Dsim\GD21736	GD21736			unmatched
FBgn0193159	Dsim\GD21737	GD21737			unmatched
FBgn0193162	Dsim\GD21740	GD21740			unmatched
FBgn0193163	Dsim\GD21741	GD21741			unmatched
FBgn0193164	Dsim\GD21742	GD21742			unmatched
FBgn0193165	Dsim\GD21743	GD21743			unmatched
FBgn0193166	Dsim\GD21744	GD21744			unmatched
FBgn0193167	Dsim\GD21745	GD21745			unmatched
FBgn0193168	Dsim\GD21746	GD21746			unmatched
FBgn0193169	Dsim\GD21747	GD21747			unmatched
FBgn0193170	Dsim\GD21748	GD21748			unmatched
FBgn0193173	Dsim\GD21751	GD21751			unmatched
FBgn0193174	Dsim\GD21752	GD21752			unmatched
FBgn0193176	Dsim\GD21754	GD21754			unmatched
FBgn0193177	Dsim\GD21755	GD21755			unmatched
FBgn0193178	Dsim\GD21756	GD21756			unmatched
FBgn0193180	Dsim\GD21759	GD21759			unmatched
FBgn0193181	Dsim\GD21760	GD21760			unmatched
FBgn0193184	Dsim\GD21763	GD21763			unmatched
FBgn0193185	Dsim\GD21764	GD21764			unmatched
FBgn0193186	Dsim\GD21765	GD21765			unmatched
FBgn0193187	Dsim\GD21766	GD21766			unmatched
FBgn0193188	Dsim\GD21767	GD21767			unmatched
FBgn0193189	Dsim\GD21768	GD21768			unmatched
FBgn0193190	Dsim\GD21769	GD21769			unmatched
FBgn0193192	Dsim\GD21771	GD21771			unmatched
FBgn0193193	Dsim\GD21772	GD21772			unmatched
FBgn0193194	Dsim\GD21773	GD21773			unmatched
FBgn0193195	Dsim\GD21774	GD21774			unmatched
FBgn0193196	Dsim\GD21775	GD21775			unmatched
FBgn0193197	Dsim\GD21776	GD21776			unmatched
FBgn0193198	Dsim\GD21777	GD21777			unmatched
FBgn0193200	Dsim\GD21780	GD21780			unmatched
FBgn0193201	Dsim\GD21781	GD21781			unmatched
FBgn0193202	Dsim\GD21782	GD21782			unmatched
FBgn0193203	Dsim\GD21783	GD21783			unmatched
FBgn0193204	Dsim\GD21784	GD21784			unmatched
FBgn0193205	Dsim\GD21785	GD21785			unmatched
FBgn0193206	Dsim\GD21786	GD21786			unmatched
FBgn0193207	Dsim\GD21787	GD21787			unmatched
FBgn0193208	Dsim\GD21788	GD21788			unmatched
FBgn0193210	Dsim\GD21790	GD21790			unmatched
FBgn0193211	Dsim\GD21791	GD21791			unmatched
FBgn0193212	Dsim\GD21792	GD21792			unmatched
FBgn0193213	Dsim\GD21793	GD21793			unmatched
FBgn0193214	Dsim\GD21794	GD21794			unmatched
FBgn0193215	Dsim\GD21795	GD21795			unmatched
FBgn0193216	Dsim\GD21796	GD21796			unmatched
FBgn0193217	Dsim\GD21797	GD21797			unmatched
FBgn0193218	Dsim\GD21798	GD21798			unmatched
FBgn0193219	Dsim\GD21799	GD21799			unmatched
FBgn0193221	Dsim\GD21801	GD21801			unmatched
FBgn0193222	Dsim\GD21802	GD21802			unmatched
FBgn0193223	Dsim\GD21803	GD21803			unmatched
FBgn0193224	Dsim\GD21804	GD21804			unmatched
FBgn0193225	Dsim\GD21805	GD21805			unmatched
FBgn0193226	Dsim\GD21806	GD21806			unmatched
FBgn0193227	Dsim\GD21807	GD21807			unmatched
FBgn0193228	Dsim\GD21808	GD21808			unmatched
FBgn0193229	Dsim\GD21809	GD21809			unmatched
FBgn0193231	Dsim\GD21811	GD21811			unmatched
FBgn0193232	Dsim\GD21812	GD21812			unmatched
FBgn0193233	Dsim\GD21813	GD21813			unmatched
FBgn0193234	Dsim\GD21814	GD21814			unmatched
FBgn0193235	Dsim\GD21815	GD21815			unmatched
FBgn0193236	Dsim\GD21816	GD21816			unmatched
FBgn0193240	Dsim\GD21820	GD21820			unmatched
FBgn0193241	Dsim\GD21821	GD21821			unmatched
FBgn0193242	Dsim\GD21822	GD21822			unmatched
FBgn0193243	Dsim\GD21823	GD21823			unmatched
FBgn0193244	Dsim\GD21824	GD21824			unmatched
FBgn0193245	Dsim\GD21825	GD21825			unmatched
FBgn0193246	Dsim\GD21826	GD21826			unmatched
FBgn0193247	Dsim\GD21827	GD21827			unmatched
FBgn0193248	Dsim\GD21828	GD21828			unmatched
FBgn0193249	Dsim\GD21829	GD21829			unmatched
FBgn0193250	Dsim\GD21830	GD21830			unmatched
FBgn0193251	Dsim\GD21831	GD21831			unmatched
FBgn0193252	Dsim\GD21832	GD21832			unmatched
FBgn0193253	Dsim\GD21833	GD21833			unmatched
FBgn0193254	Dsim\GD21834	GD21834			unmatched
FBgn0193255	Dsim\GD21836	GD21836			unmatched
FBgn0193256	Dsim\GD21837	GD21837			unmatched
FBgn0193258	Dsim\GD21839	GD21839			unmatched
FBgn0193260	Dsim\GD21841	GD21841			unmatched
FBgn0193261	Dsim\GD21842	GD21842			unmatched
FBgn0193262	Dsim\GD21843	GD21843			unmatched
FBgn0193263	Dsim\GD21844	GD21844			unmatched
FBgn0193264	Dsim\GD21845	GD21845			unmatched
FBgn0193266	Dsim\GD21847	GD21847			unmatched
FBgn0193269	Dsim\GD21850	GD21850			unmatched
FBgn0193270	Dsim\GD21851	GD21851			unmatched
FBgn0193272	Dsim\GD21853	GD21853			unmatched
FBgn0193273	Dsim\GD21854	GD21854			unmatched
FBgn0193275	Dsim\GD21856	GD21856			unmatched
FBgn0193276	Dsim\GD21857	GD21857			unmatched
FBgn0193277	Dsim\GD21858	GD21858			unmatched
FBgn0193278	Dsim\GD21859	GD21859			unmatched
FBgn0193279	Dsim\GD21860	GD21860			unmatched
FBgn0193280	Dsim\GD21861	GD21861			unmatched
FBgn0193281	Dsim\GD21862	GD21862			unmatched
FBgn0193282	Dsim\GD21863	GD21863			unmatched
FBgn0193283	Dsim\GD21864	GD21864			unmatched
FBgn0193284	Dsim\GD21865	GD21865			unmatched
FBgn0193285	Dsim\GD21866	GD21866			unmatched
FBgn0193286	Dsim\GD21867	GD21867			unmatched
FBgn0193287	Dsim\GD21868	GD21868			unmatched
FBgn0193289	Dsim\GD21871	GD21871			unmatched
FBgn0193290	Dsim\GD21873	GD21873			unmatched
FBgn0193291	Dsim\GD21874	GD21874			unmatched
FBgn0193292	Dsim\GD21875	GD21875			unmatched
FBgn0193293	Dsim\GD21876	GD21876			unmatched
FBgn0193295	Dsim\GD21878	GD21878			unmatched
FBgn0193296	Dsim\GD21879	GD21879			unmatched
FBgn0193297	Dsim\GD21880	GD21880			unmatched
FBgn0193300	Dsim\GD21883	GD21883			unmatched
FBgn0193301	Dsim\GD21884	GD21884			unmatched
FBgn0193302	Dsim\GD21885	GD21885			unmatched
FBgn0193303	Dsim\GD21886	GD21886			unmatched
FBgn0193304	Dsim\GD21887	GD21887			unmatched
FBgn0193305	Dsim\GD21888	GD21888			unmatched
FBgn0193306	Dsim\GD21889	GD21889			unmatched
FBgn0193307	Dsim\GD21890	GD21890			unmatched
FBgn0193308	Dsim\GD21891	GD21891			unmatched
FBgn0193310	Dsim\GD21893	GD21893			unmatched
FBgn0193311	Dsim\GD21894	GD21894			unmatched
FBgn0193313	Dsim\GD21896	GD21896			unmatched
FBgn0193314	Dsim\GD21897	GD21897			unmatched
FBgn0193315	Dsim\GD21898	GD21898			unmatched
FBgn0193316	Dsim\GD21899	GD21899			unmatched
FBgn0193317	Dsim\GD21900	GD21900			unmatched
FBgn0193318	Dsim\GD21901	GD21901			unmatched
FBgn0193319	Dsim\GD21902	GD21902			unmatched
FBgn0193320	Dsim\GD21903	GD21903			unmatched
FBgn0193321	Dsim\GD21904	GD21904			unmatched
FBgn0193323	Dsim\GD21906	GD21906			unmatched
FBgn0193325	Dsim\GD21908	GD21908			unmatched
FBgn0193326	Dsim\GD21909	GD21909			unmatched
FBgn0193327	Dsim\GD21910	GD21910			unmatched
FBgn0193328	Dsim\GD21911	GD21911			unmatched
FBgn0193329	Dsim\GD21912	GD21912			unmatched
FBgn0193330	Dsim\GD21913	GD21913			unmatched
FBgn0193331	Dsim\GD21914	GD21914			unmatched
FBgn0193332	Dsim\GD21915	GD21915			unmatched
FBgn0193333	Dsim\GD21916	GD21916			unmatched
FBgn0193335	Dsim\GD21918	GD21918			unmatched
FBgn0193336	Dsim\GD21919	GD21919			unmatched
FBgn0193337	Dsim\GD21921	GD21921			unmatched
FBgn0193338	Dsim\GD21922	GD21922			unmatched
FBgn0193339	Dsim\GD21923	GD21923			unmatched
FBgn0193340	Dsim\GD21924	GD21924			unmatched
FBgn0193341	Dsim\GD21925	GD21925			unmatched
FBgn0193342	Dsim\GD21926	GD21926			unmatched
FBgn0193343	Dsim\GD21927	GD21927			unmatched
FBgn0193344	Dsim\GD21928	GD21928			unmatched
FBgn0193346	Dsim\GD21930	GD21930			unmatched
FBgn0193347	Dsim\GD21931	GD21931			unmatched
FBgn0193348	Dsim\GD21932	GD21932			unmatched
FBgn0193349	Dsim\GD21934	GD21934			unmatched
FBgn0193350	Dsim\GD21935	GD21935			unmatched
FBgn0193352	Dsim\GD21937	GD21937			unmatched
FBgn0193353	Dsim\GD21938	GD21938			unmatched
FBgn0193354	Dsim\GD21939	GD21939			unmatched
FBgn0193355	Dsim\GD21940	GD21940			unmatched
FBgn0193356	Dsim\GD21941	GD21941			unmatched
FBgn0193357	Dsim\GD21942	GD21942			unmatched
FBgn0193358	Dsim\GD21943	GD21943			unmatched
FBgn0193359	Dsim\GD21944	GD21944			unmatched
FBgn0193361	Dsim\GD21946	GD21946			unmatched
FBgn0193362	Dsim\GD21947	GD21947			unmatched
FBgn0193363	Dsim\GD21948	GD21948			unmatched
FBgn0193364	Dsim\GD21949	GD21949			unmatched
FBgn0193365	Dsim\GD21950	GD21950			unmatched
FBgn0193366	Dsim\GD21951	GD21951			unmatched
FBgn0193368	Dsim\GD21953	GD21953			unmatched
FBgn0193371	Dsim\GD21956	GD21956			unmatched
FBgn0193374	Dsim\GD21959	GD21959			unmatched
FBgn0193375	Dsim\GD21960	GD21960			unmatched
FBgn0193376	Dsim\GD21961	GD21961			unmatched
FBgn0193379	Dsim\GD21964	GD21964			unmatched
FBgn0193380	Dsim\GD21965	GD21965			unmatched
FBgn0193381	Dsim\GD21966	GD21966			unmatched
FBgn0193382	Dsim\GD21967	GD21967			unmatched
FBgn0193383	Dsim\GD21968	GD21968			unmatched
FBgn0193384	Dsim\GD21969	GD21969			unmatched
FBgn0193385	Dsim\GD21970	GD21970			unmatched
FBgn0193386	Dsim\GD21971	GD21971			unmatched
FBgn0193388	Dsim\GD21973	GD21973			unmatched
FBgn0193389	Dsim\GD21974	GD21974			unmatched
FBgn0193391	Dsim\GD21976	GD21976			unmatched
FBgn0193392	Dsim\GD21977	GD21977			unmatched
FBgn0193393	Dsim\GD21978	GD21978			unmatched
FBgn0193395	Dsim\GD21980	GD21980			unmatched
FBgn0193396	Dsim\GD21981	GD21981			unmatched
FBgn0193397	Dsim\GD21982	GD21982			unmatched
FBgn0193398	Dsim\GD21983	GD21983			unmatched
FBgn0193399	Dsim\GD21984	GD21984			unmatched
FBgn0193400	Dsim\GD21985	GD21985			unmatched
FBgn0193402	Dsim\GD21987	GD21987			unmatched
FBgn0193403	Dsim\GD21988	GD21988			unmatched
FBgn0193404	Dsim\GD21989	GD21989			unmatched
FBgn0193408	Dsim\GD21993	GD21993			unmatched
FBgn0193409	Dsim\GD21995	GD21995			unmatched
FBgn0193411	Dsim\GD21997	GD21997			unmatched
FBgn0193412	Dsim\GD21998	GD21998			unmatched
FBgn0193413	Dsim\GD21999	GD21999			unmatched
FBgn0193415	Dsim\GD22001	GD22001			unmatched
FBgn0193418	Dsim\GD22004	GD22004			unmatched
FBgn0193419	Dsim\GD22006	GD22006			unmatched
FBgn0193420	Dsim\GD22007	GD22007			unmatched
FBgn0193422	Dsim\GD22009	GD22009			unmatched
FBgn0193423	Dsim\GD22010	GD22010			unmatched
FBgn0193424	Dsim\GD22011	GD22011			unmatched
FBgn0193425	Dsim\GD22012	GD22012			unmatched
FBgn0193426	Dsim\GD22013	GD22013			unmatched
FBgn0193427	Dsim\GD22014	GD22014			unmatched
FBgn0193430	Dsim\GD22017	GD22017			unmatched
FBgn0193431	Dsim\GD22018	GD22018			unmatched
FBgn0193433	Dsim\GD22020	GD22020			unmatched
FBgn0193434	Dsim\GD22021	GD22021			unmatched
FBgn0193435	Dsim\GD22022	GD22022			unmatched
FBgn0193436	Dsim\GD22023	GD22023			unmatched
FBgn0193437	Dsim\GD22024	GD22024			unmatched
FBgn0193438	Dsim\GD22025	GD22025			unmatched
FBgn0193439	Dsim\GD22026	GD22026			unmatched
FBgn0193440	Dsim\GD22027	GD22027			unmatched
FBgn0193441	Dsim\GD22028	GD22028			unmatched
FBgn0193442	Dsim\GD22029	GD22029			unmatched
FBgn0193443	Dsim\GD22030	GD22030			unmatched
FBgn0193444	Dsim\GD22031	GD22031			unmatched
FBgn0193446	Dsim\GD22033	GD22033			unmatched
FBgn0193447	Dsim\GD22034	GD22034			unmatched
FBgn0193448	Dsim\GD22035	GD22035			unmatched
FBgn0193449	Dsim\GD22036	GD22036			unmatched
FBgn0193450	Dsim\GD22037	GD22037			unmatched
FBgn0193452	Dsim\GD22039	GD22039			unmatched
FBgn0193453	Dsim\GD22040	GD22040			unmatched
FBgn0193455	Dsim\GD22042	GD22042			unmatched
FBgn0193457	Dsim\GD22044	GD22044			unmatched
FBgn0193458	Dsim\GD22045	GD22045			unmatched
FBgn0193459	Dsim\GD22046	GD22046			unmatched
FBgn0193463	Dsim\GD22050	GD22050			unmatched
FBgn0193464	Dsim\GD22051	GD22051			unmatched
FBgn0193465	Dsim\GD22052	GD22052			unmatched
FBgn0193466	Dsim\GD22053	GD22053			unmatched
FBgn0193467	Dsim\GD22054	GD22054			unmatched
FBgn0193468	Dsim\GD22055	GD22055			unmatched
FBgn0193469	Dsim\GD22056	GD22056			unmatched
FBgn0193470	Dsim\GD22057	GD22057			unmatched
FBgn0193471	Dsim\GD22058	GD22058			unmatched
FBgn0193472	Dsim\GD22059	GD22059			unmatched
FBgn0193474	Dsim\GD22061	GD22061			unmatched
FBgn0193475	Dsim\GD22062	GD22062			unmatched
FBgn0193476	Dsim\GD22063	GD22063			unmatched
FBgn0193477	Dsim\GD22064	GD22064			unmatched
FBgn0193478	Dsim\GD22065	GD22065			unmatched
FBgn0193479	Dsim\GD22066	GD22066			unmatched
FBgn0193480	Dsim\GD22067	GD22067			unmatched
FBgn0193481	Dsim\GD22068	GD22068			unmatched
FBgn0193482	Dsim\GD22069	GD22069			unmatched
FBgn0193483	Dsim\GD22070	GD22070			unmatched
FBgn0193484	Dsim\GD22071	GD22071			unmatched
FBgn0193485	Dsim\GD22072	GD22072			unmatched
FBgn0193487	Dsim\GD22074	GD22074			unmatched
FBgn0193488	Dsim\GD22075	GD22075			unmatched
FBgn0193489	Dsim\GD22076	GD22076			unmatched
FBgn0193490	Dsim\GD22077	GD22077			unmatched
FBgn0193491	Dsim\GD22078	GD22078			unmatched
FBgn0193492	Dsim\GD22079	GD22079			unmatched
FBgn0193493	Dsim\GD22080	GD22080			unmatched
FBgn0193495	Dsim\GD22082	GD22082			unmatched
FBgn0193496	Dsim\GD22083	GD22083			unmatched
FBgn0193497	Dsim\GD22084	GD22084			unmatched
FBgn0193498	Dsim\GD22085	GD22085			unmatched
FBgn0193500	Dsim\GD22087	GD22087			unmatched
FBgn0193501	Dsim\GD22088	GD22088			unmatched
FBgn0193503	Dsim\GD22090	GD22090			unmatched
FBgn0193504	Dsim\GD22091	GD22091			unmatched
FBgn0193505	Dsim\GD22092	GD22092			unmatched
FBgn0193506	Dsim\GD22094	GD22094			unmatched
FBgn0193507	Dsim\GD22096	GD22096			unmatched
FBgn0193509	Dsim\GD22098	GD22098			unmatched
FBgn0193510	Dsim\GD22099	GD22099			unmatched
FBgn0193511	Dsim\GD22100	GD22100			unmatched
FBgn0193512	Dsim\GD22101	GD22101			unmatched
FBgn0193513	Dsim\GD22102	GD22102			unmatched
FBgn0193514	Dsim\GD22103	GD22103			unmatched
FBgn0193515	Dsim\GD22104	GD22104			unmatched
FBgn0193517	Dsim\GD22106	GD22106			unmatched
FBgn0193518	Dsim\GD22107	GD22107			unmatched
FBgn0193520	Dsim\GD22109	GD22109			unmatched
FBgn0193521	Dsim\GD22110	GD22110			unmatched
FBgn0193524	Dsim\GD22113	GD22113			unmatched
FBgn0193528	Dsim\GD22117	GD22117			unmatched
FBgn0193529	Dsim\GD22118	GD22118			unmatched
FBgn0193530	Dsim\GD22119	GD22119			unmatched
FBgn0193531	Dsim\GD22120	GD22120			unmatched
FBgn0193532	Dsim\GD22121	GD22121			unmatched
FBgn0193533	Dsim\GD22123	GD22123			unmatched
FBgn0193535	Dsim\GD22125	GD22125			unmatched
FBgn0193536	Dsim\GD22126	GD22126			unmatched
FBgn0193537	Dsim\GD22127	GD22127			unmatched
FBgn0193539	Dsim\GD22129	GD22129			unmatched
FBgn0193540	Dsim\GD22130	GD22130			unmatched
FBgn0193543	Dsim\GD22133	GD22133			unmatched
FBgn0193544	Dsim\GD22134	GD22134			unmatched
FBgn0193545	Dsim\GD22135	GD22135			unmatched
FBgn0193546	Dsim\GD22136	GD22136			unmatched
FBgn0193547	Dsim\GD22137	GD22137			unmatched
FBgn0193548	Dsim\GD22138	GD22138			unmatched
FBgn0193549	Dsim\GD22139	GD22139			unmatched
FBgn0193551	Dsim\GD22141	GD22141			unmatched
FBgn0193552	Dsim\GD22142	GD22142			unmatched
FBgn0193553	Dsim\GD22143	GD22143			unmatched
FBgn0193554	Dsim\GD22144	GD22144			unmatched
FBgn0193555	Dsim\GD22145	GD22145			unmatched
FBgn0193556	Dsim\GD22146	GD22146			unmatched
FBgn0193557	Dsim\GD22147	GD22147			unmatched
FBgn0193561	Dsim\GD22151	GD22151			unmatched
FBgn0193563	Dsim\GD22153	GD22153			unmatched
FBgn0193565	Dsim\GD22155	GD22155			unmatched
FBgn0193566	Dsim\GD22156	GD22156			unmatched
FBgn0193567	Dsim\GD22157	GD22157			unmatched
FBgn0193568	Dsim\GD22158	GD22158			unmatched
FBgn0193569	Dsim\GD22159	GD22159			unmatched
FBgn0193571	Dsim\GD22161	GD22161			unmatched
FBgn0193572	Dsim\GD22162	GD22162			unmatched
FBgn0193574	Dsim\GD22164	GD22164			unmatched
FBgn0193575	Dsim\GD22165	GD22165			unmatched
FBgn0193576	Dsim\GD22166	GD22166			unmatched
FBgn0193577	Dsim\GD22167	GD22167			unmatched
FBgn0193578	Dsim\GD22168	GD22168			unmatched
FBgn0193579	Dsim\GD22169	GD22169			unmatched
FBgn0193580	Dsim\GD22170	GD22170			unmatched
FBgn0193581	Dsim\GD22171	GD22171			unmatched
FBgn0193582	Dsim\GD22172	GD22172			unmatched
FBgn0193586	Dsim\GD22176	GD22176			unmatched
FBgn0193587	Dsim\GD22177	GD22177			unmatched
FBgn0193590	Dsim\GD22180	GD22180			unmatched
FBgn0193592	Dsim\GD22182	GD22182			unmatched
FBgn0193593	Dsim\GD22183	GD22183			unmatched
FBgn0193594	Dsim\GD22184	GD22184			unmatched
FBgn0193597	Dsim\GD22188	GD22188			unmatched
FBgn0193598	Dsim\GD22189	GD22189			unmatched
FBgn0193600	Dsim\GD22191	GD22191			unmatched
FBgn0193601	Dsim\GD22192	GD22192			unmatched
FBgn0193602	Dsim\GD22193	GD22193			unmatched
FBgn0193603	Dsim\GD22194	GD22194			unmatched
FBgn0193604	Dsim\GD22195	GD22195			unmatched
FBgn0193605	Dsim\GD22196	GD22196			unmatched
FBgn0193606	Dsim\GD22197	GD22197			unmatched
FBgn0193607	Dsim\GD22198	GD22198			unmatched
FBgn0193610	Dsim\GD22201	GD22201			unmatched
FBgn0193612	Dsim\GD22203	GD22203			unmatched
FBgn0193613	Dsim\GD22204	GD22204			unmatched
FBgn0193614	Dsim\GD22205	GD22205			unmatched
FBgn0193615	Dsim\GD22206	GD22206			unmatched
FBgn0193616	Dsim\GD22207	GD22207			unmatched
FBgn0193617	Dsim\GD22208	GD22208			unmatched
FBgn0193618	Dsim\GD22209	GD22209			unmatched
FBgn0193619	Dsim\GD22210	GD22210			unmatched
FBgn0193620	Dsim\GD22211	GD22211			unmatched
FBgn0193621	Dsim\GD22212	GD22212			unmatched
FBgn0193623	Dsim\GD22214	GD22214			unmatched
FBgn0193625	Dsim\GD22216	GD22216			unmatched
FBgn0193626	Dsim\GD22217	GD22217			unmatched
FBgn0193627	Dsim\GD22218	GD22218			unmatched
FBgn0193628	Dsim\GD22219	GD22219			unmatched
FBgn0193629	Dsim\GD22220	GD22220			unmatched
FBgn0193630	Dsim\GD22221	GD22221			unmatched
FBgn0193631	Dsim\GD22222	GD22222			unmatched
FBgn0193632	Dsim\GD22223	GD22223			unmatched
FBgn0193634	Dsim\GD22225	GD22225			unmatched
FBgn0193635	Dsim\GD22226	GD22226			unmatched
FBgn0193636	Dsim\GD22227	GD22227			unmatched
FBgn0193637	Dsim\GD22228	GD22228			unmatched
FBgn0193638	Dsim\GD22229	GD22229			unmatched
FBgn0193639	Dsim\GD22230	GD22230			unmatched
FBgn0193640	Dsim\GD22232	GD22232			unmatched
FBgn0193641	Dsim\GD22233	GD22233			unmatched
FBgn0193642	Dsim\GD22234	GD22234			unmatched
FBgn0193643	Dsim\GD22235	GD22235			unmatched
FBgn0193644	Dsim\GD22236	GD22236			unmatched
FBgn0193645	Dsim\GD22237	GD22237			unmatched
FBgn0193646	Dsim\GD22238	GD22238			unmatched
FBgn0193648	Dsim\GD22240	GD22240			unmatched
FBgn0193649	Dsim\GD22241	GD22241			unmatched
FBgn0193650	Dsim\GD22242	GD22242			unmatched
FBgn0193652	Dsim\GD22244	GD22244			unmatched
FBgn0193654	Dsim\GD22246	GD22246			unmatched
FBgn0193655	Dsim\GD22247	GD22247			unmatched
FBgn0193656	Dsim\GD22248	GD22248			unmatched
FBgn0193657	Dsim\GD22249	GD22249			unmatched
FBgn0193658	Dsim\GD22250	GD22250			unmatched
FBgn0193660	Dsim\GD22252	GD22252			unmatched
FBgn0193661	Dsim\GD22253	GD22253			unmatched
FBgn0193662	Dsim\GD22254	GD22254			unmatched
FBgn0193663	Dsim\GD22255	GD22255			unmatched
FBgn0193664	Dsim\GD22256	GD22256			unmatched
FBgn0193665	Dsim\GD22257	GD22257			unmatched
FBgn0193666	Dsim\GD22258	GD22258			unmatched
FBgn0193667	Dsim\GD22259	GD22259			unmatched
FBgn0193668	Dsim\GD22260	GD22260			unmatched
FBgn0193669	Dsim\GD22261	GD22261			unmatched
FBgn0193670	Dsim\GD22262	GD22262			unmatched
FBgn0193671	Dsim\GD22263	GD22263			unmatched
FBgn0193672	Dsim\GD22264	GD22264			unmatched
FBgn0193673	Dsim\GD22265	GD22265			unmatched
FBgn0193674	Dsim\GD22266	GD22266			unmatched
FBgn0193675	Dsim\GD22267	GD22267			unmatched
FBgn0193676	Dsim\GD22268	GD22268			unmatched
FBgn0193677	Dsim\GD22269	GD22269			unmatched
FBgn0193679	Dsim\GD22271	GD22271			unmatched
FBgn0193680	Dsim\GD22272	GD22272			unmatched
FBgn0193681	Dsim\GD22273	GD22273			unmatched
FBgn0193682	Dsim\GD22274	GD22274			unmatched
FBgn0193683	Dsim\GD22275	GD22275			unmatched
FBgn0193684	Dsim\GD22276	GD22276			unmatched
FBgn0193685	Dsim\GD22277	GD22277			unmatched
FBgn0193686	Dsim\GD22278	GD22278			unmatched
FBgn0193687	Dsim\GD22279	GD22279			unmatched
FBgn0193689	Dsim\GD22281	GD22281			unmatched
FBgn0193690	Dsim\GD22282	GD22282			unmatched
FBgn0193691	Dsim\GD22283	GD22283			unmatched
FBgn0193692	Dsim\GD22284	GD22284			unmatched
FBgn0193693	Dsim\GD22285	GD22285			unmatched
FBgn0193694	Dsim\GD22286	GD22286			unmatched
FBgn0193695	Dsim\GD22287	GD22287			unmatched
FBgn0193696	Dsim\GD22288	GD22288			unmatched
FBgn0193697	Dsim\GD22289	GD22289			unmatched
FBgn0193698	Dsim\GD22290	GD22290			unmatched
FBgn0193699	Dsim\GD22291	GD22291			unmatched
FBgn0193700	Dsim\GD22292	GD22292			unmatched
FBgn0193701	Dsim\GD22293	GD22293			unmatched
FBgn0193702	Dsim\GD22294	GD22294			unmatched
FBgn0193703	Dsim\GD22295	GD22295			unmatched
FBgn0193704	Dsim\GD22296	GD22296			unmatched
FBgn0193705	Dsim\GD22297	GD22297			unmatched
FBgn0193706	Dsim\GD22298	GD22298			unmatched
FBgn0193708	Dsim\GD22301	GD22301			unmatched
FBgn0193711	Dsim\GD22304	GD22304			unmatched
FBgn0193712	Dsim\GD22305	GD22305			unmatched
FBgn0193714	Dsim\GD22307	GD22307			unmatched
FBgn0193715	Dsim\GD22308	GD22308			unmatched
FBgn0193718	Dsim\GD22311	GD22311			unmatched
FBgn0193719	Dsim\GD22312	GD22312			unmatched
FBgn0193720	Dsim\GD22313	GD22313			unmatched
FBgn0193723	Dsim\GD22316	GD22316			unmatched
FBgn0193724	Dsim\GD22317	GD22317			unmatched
FBgn0193726	Dsim\GD22319	GD22319			unmatched
FBgn0193727	Dsim\GD22320	GD22320			unmatched
FBgn0193728	Dsim\GD22321	GD22321			unmatched
FBgn0193729	Dsim\GD22322	GD22322			unmatched
FBgn0193730	Dsim\GD22323	GD22323			unmatched
FBgn0193731	Dsim\GD22324	GD22324			unmatched
FBgn0193732	Dsim\GD22325	GD22325			unmatched
FBgn0193733	Dsim\GD22326	GD22326			unmatched
FBgn0193734	Dsim\GD22327	GD22327			unmatched
FBgn0193735	Dsim\GD22328	GD22328			unmatched
FBgn0193736	Dsim\GD22329	GD22329			unmatched
FBgn0193737	Dsim\GD22330	GD22330			unmatched
FBgn0193738	Dsim\GD22331	GD22331			unmatched
FBgn0193739	Dsim\GD22332	GD22332			unmatched
FBgn0193740	Dsim\GD22333	GD22333			unmatched
FBgn0193741	Dsim\GD22334	GD22334			unmatched
FBgn0193742	Dsim\GD22335	GD22335			unmatched
FBgn0193743	Dsim\GD22336	GD22336			unmatched
FBgn0193745	Dsim\GD22338	GD22338			unmatched
FBgn0193746	Dsim\GD22339	GD22339			unmatched
FBgn0193747	Dsim\GD22340	GD22340			unmatched
FBgn0193748	Dsim\GD22341	GD22341			unmatched
FBgn0193749	Dsim\GD22342	GD22342			unmatched
FBgn0193750	Dsim\GD22343	GD22343			unmatched
FBgn0193752	Dsim\GD22345	GD22345			unmatched
FBgn0193753	Dsim\GD22346	GD22346			unmatched
FBgn0193754	Dsim\GD22347	GD22347			unmatched
FBgn0193755	Dsim\GD22348	GD22348			unmatched
FBgn0193757	Dsim\GD22350	GD22350			unmatched
FBgn0193758	Dsim\GD22351	GD22351			unmatched
FBgn0193759	Dsim\GD22352	GD22352			unmatched
FBgn0193761	Dsim\GD22354	GD22354			unmatched
FBgn0193762	Dsim\GD22355	GD22355			unmatched
FBgn0193763	Dsim\GD22356	GD22356			unmatched
FBgn0193764	Dsim\GD22357	GD22357			unmatched
FBgn0193766	Dsim\GD22359	GD22359			unmatched
FBgn0193768	Dsim\GD22362	GD22362			unmatched
FBgn0193769	Dsim\GD22363	GD22363			unmatched
FBgn0193770	Dsim\GD22364	GD22364			unmatched
FBgn0193771	Dsim\GD22365	GD22365			unmatched
FBgn0193772	Dsim\GD22366	GD22366			unmatched
FBgn0193773	Dsim\GD22367	GD22367			unmatched
FBgn0193774	Dsim\GD22368	GD22368			unmatched
FBgn0193775	Dsim\GD22369	GD22369			unmatched
FBgn0193776	Dsim\GD22370	GD22370			unmatched
FBgn0193777	Dsim\GD22371	GD22371			unmatched
FBgn0193778	Dsim\GD22372	GD22372			unmatched
FBgn0193780	Dsim\GD22374	GD22374			unmatched
FBgn0193781	Dsim\GD22375	GD22375			unmatched
FBgn0193782	Dsim\GD22376	GD22376			unmatched
FBgn0193783	Dsim\GD22377	GD22377			unmatched
FBgn0193785	Dsim\GD22379	GD22379			unmatched
FBgn0193786	Dsim\GD22380	GD22380			unmatched
FBgn0193787	Dsim\GD22381	GD22381			unmatched
FBgn0193789	Dsim\GD22383	GD22383			unmatched
FBgn0193792	Dsim\GD22386	GD22386			unmatched
FBgn0193793	Dsim\GD22387	GD22387			unmatched
FBgn0193794	Dsim\GD22388	GD22388			unmatched
FBgn0193795	Dsim\GD22389	GD22389			unmatched
FBgn0193796	Dsim\GD22390	GD22390			unmatched
FBgn0193797	Dsim\GD22391	GD22391			unmatched
FBgn0193798	Dsim\GD22392	GD22392			unmatched
FBgn0193800	Dsim\GD22394	GD22394			unmatched
FBgn0193801	Dsim\GD22395	GD22395			unmatched
FBgn0193802	Dsim\GD22396	GD22396			unmatched
FBgn0193803	Dsim\GD22397	GD22397			unmatched
FBgn0193804	Dsim\GD22398	GD22398			unmatched
FBgn0193805	Dsim\GD22399	GD22399			unmatched
FBgn0193806	Dsim\GD22400	GD22400			unmatched
FBgn0193807	Dsim\GD22401	GD22401			unmatched
FBgn0193808	Dsim\GD22402	GD22402			unmatched
FBgn0193809	Dsim\GD22403	GD22403			unmatched
FBgn0193810	Dsim\GD22404	GD22404			unmatched
FBgn0193811	Dsim\GD22405	GD22405			unmatched
FBgn0193812	Dsim\GD22406	GD22406			unmatched
FBgn0193813	Dsim\GD22409	GD22409			unmatched
FBgn0193814	Dsim\GD22410	GD22410			unmatched
FBgn0193815	Dsim\GD22411	GD22411			unmatched
FBgn0193816	Dsim\GD22412	GD22412			unmatched
FBgn0193817	Dsim\GD22413	GD22413			unmatched
FBgn0193818	Dsim\GD22414	GD22414			unmatched
FBgn0193819	Dsim\GD22415	GD22415			unmatched
FBgn0193823	Dsim\GD22419	GD22419			unmatched
FBgn0193824	Dsim\GD22420	GD22420			unmatched
FBgn0193825	Dsim\GD22421	GD22421			unmatched
FBgn0193826	Dsim\GD22422	GD22422			unmatched
FBgn0193827	Dsim\GD22423	GD22423			unmatched
FBgn0193828	Dsim\GD22424	GD22424			unmatched
FBgn0193829	Dsim\GD22425	GD22425			unmatched
FBgn0193831	Dsim\GD22428	GD22428			unmatched
FBgn0193832	Dsim\GD22429	GD22429			unmatched
FBgn0193833	Dsim\GD22430	GD22430			unmatched
FBgn0193834	Dsim\GD22431	GD22431			unmatched
FBgn0193835	Dsim\GD22432	GD22432			unmatched
FBgn0193837	Dsim\GD22434	GD22434			unmatched
FBgn0193838	Dsim\GD22435	GD22435			unmatched
FBgn0193839	Dsim\GD22436	GD22436			unmatched
FBgn0193840	Dsim\GD22437	GD22437			unmatched
FBgn0193841	Dsim\GD22438	GD22438			unmatched
FBgn0193843	Dsim\GD22440	GD22440			unmatched
FBgn0193844	Dsim\GD22441	GD22441			unmatched
FBgn0193845	Dsim\Tep6	Tep6			unmatched
FBgn0193846	Dsim\GD22443	GD22443			unmatched
FBgn0193847	Dsim\GD22444	GD22444			unmatched
FBgn0193849	Dsim\GD22446	GD22446			unmatched
FBgn0193850	Dsim\GD22447	GD22447			unmatched
FBgn0193851	Dsim\GD22448	GD22448			unmatched
FBgn0193852	Dsim\GD22449	GD22449			unmatched
FBgn0193854	Dsim\GD22451	GD22451			unmatched
FBgn0193855	Dsim\GD22452	GD22452			unmatched
FBgn0193857	Dsim\GD22454	GD22454			unmatched
FBgn0193859	Dsim\GD22457	GD22457			unmatched
FBgn0193860	Dsim\GD22458	GD22458			unmatched
FBgn0193861	Dsim\GD22459	GD22459			unmatched
FBgn0193862	Dsim\GD22460	GD22460			unmatched
FBgn0193863	Dsim\GD22461	GD22461			unmatched
FBgn0193864	Dsim\GD22462	GD22462			unmatched
FBgn0193865	Dsim\GD22463	GD22463			unmatched
FBgn0193866	Dsim\GD22464	GD22464			unmatched
FBgn0193867	Dsim\GD22465	GD22465			unmatched
FBgn0193868	Dsim\GD22466	GD22466			unmatched
FBgn0193869	Dsim\GD22467	GD22467			unmatched
FBgn0193870	Dsim\GD22468	GD22468			unmatched
FBgn0193871	Dsim\GD22469	GD22469			unmatched
FBgn0193872	Dsim\GD22470	GD22470			unmatched
FBgn0193873	Dsim\GD22471	GD22471			unmatched
FBgn0193874	Dsim\GD22472	GD22472			unmatched
FBgn0193875	Dsim\GD22473	GD22473			unmatched
FBgn0193876	Dsim\GD22474	GD22474			unmatched
FBgn0193877	Dsim\GD22475	GD22475			unmatched
FBgn0193878	Dsim\GD22476	GD22476			unmatched
FBgn0193879	Dsim\GD22477	GD22477			unmatched
FBgn0193880	Dsim\GD22478	GD22478			unmatched
FBgn0193881	Dsim\Tep2	Tep2	FBgn0041182	Tep2	matched
FBgn0193882	Dsim\GD22480	GD22480			unmatched
FBgn0193883	Dsim\GD22481	GD22481			unmatched
FBgn0193884	Dsim\GD22482	GD22482			unmatched
FBgn0193885	Dsim\GD22483	GD22483			unmatched
FBgn0193889	Dsim\GD22487	GD22487			unmatched
FBgn0193891	Dsim\Obp28a	Obp28a	FBgn0011283	Obp28a	matched
FBgn0193892	Dsim\GD22490	GD22490			unmatched
FBgn0193893	Dsim\GD22491	GD22491			unmatched
FBgn0193894	Dsim\GD22492	GD22492			unmatched
FBgn0193895	Dsim\GD22493	GD22493			unmatched
FBgn0193896	Dsim\GD22494	GD22494			unmatched
FBgn0193897	Dsim\GD22495	GD22495			unmatched
FBgn0193898	Dsim\GD22496	GD22496			unmatched
FBgn0193899	Dsim\GD22497	GD22497			unmatched
FBgn0193900	Dsim\GD22498	GD22498			unmatched
FBgn0193903	Dsim\GD22501	GD22501			unmatched
FBgn0193904	Dsim\GD22502	GD22502			unmatched
FBgn0193905	Dsim\GD22503	GD22503			unmatched
FBgn0193908	Dsim\GD22506	GD22506			unmatched
FBgn0193909	Dsim\GD22507	GD22507			unmatched
FBgn0193910	Dsim\GD22508	GD22508			unmatched
FBgn0193911	Dsim\GD22509	GD22509			unmatched
FBgn0193912	Dsim\GD22510	GD22510			unmatched
FBgn0193914	Dsim\GD22512	GD22512			unmatched
FBgn0193915	Dsim\GD22513	GD22513			unmatched
FBgn0193916	Dsim\GD22514	GD22514			unmatched
FBgn0193917	Dsim\GD22515	GD22515			unmatched
FBgn0193918	Dsim\GD22516	GD22516			unmatched
FBgn0193919	Dsim\GD22517	GD22517			unmatched
FBgn0193920	Dsim\GD22518	GD22518			unmatched
FBgn0193921	Dsim\GD22519	GD22519			unmatched
FBgn0193923	Dsim\GD22521	GD22521			unmatched
FBgn0193925	Dsim\GD22523	GD22523			unmatched
FBgn0193927	Dsim\GD22525	GD22525			unmatched
FBgn0193928	Dsim\GD22526	GD22526			unmatched
FBgn0193929	Dsim\GD22527	GD22527			unmatched
FBgn0193930	Dsim\GD22529	GD22529			unmatched
FBgn0193931	Dsim\GD22530	GD22530			unmatched
FBgn0193933	Dsim\GD22532	GD22532			unmatched
FBgn0193934	Dsim\GD22533	GD22533			unmatched
FBgn0193935	Dsim\GD22534	GD22534			unmatched
FBgn0193936	Dsim\GD22535	GD22535			unmatched
FBgn0193937	Dsim\GD22536	GD22536			unmatched
FBgn0193938	Dsim\GD22537	GD22537			unmatched
FBgn0193939	Dsim\GD22538	GD22538			unmatched
FBgn0193941	Dsim\GD22540	GD22540			unmatched
FBgn0193942	Dsim\GD22541	GD22541			unmatched
FBgn0193943	Dsim\GD22542	GD22542			unmatched
FBgn0193945	Dsim\GD22544	GD22544			unmatched
FBgn0193946	Dsim\GD22545	GD22545			unmatched
FBgn0193947	Dsim\GD22546	GD22546			unmatched
FBgn0193948	Dsim\GD22547	GD22547			unmatched
FBgn0193950	Dsim\GD22549	GD22549			unmatched
FBgn0193951	Dsim\GD22550	GD22550			unmatched
FBgn0193952	Dsim\GD22551	GD22551			unmatched
FBgn0193953	Dsim\GD22552	GD22552			unmatched
FBgn0193954	Dsim\GD22553	GD22553			unmatched
FBgn0193955	Dsim\GD22554	GD22554			unmatched
FBgn0193956	Dsim\GD22555	GD22555			unmatched
FBgn0193957	Dsim\GD22556	GD22556			unmatched
FBgn0193958	Dsim\GD22557	GD22557			unmatched
FBgn0193959	Dsim\GD22558	GD22558			unmatched
FBgn0193960	Dsim\GD22559	GD22559			unmatched
FBgn0193961	Dsim\GD22560	GD22560			unmatched
FBgn0193962	Dsim\GD22561	GD22561			unmatched
FBgn0193963	Dsim\GD22562	GD22562			unmatched
FBgn0193964	Dsim\GD22563	GD22563			unmatched
FBgn0193965	Dsim\GD22564	GD22564			unmatched
FBgn0193966	Dsim\GD22565	GD22565			unmatched
FBgn0193967	Dsim\GD22566	GD22566			unmatched
FBgn0193969	Dsim\GD22568	GD22568			unmatched
FBgn0193970	Dsim\GD22569	GD22569			unmatched
FBgn0193971	Dsim\GD22570	GD22570			unmatched
FBgn0193972	Dsim\GD22571	GD22571			unmatched
FBgn0193973	Dsim\GD22572	GD22572			unmatched
FBgn0193974	Dsim\GD22573	GD22573			unmatched
FBgn0193975	Dsim\GD22574	GD22574			unmatched
FBgn0193976	Dsim\GD22575	GD22575			unmatched
FBgn0193977	Dsim\GD22576	GD22576			unmatched
FBgn0193978	Dsim\GD22577	GD22577			unmatched
FBgn0193979	Dsim\GD22578	GD22578			unmatched
FBgn0193980	Dsim\GD22579	GD22579			unmatched
FBgn0193981	Dsim\GD22580	GD22580			unmatched
FBgn0193982	Dsim\GD22581	GD22581			unmatched
FBgn0193986	Dsim\GD22585	GD22585			unmatched
FBgn0193987	Dsim\GD22586	GD22586			unmatched
FBgn0193988	Dsim\GD22587	GD22587			unmatched
FBgn0193989	Dsim\GD22588	GD22588			unmatched
FBgn0193990	Dsim\GD22589	GD22589			unmatched
FBgn0193992	Dsim\GD22591	GD22591			unmatched
FBgn0193995	Dsim\GD22594	GD22594			unmatched
FBgn0193998	Dsim\GD22597	GD22597			unmatched
FBgn0193999	Dsim\GD22598	GD22598			unmatched
FBgn0194000	Dsim\GD22599	GD22599			unmatched
FBgn0194001	Dsim\GD22600	GD22600			unmatched
FBgn0194002	Dsim\GD22601	GD22601			unmatched
FBgn0194003	Dsim\GD22602	GD22602			unmatched
FBgn0194004	Dsim\GD22603	GD22603			unmatched
FBgn0194005	Dsim\GD22604	GD22604			unmatched
FBgn0194006	Dsim\GD22605	GD22605			unmatched
FBgn0194007	Dsim\GD22606	GD22606			unmatched
FBgn0194008	Dsim\GD22607	GD22607			unmatched
FBgn0194009	Dsim\GD22608	GD22608			unmatched
FBgn0194010	Dsim\GD22609	GD22609			unmatched
FBgn0194011	Dsim\GD22610	GD22610			unmatched
FBgn0194012	Dsim\GD22611	GD22611			unmatched
FBgn0194014	Dsim\GD22613	GD22613			unmatched
FBgn0194015	Dsim\GD22614	GD22614			unmatched
FBgn0194017	Dsim\GD22616	GD22616			unmatched
FBgn0194018	Dsim\GD22618	GD22618			unmatched
FBgn0194019	Dsim\GD22619	GD22619			unmatched
FBgn0194020	Dsim\GD22620	GD22620			unmatched
FBgn0194021	Dsim\GD22621	GD22621			unmatched
FBgn0194022	Dsim\GD22622	GD22622			unmatched
FBgn0194023	Dsim\GD22623	GD22623			unmatched
FBgn0194024	Dsim\GD22624	GD22624			unmatched
FBgn0194025	Dsim\GD22625	GD22625			unmatched
FBgn0194026	Dsim\GD22628	GD22628			unmatched
FBgn0194027	Dsim\GD22629	GD22629			unmatched
FBgn0194028	Dsim\GD22630	GD22630			unmatched
FBgn0194029	Dsim\GD22631	GD22631			unmatched
FBgn0194030	Dsim\GD22632	GD22632			unmatched
FBgn0194034	Dsim\GD22636	GD22636			unmatched
FBgn0194036	Dsim\GD22638	GD22638			unmatched
FBgn0194037	Dsim\GD22639	GD22639			unmatched
FBgn0194038	Dsim\GD22640	GD22640			unmatched
FBgn0194039	Dsim\GD22641	GD22641			unmatched
FBgn0194041	Dsim\GD22643	GD22643			unmatched
FBgn0194042	Dsim\GD22644	GD22644			unmatched
FBgn0194044	Dsim\GD22646	GD22646			unmatched
FBgn0194045	Dsim\GD22647	GD22647			unmatched
FBgn0194046	Dsim\GD22648	GD22648			unmatched
FBgn0194047	Dsim\GD22649	GD22649			unmatched
FBgn0194048	Dsim\GD22650	GD22650			unmatched
FBgn0194050	Dsim\GD22652	GD22652			unmatched
FBgn0194052	Dsim\GD22654	GD22654			unmatched
FBgn0194054	Dsim\GD22656	GD22656			unmatched
FBgn0194055	Dsim\GD22657	GD22657			unmatched
FBgn0194056	Dsim\GD22658	GD22658			unmatched
FBgn0194057	Dsim\GD22659	GD22659			unmatched
FBgn0194058	Dsim\GD22661	GD22661			unmatched
FBgn0194059	Dsim\GD22662	GD22662			unmatched
FBgn0194060	Dsim\GD22663	GD22663			unmatched
FBgn0194061	Dsim\GD22664	GD22664			unmatched
FBgn0194062	Dsim\GD22665	GD22665			unmatched
FBgn0194064	Dsim\GD22667	GD22667			unmatched
FBgn0194066	Dsim\GD22669	GD22669			unmatched
FBgn0194067	Dsim\GD22670	GD22670			unmatched
FBgn0194068	Dsim\GD22671	GD22671			unmatched
FBgn0194069	Dsim\GD22672	GD22672			unmatched
FBgn0194070	Dsim\GD22673	GD22673			unmatched
FBgn0194071	Dsim\GD22674	GD22674			unmatched
FBgn0194072	Dsim\GD22675	GD22675			unmatched
FBgn0194073	Dsim\GD22676	GD22676			unmatched
FBgn0194074	Dsim\GD22677	GD22677			unmatched
FBgn0194075	Dsim\GD22678	GD22678			unmatched
FBgn0194076	Dsim\GD22679	GD22679			unmatched
FBgn0194077	Dsim\GD22680	GD22680			unmatched
FBgn0194078	Dsim\GD22681	GD22681			unmatched
FBgn0194079	Dsim\GD22682	GD22682			unmatched
FBgn0194080	Dsim\GD22683	GD22683			unmatched
FBgn0194082	Dsim\GD22685	GD22685			unmatched
FBgn0194083	Dsim\GD22686	GD22686			unmatched
FBgn0194084	Dsim\GD22687	GD22687			unmatched
FBgn0194085	Dsim\GD22688	GD22688			unmatched
FBgn0194086	Dsim\GD22689	GD22689			unmatched
FBgn0194087	Dsim\GD22690	GD22690			unmatched
FBgn0194088	Dsim\GD22691	GD22691			unmatched
FBgn0194089	Dsim\GD22692	GD22692			unmatched
FBgn0194090	Dsim\GD22693	GD22693			unmatched
FBgn0194091	Dsim\GD22694	GD22694			unmatched
FBgn0194093	Dsim\GD22696	GD22696			unmatched
FBgn0194094	Dsim\GD22697	GD22697			unmatched
FBgn0194095	Dsim\GD22698	GD22698			unmatched
FBgn0194098	Dsim\GD22701	GD22701			unmatched
FBgn0194099	Dsim\GD22702	GD22702			unmatched
FBgn0194101	Dsim\GD22704	GD22704			unmatched
FBgn0194102	Dsim\GD22705	GD22705			unmatched
FBgn0194103	Dsim\GD22706	GD22706			unmatched
FBgn0194104	Dsim\GD22707	GD22707			unmatched
FBgn0194105	Dsim\GD22708	GD22708			unmatched
FBgn0194106	Dsim\GD22709	GD22709			unmatched
FBgn0194107	Dsim\GD22710	GD22710			unmatched
FBgn0194108	Dsim\GD22711	GD22711			unmatched
FBgn0194110	Dsim\GD22713	GD22713			unmatched
FBgn0194111	Dsim\GD22714	GD22714			unmatched
FBgn0194112	Dsim\GD22715	GD22715			unmatched
FBgn0194113	Dsim\GD22716	GD22716			unmatched
FBgn0194114	Dsim\GD22717	GD22717			unmatched
FBgn0194115	Dsim\GD22718	GD22718			unmatched
FBgn0194116	Dsim\GD22719	GD22719			unmatched
FBgn0194118	Dsim\GD22721	GD22721			unmatched
FBgn0194119	Dsim\GD22722	GD22722			unmatched
FBgn0194121	Dsim\GD22724	GD22724			unmatched
FBgn0194122	Dsim\GD22725	GD22725			unmatched
FBgn0194123	Dsim\GD22726	GD22726			unmatched
FBgn0194124	Dsim\GD22727	GD22727			unmatched
FBgn0194125	Dsim\GD22728	GD22728			unmatched
FBgn0194126	Dsim\GD22729	GD22729			unmatched
FBgn0194127	Dsim\GD22730	GD22730			unmatched
FBgn0194128	Dsim\GD22731	GD22731			unmatched
FBgn0194129	Dsim\GD22732	GD22732			unmatched
FBgn0194130	Dsim\GD22733	GD22733			unmatched
FBgn0194131	Dsim\GD22734	GD22734			unmatched
FBgn0194132	Dsim\GD22735	GD22735			unmatched
FBgn0194133	Dsim\GD22737	GD22737			unmatched
FBgn0194134	Dsim\GD22738	GD22738			unmatched
FBgn0194135	Dsim\GD22739	GD22739			unmatched
FBgn0194136	Dsim\GD22740	GD22740			unmatched
FBgn0194137	Dsim\GD22741	GD22741			unmatched
FBgn0194139	Dsim\GD22743	GD22743			unmatched
FBgn0194140	Dsim\GD22744	GD22744			unmatched
FBgn0194143	Dsim\GD22747	GD22747			unmatched
FBgn0194144	Dsim\GD22749	GD22749			unmatched
FBgn0194145	Dsim\GD22750	GD22750			unmatched
FBgn0194146	Dsim\GD22751	GD22751			unmatched
FBgn0194148	Dsim\GD22754	GD22754			unmatched
FBgn0194149	Dsim\GD22755	GD22755			unmatched
FBgn0194150	Dsim\GD22756	GD22756			unmatched
FBgn0194152	Dsim\GD22758	GD22758			unmatched
FBgn0194153	Dsim\GD22759	GD22759			unmatched
FBgn0194154	Dsim\GD22760	GD22760			unmatched
FBgn0194155	Dsim\GD22761	GD22761			unmatched
FBgn0194157	Dsim\GD22763	GD22763			unmatched
FBgn0194158	Dsim\GD22764	GD22764			unmatched
FBgn0194159	Dsim\GD22765	GD22765			unmatched
FBgn0194160	Dsim\GD22766	GD22766			unmatched
FBgn0194161	Dsim\GD22767	GD22767			unmatched
FBgn0194162	Dsim\GD22768	GD22768			unmatched
FBgn0194163	Dsim\GD22769	GD22769			unmatched
FBgn0194165	Dsim\GD22771	GD22771			unmatched
FBgn0194166	Dsim\GD22772	GD22772			unmatched
FBgn0194167	Dsim\GD22773	GD22773			unmatched
FBgn0194168	Dsim\GD22774	GD22774			unmatched
FBgn0194169	Dsim\GD22775	GD22775			unmatched
FBgn0194174	Dsim\GD22780	GD22780			unmatched
FBgn0194176	Dsim\GD22782	GD22782			unmatched
FBgn0194177	Dsim\GD22783	GD22783			unmatched
FBgn0194179	Dsim\GD22785	GD22785			unmatched
FBgn0194180	Dsim\GD22786	GD22786			unmatched
FBgn0194182	Dsim\GD22788	GD22788			unmatched
FBgn0194183	Dsim\GD22789	GD22789			unmatched
FBgn0194184	Dsim\GD22790	GD22790			unmatched
FBgn0194185	Dsim\GD22791	GD22791			unmatched
FBgn0194186	Dsim\GD22792	GD22792			unmatched
FBgn0194187	Dsim\GD22793	GD22793			unmatched
FBgn0194188	Dsim\GD22794	GD22794			unmatched
FBgn0194189	Dsim\GD22795	GD22795			unmatched
FBgn0194190	Dsim\GD22796	GD22796			unmatched
FBgn0194191	Dsim\GD22797	GD22797			unmatched
FBgn0194192	Dsim\GD22798	GD22798			unmatched
FBgn0194193	Dsim\GD22799	GD22799			unmatched
FBgn0194194	Dsim\GD22800	GD22800			unmatched
FBgn0194195	Dsim\GD22801	GD22801			unmatched
FBgn0194196	Dsim\GD22802	GD22802			unmatched
FBgn0194197	Dsim\GD22803	GD22803			unmatched
FBgn0194198	Dsim\GD22804	GD22804			unmatched
FBgn0194199	Dsim\GD22805	GD22805			unmatched
FBgn0194200	Dsim\GD22806	GD22806			unmatched
FBgn0194201	Dsim\GD22807	GD22807			unmatched
FBgn0194202	Dsim\GD22808	GD22808			unmatched
FBgn0194204	Dsim\GD22810	GD22810			unmatched
FBgn0194205	Dsim\GD22811	GD22811			unmatched
FBgn0194206	Dsim\GD22812	GD22812			unmatched
FBgn0194207	Dsim\GD22813	GD22813			unmatched
FBgn0194208	Dsim\GD22814	GD22814			unmatched
FBgn0194210	Dsim\GD22816	GD22816			unmatched
FBgn0194213	Dsim\GD22819	GD22819			unmatched
FBgn0194214	Dsim\GD22820	GD22820			unmatched
FBgn0194215	Dsim\GD22821	GD22821			unmatched
FBgn0194216	Dsim\GD22822	GD22822			unmatched
FBgn0194218	Dsim\GD22824	GD22824			unmatched
FBgn0194219	Dsim\GD22825	GD22825			unmatched
FBgn0194221	Dsim\GD22827	GD22827			unmatched
FBgn0194222	Dsim\GD22828	GD22828			unmatched
FBgn0194223	Dsim\GD22829	GD22829			unmatched
FBgn0194225	Dsim\GD22831	GD22831			unmatched
FBgn0194228	Dsim\GD22834	GD22834			unmatched
FBgn0194229	Dsim\GD22835	GD22835			unmatched
FBgn0194230	Dsim\GD22836	GD22836			unmatched
FBgn0194232	Dsim\GD22838	GD22838			unmatched
FBgn0194233	Dsim\GD22839	GD22839			unmatched
FBgn0194234	Dsim\GD22840	GD22840			unmatched
FBgn0194235	Dsim\GD22841	GD22841			unmatched
FBgn0194236	Dsim\GD22842	GD22842			unmatched
FBgn0194237	Dsim\GD22843	GD22843			unmatched
FBgn0194238	Dsim\GD22844	GD22844			unmatched
FBgn0194239	Dsim\GD22845	GD22845			unmatched
FBgn0194241	Dsim\GD22847	GD22847			unmatched
FBgn0194242	Dsim\GD22848	GD22848			unmatched
FBgn0194243	Dsim\GD22849	GD22849			unmatched
FBgn0194244	Dsim\GD22850	GD22850			unmatched
FBgn0194245	Dsim\GD22851	GD22851			unmatched
FBgn0194246	Dsim\GD22852	GD22852			unmatched
FBgn0194247	Dsim\GD22853	GD22853			unmatched
FBgn0194248	Dsim\GD22854	GD22854			unmatched
FBgn0194249	Dsim\GD22855	GD22855			unmatched
FBgn0194250	Dsim\GD22856	GD22856			unmatched
FBgn0194251	Dsim\GD22857	GD22857			unmatched
FBgn0194254	Dsim\GD22860	GD22860			unmatched
FBgn0194255	Dsim\GD22861	GD22861			unmatched
FBgn0194256	Dsim\GD22862	GD22862			unmatched
FBgn0194257	Dsim\GD22863	GD22863			unmatched
FBgn0194258	Dsim\GD22864	GD22864			unmatched
FBgn0194259	Dsim\GD22865	GD22865			unmatched
FBgn0194260	Dsim\GD22866	GD22866			unmatched
FBgn0194261	Dsim\GD22867	GD22867			unmatched
FBgn0194262	Dsim\GD22868	GD22868			unmatched
FBgn0194263	Dsim\GD22869	GD22869			unmatched
FBgn0194264	Dsim\GD22870	GD22870			unmatched
FBgn0194265	Dsim\GD22871	GD22871			unmatched
FBgn0194266	Dsim\GD22872	GD22872			unmatched
FBgn0194267	Dsim\GD22873	GD22873			unmatched
FBgn0194269	Dsim\GD22875	GD22875			unmatched
FBgn0194270	Dsim\GD22876	GD22876			unmatched
FBgn0194271	Dsim\GD22877	GD22877			unmatched
FBgn0194272	Dsim\GD22878	GD22878			unmatched
FBgn0194273	Dsim\GD22879	GD22879			unmatched
FBgn0194274	Dsim\GD22880	GD22880			unmatched
FBgn0194275	Dsim\GD22881	GD22881			unmatched
FBgn0194276	Dsim\GD22882	GD22882			unmatched
FBgn0194277	Dsim\GD22883	GD22883			unmatched
FBgn0194278	Dsim\GD22884	GD22884			unmatched
FBgn0194279	Dsim\GD22885	GD22885			unmatched
FBgn0194281	Dsim\GD22887	GD22887			unmatched
FBgn0194283	Dsim\GD22889	GD22889			unmatched
FBgn0194284	Dsim\GD22890	GD22890			unmatched
FBgn0194286	Dsim\GD22892	GD22892			unmatched
FBgn0194287	Dsim\GD22893	GD22893			unmatched
FBgn0194288	Dsim\GD22894	GD22894			unmatched
FBgn0194289	Dsim\GD22895	GD22895			unmatched
FBgn0194290	Dsim\GD22896	GD22896			unmatched
FBgn0194291	Dsim\GD22897	GD22897			unmatched
FBgn0194292	Dsim\GD22898	GD22898			unmatched
FBgn0194293	Dsim\GD22899	GD22899			unmatched
FBgn0194294	Dsim\GD22900	GD22900			unmatched
FBgn0194295	Dsim\GD22901	GD22901			unmatched
FBgn0194297	Dsim\GD22903	GD22903			unmatched
FBgn0194298	Dsim\GD22904	GD22904			unmatched
FBgn0194299	Dsim\GD22905	GD22905			unmatched
FBgn0194300	Dsim\GD22906	GD22906			unmatched
FBgn0194301	Dsim\GD22907	GD22907			unmatched
FBgn0194302	Dsim\GD22908	GD22908			unmatched
FBgn0194303	Dsim\GD22909	GD22909			unmatched
FBgn0194304	Dsim\GD22910	GD22910			unmatched
FBgn0194305	Dsim\GD22911	GD22911			unmatched
FBgn0194306	Dsim\GD22912	GD22912			unmatched
FBgn0194307	Dsim\GD22913	GD22913			unmatched
FBgn0194308	Dsim\GD22914	GD22914			unmatched
FBgn0194309	Dsim\GD22915	GD22915			unmatched
FBgn0194310	Dsim\GD22916	GD22916			unmatched
FBgn0194312	Dsim\GD22918	GD22918			unmatched
FBgn0194314	Dsim\GD22920	GD22920			unmatched
FBgn0194315	Dsim\GD22921	GD22921			unmatched
FBgn0194316	Dsim\GD22922	GD22922			unmatched
FBgn0194317	Dsim\GD22923	GD22923			unmatched
FBgn0194318	Dsim\GD22924	GD22924			unmatched
FBgn0194319	Dsim\GD22925	GD22925			unmatched
FBgn0194320	Dsim\GD22926	GD22926			unmatched
FBgn0194321	Dsim\GD22927	GD22927			unmatched
FBgn0194322	Dsim\GD22928	GD22928			unmatched
FBgn0194323	Dsim\GD22929	GD22929			unmatched
FBgn0194324	Dsim\GD22930	GD22930			unmatched
FBgn0194325	Dsim\GD22931	GD22931			unmatched
FBgn0194327	Dsim\GD22933	GD22933			unmatched
FBgn0194328	Dsim\GD22934	GD22934			unmatched
FBgn0194329	Dsim\GD22935	GD22935			unmatched
FBgn0194330	Dsim\GD22936	GD22936			unmatched
FBgn0194331	Dsim\GD22937	GD22937			unmatched
FBgn0194332	Dsim\GD22938	GD22938			unmatched
FBgn0194333	Dsim\GD22939	GD22939			unmatched
FBgn0194334	Dsim\GD22940	GD22940			unmatched
FBgn0194335	Dsim\GD22941	GD22941			unmatched
FBgn0194336	Dsim\GD22942	GD22942			unmatched
FBgn0194337	Dsim\GD22943	GD22943			unmatched
FBgn0194338	Dsim\GD22944	GD22944			unmatched
FBgn0194339	Dsim\GD22945	GD22945			unmatched
FBgn0194341	Dsim\GD22947	GD22947			unmatched
FBgn0194342	Dsim\GD22948	GD22948			unmatched
FBgn0194343	Dsim\GD22949	GD22949			unmatched
FBgn0194344	Dsim\GD22950	GD22950			unmatched
FBgn0194345	Dsim\GD22951	GD22951			unmatched
FBgn0194346	Dsim\GD22952	GD22952			unmatched
FBgn0194347	Dsim\GD22953	GD22953			unmatched
FBgn0194348	Dsim\cbt	cbt	FBgn0043364	cbt	matched
FBgn0194349	Dsim\GD22955	GD22955			unmatched
FBgn0194351	Dsim\GD22958	GD22958			unmatched
FBgn0194352	Dsim\GD22959	GD22959			unmatched
FBgn0194353	Dsim\GD22960	GD22960			unmatched
FBgn0194354	Dsim\GD22961	GD22961			unmatched
FBgn0194355	Dsim\GD22962	GD22962			unmatched
FBgn0194356	Dsim\GD22963	GD22963			unmatched
FBgn0194357	Dsim\GD22964	GD22964			unmatched
FBgn0194358	Dsim\GD22965	GD22965			unmatched
FBgn0194359	Dsim\GD22966	GD22966			unmatched
FBgn0194360	Dsim\GD22967	GD22967			unmatched
FBgn0194362	Dsim\GD22969	GD22969			unmatched
FBgn0194363	Dsim\GD22970	GD22970			unmatched
FBgn0194364	Dsim\GD22971	GD22971			unmatched
FBgn0194365	Dsim\GD22972	GD22972			unmatched
FBgn0194366	Dsim\GD22973	GD22973			unmatched
FBgn0194367	Dsim\GD22975	GD22975			unmatched
FBgn0194368	Dsim\GD22976	GD22976			unmatched
FBgn0194370	Dsim\GD22978	GD22978			unmatched
FBgn0194371	Dsim\GD22979	GD22979			unmatched
FBgn0194372	Dsim\GD22980	GD22980			unmatched
FBgn0194373	Dsim\GD22981	GD22981			unmatched
FBgn0194376	Dsim\GD22984	GD22984			unmatched
FBgn0194377	Dsim\GD22985	GD22985			unmatched
FBgn0194378	Dsim\GD22986	GD22986			unmatched
FBgn0194379	Dsim\GD22987	GD22987			unmatched
FBgn0194380	Dsim\GD22988	GD22988			unmatched
FBgn0194381	Dsim\GD22989	GD22989			unmatched
FBgn0194382	Dsim\GD22990	GD22990			unmatched
FBgn0194383	Dsim\GD22991	GD22991			unmatched
FBgn0194385	Dsim\GD22993	GD22993			unmatched
FBgn0194386	Dsim\GD22994	GD22994			unmatched
FBgn0194387	Dsim\GD22995	GD22995			unmatched
FBgn0194388	Dsim\GD22996	GD22996			unmatched
FBgn0194389	Dsim\GD22997	GD22997			unmatched
FBgn0194390	Dsim\GD22998	GD22998			unmatched
FBgn0194391	Dsim\GD22999	GD22999			unmatched
FBgn0194392	Dsim\GD23000	GD23000			unmatched
FBgn0194393	Dsim\GD23001	GD23001			unmatched
FBgn0194394	Dsim\GD23002	GD23002			unmatched
FBgn0194395	Dsim\GD23003	GD23003			unmatched
FBgn0194396	Dsim\GD23004	GD23004			unmatched
FBgn0194397	Dsim\GD23005	GD23005			unmatched
FBgn0194399	Dsim\GD23007	GD23007			unmatched
FBgn0194400	Dsim\GD23008	GD23008			unmatched
FBgn0194401	Dsim\GD23009	GD23009			unmatched
FBgn0194402	Dsim\GD23010	GD23010			unmatched
FBgn0194403	Dsim\GD23011	GD23011			unmatched
FBgn0194404	Dsim\GD23012	GD23012			unmatched
FBgn0194405	Dsim\GD23013	GD23013			unmatched
FBgn0194406	Dsim\GD23014	GD23014			unmatched
FBgn0194407	Dsim\GD23016	GD23016			unmatched
FBgn0194408	Dsim\GD23017	GD23017			unmatched
FBgn0194411	Dsim\GD23020	GD23020			unmatched
FBgn0194412	Dsim\GD23021	GD23021			unmatched
FBgn0194413	Dsim\GD23022	GD23022			unmatched
FBgn0194414	Dsim\GD23023	GD23023			unmatched
FBgn0194415	Dsim\GD23024	GD23024			unmatched
FBgn0194416	Dsim\GD23025	GD23025			unmatched
FBgn0194417	Dsim\GD23026	GD23026			unmatched
FBgn0194418	Dsim\GD23027	GD23027			unmatched
FBgn0194419	Dsim\GD23028	GD23028			unmatched
FBgn0194420	Dsim\GD23029	GD23029			unmatched
FBgn0194421	Dsim\GD23030	GD23030			unmatched
FBgn0194422	Dsim\GD23031	GD23031			unmatched
FBgn0194423	Dsim\GD23032	GD23032			unmatched
FBgn0194424	Dsim\GD23033	GD23033			unmatched
FBgn0194426	Dsim\GD23035	GD23035			unmatched
FBgn0194427	Dsim\GD23036	GD23036			unmatched
FBgn0194428	Dsim\GD23037	GD23037			unmatched
FBgn0194430	Dsim\GD23039	GD23039			unmatched
FBgn0194431	Dsim\GD23040	GD23040			unmatched
FBgn0194432	Dsim\GD23041	GD23041			unmatched
FBgn0194433	Dsim\GD23042	GD23042			unmatched
FBgn0194434	Dsim\GD23043	GD23043			unmatched
FBgn0194435	Dsim\GD23044	GD23044			unmatched
FBgn0194436	Dsim\GD23045	GD23045			unmatched
FBgn0194437	Dsim\GD23046	GD23046			unmatched
FBgn0194438	Dsim\GD23047	GD23047			unmatched
FBgn0194440	Dsim\GD23049	GD23049			unmatched
FBgn0194441	Dsim\GD23050	GD23050			unmatched
FBgn0194442	Dsim\GD23051	GD23051			unmatched
FBgn0194443	Dsim\GD23052	GD23052			unmatched
FBgn0194444	Dsim\GD23053	GD23053			unmatched
FBgn0194447	Dsim\GD23056	GD23056			unmatched
FBgn0194448	Dsim\GD23057	GD23057			unmatched
FBgn0194450	Dsim\GD23059	GD23059			unmatched
FBgn0194451	Dsim\GD23060	GD23060			unmatched
FBgn0194452	Dsim\GD23061	GD23061			unmatched
FBgn0194454	Dsim\GD23063	GD23063			unmatched
FBgn0194455	Dsim\GD23064	GD23064			unmatched
FBgn0194456	Dsim\GD23065	GD23065			unmatched
FBgn0194457	Dsim\GD23066	GD23066			unmatched
FBgn0194458	Dsim\GD23067	GD23067			unmatched
FBgn0194459	Dsim\GD23068	GD23068			unmatched
FBgn0194460	Dsim\GD23069	GD23069			unmatched
FBgn0194461	Dsim\GD23070	GD23070			unmatched
FBgn0194462	Dsim\GD23071	GD23071			unmatched
FBgn0194464	Dsim\GD23073	GD23073			unmatched
FBgn0194465	Dsim\GD23075	GD23075			unmatched
FBgn0194466	Dsim\GD23076	GD23076			unmatched
FBgn0194467	Dsim\GD23077	GD23077			unmatched
FBgn0194468	Dsim\GD23078	GD23078			unmatched
FBgn0194469	Dsim\GD23079	GD23079			unmatched
FBgn0194470	Dsim\GD23080	GD23080			unmatched
FBgn0194472	Dsim\GD23082	GD23082			unmatched
FBgn0194473	Dsim\GD23083	GD23083			unmatched
FBgn0194476	Dsim\GD23086	GD23086			unmatched
FBgn0194477	Dsim\GD23087	GD23087			unmatched
FBgn0194478	Dsim\GD23088	GD23088			unmatched
FBgn0194479	Dsim\GD23089	GD23089			unmatched
FBgn0194481	Dsim\GD23091	GD23091			unmatched
FBgn0194482	Dsim\GD23092	GD23092			unmatched
FBgn0194484	Dsim\GD23094	GD23094			unmatched
FBgn0194485	Dsim\GD23095	GD23095			unmatched
FBgn0194486	Dsim\GD23096	GD23096			unmatched
FBgn0194487	Dsim\GD23097	GD23097			unmatched
FBgn0194488	Dsim\GD23098	GD23098			unmatched
FBgn0194489	Dsim\GD23099	GD23099			unmatched
FBgn0194490	Dsim\GD23100	GD23100			unmatched
FBgn0194491	Dsim\GD23101	GD23101			unmatched
FBgn0194492	Dsim\GD23102	GD23102			unmatched
FBgn0194493	Dsim\GD23103	GD23103			unmatched
FBgn0194494	Dsim\GD23104	GD23104			unmatched
FBgn0194495	Dsim\GD23105	GD23105			unmatched
FBgn0194496	Dsim\chinmo	chinmo	FBgn0086758	chinmo	matched
FBgn0194497	Dsim\GD23107	GD23107			unmatched
FBgn0194498	Dsim\GD23108	GD23108			unmatched
FBgn0194500	Dsim\GD23110	GD23110			unmatched
FBgn0194501	Dsim\GD23111	GD23111			unmatched
FBgn0194502	Dsim\GD23112	GD23112			unmatched
FBgn0194503	Dsim\GD23113	GD23113			unmatched
FBgn0194505	Dsim\GD23115	GD23115			unmatched
FBgn0194506	Dsim\GD23116	GD23116			unmatched
FBgn0194507	Dsim\GD23117	GD23117			unmatched
FBgn0194508	Dsim\GD23118	GD23118			unmatched
FBgn0194509	Dsim\GD23119	GD23119			unmatched
FBgn0194510	Dsim\GD23120	GD23120			unmatched
FBgn0194511	Dsim\GD23121	GD23121			unmatched
FBgn0194513	Dsim\GD23123	GD23123			unmatched
FBgn0194514	Dsim\GD23124	GD23124			unmatched
FBgn0194515	Dsim\GD23125	GD23125			unmatched
FBgn0194517	Dsim\GD23127	GD23127			unmatched
FBgn0194518	Dsim\GD23128	GD23128			unmatched
FBgn0194519	Dsim\GD23129	GD23129			unmatched
FBgn0194520	Dsim\GD23130	GD23130			unmatched
FBgn0194521	Dsim\GD23131	GD23131			unmatched
FBgn0194522	Dsim\GD23132	GD23132			unmatched
FBgn0194523	Dsim\GD23133	GD23133			unmatched
FBgn0194524	Dsim\GD23134	GD23134			unmatched
FBgn0194525	Dsim\GD23135	GD23135			unmatched
FBgn0194526	Dsim\GD23136	GD23136			unmatched
FBgn0194527	Dsim\GD23137	GD23137			unmatched
FBgn0194528	Dsim\GD23138	GD23138			unmatched
FBgn0194529	Dsim\GD23139	GD23139			unmatched
FBgn0194530	Dsim\GD23140	GD23140			unmatched
FBgn0194531	Dsim\GD23141	GD23141			unmatched
FBgn0194532	Dsim\GD23142	GD23142			unmatched
FBgn0194533	Dsim\GD23143	GD23143			unmatched
FBgn0194534	Dsim\GD23144	GD23144			unmatched
FBgn0194535	Dsim\GD23145	GD23145			unmatched
FBgn0194536	Dsim\GD23146	GD23146			unmatched
FBgn0194537	Dsim\GD23147	GD23147			unmatched
FBgn0194538	Dsim\GD23148	GD23148			unmatched
FBgn0194539	Dsim\GD23149	GD23149			unmatched
FBgn0194540	Dsim\GD23150	GD23150			unmatched
FBgn0194541	Dsim\GD23151	GD23151			unmatched
FBgn0194542	Dsim\GD23152	GD23152			unmatched
FBgn0194543	Dsim\GD23153	GD23153			unmatched
FBgn0194544	Dsim\GD23154	GD23154			unmatched
FBgn0194545	Dsim\GD23155	GD23155			unmatched
FBgn0194548	Dsim\GD23159	GD23159			unmatched
FBgn0194550	Dsim\GD23161	GD23161			unmatched
FBgn0194551	Dsim\GD23162	GD23162			unmatched
FBgn0194552	Dsim\GD23163	GD23163			unmatched
FBgn0194553	Dsim\GD23164	GD23164			unmatched
FBgn0194555	Dsim\GD23166	GD23166			unmatched
FBgn0194556	Dsim\GD23167	GD23167			unmatched
FBgn0194557	Dsim\GD23168	GD23168			unmatched
FBgn0194558	Dsim\GD23169	GD23169			unmatched
FBgn0194559	Dsim\GD23170	GD23170			unmatched
FBgn0194560	Dsim\GD23171	GD23171			unmatched
FBgn0194561	Dsim\GD23172	GD23172			unmatched
FBgn0194563	Dsim\GD23174	GD23174			unmatched
FBgn0194564	Dsim\GD23175	GD23175			unmatched
FBgn0194565	Dsim\GD23176	GD23176			unmatched
FBgn0194566	Dsim\GD23177	GD23177			unmatched
FBgn0194567	Dsim\GD23178	GD23178			unmatched
FBgn0194569	Dsim\GD23180	GD23180			unmatched
FBgn0194570	Dsim\GD23181	GD23181			unmatched
FBgn0194571	Dsim\GD23182	GD23182			unmatched
FBgn0194572	Dsim\GD23183	GD23183			unmatched
FBgn0194573	Dsim\GD23184	GD23184			unmatched
FBgn0194574	Dsim\GD23185	GD23185			unmatched
FBgn0194575	Dsim\GD23186	GD23186			unmatched
FBgn0194576	Dsim\GD23187	GD23187			unmatched
FBgn0194577	Dsim\GD23188	GD23188			unmatched
FBgn0194578	Dsim\GD23189	GD23189			unmatched
FBgn0194579	Dsim\GD23190	GD23190			unmatched
FBgn0194580	Dsim\GD23191	GD23191			unmatched
FBgn0194581	Dsim\GD23192	GD23192			unmatched
FBgn0194582	Dsim\GD23193	GD23193			unmatched
FBgn0194583	Dsim\GD23194	GD23194			unmatched
FBgn0194584	Dsim\GD23195	GD23195			unmatched
FBgn0194585	Dsim\GD23196	GD23196			unmatched
FBgn0194586	Dsim\GD23197	GD23197			unmatched
FBgn0194587	Dsim\GD23198	GD23198			unmatched
FBgn0194588	Dsim\GD23199	GD23199			unmatched
FBgn0194589	Dsim\GD23200	GD23200			unmatched
FBgn0194590	Dsim\GD23201	GD23201			unmatched
FBgn0194591	Dsim\GD23202	GD23202			unmatched
FBgn0194592	Dsim\GD23203	GD23203			unmatched
FBgn0194593	Dsim\GD23204	GD23204			unmatched
FBgn0194595	Dsim\GD23206	GD23206			unmatched
FBgn0194596	Dsim\GD23207	GD23207			unmatched
FBgn0194597	Dsim\GD23208	GD23208			unmatched
FBgn0194598	Dsim\GD23209	GD23209			unmatched
FBgn0194600	Dsim\GD23211	GD23211			unmatched
FBgn0194601	Dsim\GD23212	GD23212			unmatched
FBgn0194602	Dsim\GD23213	GD23213			unmatched
FBgn0194603	Dsim\GD23214	GD23214			unmatched
FBgn0194605	Dsim\GD23216	GD23216			unmatched
FBgn0194606	Dsim\GD23217	GD23217			unmatched
FBgn0194607	Dsim\GD23218	GD23218			unmatched
FBgn0194608	Dsim\GD23219	GD23219			unmatched
FBgn0194609	Dsim\GD23220	GD23220			unmatched
FBgn0194610	Dsim\GD23221	GD23221			unmatched
FBgn0194611	Dsim\GD23222	GD23222			unmatched
FBgn0194613	Dsim\GD23224	GD23224			unmatched
FBgn0194614	Dsim\GD23225	GD23225			unmatched
FBgn0194615	Dsim\GD23226	GD23226			unmatched
FBgn0194616	Dsim\GD23227	GD23227			unmatched
FBgn0194617	Dsim\GD23228	GD23228			unmatched
FBgn0194619	Dsim\GD23230	GD23230			unmatched
FBgn0194621	Dsim\GD23232	GD23232			unmatched
FBgn0194622	Dsim\GD23233	GD23233			unmatched
FBgn0194623	Dsim\GD23234	GD23234			unmatched
FBgn0194624	Dsim\GD23235	GD23235			unmatched
FBgn0194625	Dsim\GD23236	GD23236			unmatched
FBgn0194626	Dsim\GD23238	GD23238			unmatched
FBgn0194627	Dsim\GD23239	GD23239			unmatched
FBgn0194628	Dsim\GD23240	GD23240			unmatched
FBgn0194629	Dsim\GD23241	GD23241			unmatched
FBgn0194630	Dsim\GD23242	GD23242			unmatched
FBgn0194633	Dsim\GD23245	GD23245			unmatched
FBgn0194634	Dsim\GD23246	GD23246			unmatched
FBgn0194635	Dsim\GD23247	GD23247			unmatched
FBgn0194636	Dsim\GD23248	GD23248			unmatched
FBgn0194637	Dsim\GD23249	GD23249			unmatched
FBgn0194638	Dsim\GD23250	GD23250			unmatched
FBgn0194639	Dsim\GD23251	GD23251			unmatched
FBgn0194641	Dsim\GD23253	GD23253			unmatched
FBgn0194642	Dsim\GD23254	GD23254			unmatched
FBgn0194643	Dsim\GD23255	GD23255			unmatched
FBgn0194644	Dsim\GD23256	GD23256			unmatched
FBgn0194645	Dsim\GD23257	GD23257			unmatched
FBgn0194646	Dsim\GD23258	GD23258			unmatched
FBgn0194648	Dsim\GD23260	GD23260			unmatched
FBgn0194649	Dsim\GD23261	GD23261			unmatched
FBgn0194650	Dsim\GD23262	GD23262			unmatched
FBgn0194653	Dsim\GD23265	GD23265			unmatched
FBgn0194654	Dsim\GD23266	GD23266			unmatched
FBgn0194655	Dsim\GD23267	GD23267			unmatched
FBgn0194656	Dsim\GD23268	GD23268			unmatched
FBgn0194658	Dsim\GD23272	GD23272			unmatched
FBgn0194659	Dsim\GD23273	GD23273			unmatched
FBgn0194660	Dsim\GD23274	GD23274			unmatched
FBgn0194662	Dsim\GD23276	GD23276			unmatched
FBgn0194663	Dsim\GD23277	GD23277			unmatched
FBgn0194664	Dsim\GD23278	GD23278			unmatched
FBgn0194665	Dsim\GD23279	GD23279			unmatched
FBgn0194668	Dsim\GD23282	GD23282			unmatched
FBgn0194669	Dsim\GD23283	GD23283			unmatched
FBgn0194670	Dsim\GD23284	GD23284			unmatched
FBgn0194671	Dsim\GD23285	GD23285			unmatched
FBgn0194672	Dsim\GD23286	GD23286			unmatched
FBgn0194673	Dsim\GD23287	GD23287			unmatched
FBgn0194674	Dsim\GD23288	GD23288			unmatched
FBgn0194675	Dsim\GD23289	GD23289			unmatched
FBgn0194676	Dsim\GD23290	GD23290			unmatched
FBgn0194677	Dsim\GD23291	GD23291			unmatched
FBgn0194678	Dsim\GD23292	GD23292			unmatched
FBgn0194679	Dsim\GD23293	GD23293			unmatched
FBgn0194680	Dsim\GD23294	GD23294			unmatched
FBgn0194681	Dsim\GD23295	GD23295			unmatched
FBgn0194683	Dsim\GD23297	GD23297			unmatched
FBgn0194684	Dsim\GD23298	GD23298			unmatched
FBgn0194685	Dsim\GD23299	GD23299			unmatched
FBgn0194686	Dsim\GD23300	GD23300			unmatched
FBgn0194687	Dsim\GD23301	GD23301			unmatched
FBgn0194688	Dsim\GD23302	GD23302			unmatched
FBgn0194689	Dsim\GD23303	GD23303			unmatched
FBgn0194691	Dsim\GD23305	GD23305			unmatched
FBgn0194692	Dsim\GD23306	GD23306			unmatched
FBgn0194693	Dsim\GD23307	GD23307			unmatched
FBgn0194694	Dsim\GD23308	GD23308			unmatched
FBgn0194695	Dsim\GD23309	GD23309			unmatched
FBgn0194696	Dsim\GD23310	GD23310			unmatched
FBgn0194697	Dsim\GD23311	GD23311			unmatched
FBgn0194698	Dsim\GD23312	GD23312			unmatched
FBgn0194699	Dsim\GD23313	GD23313			unmatched
FBgn0194700	Dsim\GD23314	GD23314			unmatched
FBgn0194701	Dsim\GD23315	GD23315			unmatched
FBgn0194703	Dsim\GD23317	GD23317			unmatched
FBgn0194704	Dsim\GD23318	GD23318			unmatched
FBgn0194705	Dsim\GD23319	GD23319			unmatched
FBgn0194707	Dsim\GD23321	GD23321			unmatched
FBgn0194708	Dsim\GD23322	GD23322			unmatched
FBgn0194712	Dsim\GD23326	GD23326			unmatched
FBgn0194714	Dsim\GD23328	GD23328			unmatched
FBgn0194715	Dsim\GD23329	GD23329			unmatched
FBgn0194717	Dsim\GD23331	GD23331			unmatched
FBgn0194718	Dsim\GD23332	GD23332			unmatched
FBgn0194719	Dsim\GD23333	GD23333			unmatched
FBgn0194720	Dsim\GD23334	GD23334			unmatched
FBgn0194721	Dsim\GD23335	GD23335			unmatched
FBgn0194722	Dsim\GD23336	GD23336			unmatched
FBgn0194726	Dsim\GD23340	GD23340			unmatched
FBgn0194727	Dsim\GD23341	GD23341			unmatched
FBgn0194728	Dsim\GD23342	GD23342			unmatched
FBgn0194730	Dsim\GD23344	GD23344			unmatched
FBgn0194731	Dsim\GD23345	GD23345			unmatched
FBgn0194733	Dsim\GD23347	GD23347			unmatched
FBgn0194734	Dsim\GD23348	GD23348			unmatched
FBgn0194735	Dsim\GD23349	GD23349			unmatched
FBgn0194736	Dsim\GD23350	GD23350			unmatched
FBgn0194737	Dsim\GD23351	GD23351			unmatched
FBgn0194738	Dsim\GD23352	GD23352			unmatched
FBgn0194739	Dsim\GD23353	GD23353			unmatched
FBgn0194740	Dsim\GD23354	GD23354			unmatched
FBgn0194741	Dsim\GD23355	GD23355			unmatched
FBgn0194742	Dsim\GD23356	GD23356			unmatched
FBgn0194743	Dsim\GD23357	GD23357			unmatched
FBgn0194744	Dsim\GD23358	GD23358			unmatched
FBgn0194745	Dsim\GD23359	GD23359			unmatched
FBgn0194746	Dsim\GD23360	GD23360			unmatched
FBgn0194747	Dsim\GD23361	GD23361			unmatched
FBgn0194748	Dsim\GD23362	GD23362			unmatched
FBgn0194749	Dsim\GD23363	GD23363			unmatched
FBgn0194750	Dsim\GD23364	GD23364			unmatched
FBgn0194752	Dsim\GD23366	GD23366			unmatched
FBgn0194753	Dsim\GD23367	GD23367			unmatched
FBgn0194754	Dsim\GD23368	GD23368			unmatched
FBgn0194755	Dsim\GD23369	GD23369			unmatched
FBgn0194756	Dsim\GD23371	GD23371			unmatched
FBgn0194757	Dsim\GD23372	GD23372			unmatched
FBgn0194758	Dsim\GD23373	GD23373			unmatched
FBgn0194759	Dsim\GD23374	GD23374			unmatched
FBgn0194760	Dsim\GD23375	GD23375			unmatched
FBgn0194761	Dsim\GD23376	GD23376			unmatched
FBgn0194762	Dsim\GD23377	GD23377			unmatched
FBgn0194763	Dsim\GD23378	GD23378			unmatched
FBgn0194764	Dsim\GD23379	GD23379			unmatched
FBgn0194765	Dsim\GD23380	GD23380			unmatched
FBgn0194766	Dsim\GD23381	GD23381			unmatched
FBgn0194767	Dsim\GD23382	GD23382			unmatched
FBgn0194768	Dsim\GD23383	GD23383			unmatched
FBgn0194769	Dsim\GD23384	GD23384			unmatched
FBgn0194770	Dsim\GD23385	GD23385			unmatched
FBgn0194772	Dsim\GD23387	GD23387			unmatched
FBgn0194774	Dsim\GD23389	GD23389			unmatched
FBgn0194775	Dsim\GD23390	GD23390			unmatched
FBgn0194777	Dsim\GD23392	GD23392			unmatched
FBgn0194778	Dsim\GD23393	GD23393			unmatched
FBgn0194780	Dsim\GD23395	GD23395			unmatched
FBgn0194781	Dsim\GD23396	GD23396			unmatched
FBgn0194782	Dsim\GD23397	GD23397			unmatched
FBgn0194783	Dsim\GD23398	GD23398			unmatched
FBgn0194784	Dsim\GD23399	GD23399			unmatched
FBgn0194787	Dsim\GD23402	GD23402			unmatched
FBgn0194788	Dsim\GD23403	GD23403			unmatched
FBgn0194789	Dsim\GD23404	GD23404			unmatched
FBgn0194790	Dsim\GD23405	GD23405			unmatched
FBgn0194791	Dsim\GD23406	GD23406			unmatched
FBgn0194792	Dsim\GD23407	GD23407			unmatched
FBgn0194793	Dsim\GD23408	GD23408			unmatched
FBgn0194794	Dsim\GD23409	GD23409			unmatched
FBgn0194795	Dsim\GD23410	GD23410			unmatched
FBgn0194796	Dsim\GD23411	GD23411			unmatched
FBgn0194797	Dsim\GD23412	GD23412			unmatched
FBgn0194798	Dsim\GD23413	GD23413			unmatched
FBgn0194800	Dsim\GD23415	GD23415			unmatched
FBgn0194801	Dsim\GD23416	GD23416			unmatched
FBgn0194803	Dsim\GD23420	GD23420			unmatched
FBgn0194804	Dsim\GD23421	GD23421			unmatched
FBgn0194805	Dsim\GD23422	GD23422			unmatched
FBgn0194806	Dsim\GD23423	GD23423			unmatched
FBgn0194807	Dsim\GD23424	GD23424			unmatched
FBgn0194809	Dsim\GD23426	GD23426			unmatched
FBgn0194810	Dsim\GD23427	GD23427			unmatched
FBgn0194811	Dsim\GD23428	GD23428			unmatched
FBgn0194812	Dsim\GD23429	GD23429			unmatched
FBgn0194813	Dsim\GD23430	GD23430			unmatched
FBgn0194814	Dsim\GD23431	GD23431			unmatched
FBgn0194815	Dsim\GD23432	GD23432			unmatched
FBgn0194816	Dsim\GD23433	GD23433			unmatched
FBgn0194817	Dsim\GD23434	GD23434			unmatched
FBgn0194818	Dsim\GD23435	GD23435			unmatched
FBgn0194820	Dsim\GD23437	GD23437			unmatched
FBgn0194821	Dsim\GD23438	GD23438			unmatched
FBgn0194822	Dsim\GD23440	GD23440			unmatched
FBgn0194823	Dsim\GD23441	GD23441			unmatched
FBgn0194824	Dsim\GD23442	GD23442			unmatched
FBgn0194825	Dsim\GD23443	GD23443			unmatched
FBgn0194826	Dsim\GD23444	GD23444			unmatched
FBgn0194827	Dsim\GD23445	GD23445			unmatched
FBgn0194828	Dsim\GD23446	GD23446			unmatched
FBgn0194829	Dsim\GD23447	GD23447			unmatched
FBgn0194830	Dsim\GD23448	GD23448			unmatched
FBgn0194833	Dsim\GD23451	GD23451			unmatched
FBgn0194834	Dsim\GD23452	GD23452			unmatched
FBgn0194836	Dsim\GD23454	GD23454			unmatched
FBgn0194837	Dsim\GD23455	GD23455			unmatched
FBgn0194842	Dsim\GD23462	GD23462			unmatched
FBgn0194845	Dsim\GD23465	GD23465			unmatched
FBgn0194846	Dsim\GD23466	GD23466			unmatched
FBgn0194847	Dsim\GD23467	GD23467			unmatched
FBgn0194848	Dsim\GD23468	GD23468			unmatched
FBgn0194849	Dsim\GD23469	GD23469			unmatched
FBgn0194850	Dsim\GD23470	GD23470			unmatched
FBgn0194851	Dsim\GD23471	GD23471			unmatched
FBgn0194852	Dsim\GD23472	GD23472			unmatched
FBgn0194853	Dsim\GD23473	GD23473			unmatched
FBgn0194854	Dsim\GD23474	GD23474			unmatched
FBgn0194855	Dsim\GD23475	GD23475			unmatched
FBgn0194856	Dsim\GD23476	GD23476			unmatched
FBgn0194857	Dsim\GD23477	GD23477			unmatched
FBgn0194859	Dsim\GD23479	GD23479			unmatched
FBgn0194862	Dsim\GD23482	GD23482			unmatched
FBgn0194863	Dsim\GD23483	GD23483			unmatched
FBgn0194864	Dsim\GD23484	GD23484			unmatched
FBgn0194865	Dsim\GD23485	GD23485			unmatched
FBgn0194866	Dsim\GD23486	GD23486			unmatched
FBgn0194867	Dsim\GD23487	GD23487			unmatched
FBgn0194868	Dsim\GD23488	GD23488			unmatched
FBgn0194869	Dsim\GD23490	GD23490			unmatched
FBgn0194870	Dsim\GD23491	GD23491			unmatched
FBgn0194871	Dsim\GD23492	GD23492			unmatched
FBgn0194872	Dsim\GD23493	GD23493			unmatched
FBgn0194873	Dsim\GD23494	GD23494			unmatched
FBgn0194874	Dsim\GD23495	GD23495			unmatched
FBgn0194875	Dsim\GD23496	GD23496			unmatched
FBgn0194876	Dsim\GD23497	GD23497			unmatched
FBgn0194877	Dsim\GD23498	GD23498			unmatched
FBgn0194878	Dsim\GD23499	GD23499			unmatched
FBgn0194879	Dsim\GD23500	GD23500			unmatched
FBgn0194880	Dsim\GD23501	GD23501			unmatched
FBgn0194881	Dsim\GD23502	GD23502			unmatched
FBgn0194882	Dsim\GD23503	GD23503			unmatched
FBgn0194883	Dsim\GD23504	GD23504			unmatched
FBgn0194884	Dsim\GD23505	GD23505			unmatched
FBgn0194885	Dsim\GD23506	GD23506			unmatched
FBgn0194887	Dsim\GD23508	GD23508			unmatched
FBgn0194888	Dsim\GD23510	GD23510			unmatched
FBgn0194889	Dsim\GD23511	GD23511			unmatched
FBgn0194890	Dsim\GD23512	GD23512			unmatched
FBgn0194891	Dsim\GD23513	GD23513			unmatched
FBgn0194892	Dsim\GD23514	GD23514			unmatched
FBgn0194893	Dsim\GD23515	GD23515			unmatched
FBgn0194894	Dsim\GD23516	GD23516			unmatched
FBgn0194895	Dsim\GD23517	GD23517			unmatched
FBgn0194896	Dsim\GD23518	GD23518			unmatched
FBgn0194897	Dsim\GD23519	GD23519			unmatched
FBgn0194898	Dsim\GD23520	GD23520			unmatched
FBgn0194899	Dsim\GD23521	GD23521			unmatched
FBgn0194900	Dsim\GD23522	GD23522			unmatched
FBgn0194901	Dsim\GD23523	GD23523			unmatched
FBgn0194902	Dsim\GD23524	GD23524			unmatched
FBgn0194903	Dsim\GD23525	GD23525			unmatched
FBgn0194904	Dsim\GD23526	GD23526			unmatched
FBgn0194905	Dsim\GD23527	GD23527			unmatched
FBgn0194906	Dsim\GD23528	GD23528			unmatched
FBgn0194907	Dsim\GD23529	GD23529			unmatched
FBgn0194908	Dsim\GD23530	GD23530			unmatched
FBgn0194909	Dsim\GD23531	GD23531			unmatched
FBgn0194910	Dsim\GD23532	GD23532			unmatched
FBgn0194911	Dsim\GD23533	GD23533			unmatched
FBgn0194912	Dsim\GD23534	GD23534			unmatched
FBgn0194913	Dsim\GD23535	GD23535			unmatched
FBgn0194914	Dsim\GD23536	GD23536			unmatched
FBgn0194915	Dsim\GD23537	GD23537			unmatched
FBgn0194916	Dsim\GD23538	GD23538			unmatched
FBgn0194918	Dsim\GD23540	GD23540			unmatched
FBgn0194919	Dsim\GD23541	GD23541			unmatched
FBgn0194920	Dsim\GD23542	GD23542			unmatched
FBgn0194921	Dsim\GD23543	GD23543			unmatched
FBgn0194922	Dsim\GD23544	GD23544			unmatched
FBgn0194923	Dsim\GD23545	GD23545			unmatched
FBgn0194925	Dsim\GD23547	GD23547			unmatched
FBgn0194926	Dsim\GD23548	GD23548			unmatched
FBgn0194927	Dsim\GD23549	GD23549			unmatched
FBgn0194928	Dsim\GD23550	GD23550			unmatched
FBgn0194929	Dsim\GD23551	GD23551			unmatched
FBgn0194931	Dsim\GD23553	GD23553			unmatched
FBgn0194932	Dsim\GD23554	GD23554			unmatched
FBgn0194933	Dsim\GD23555	GD23555			unmatched
FBgn0194934	Dsim\GD23556	GD23556			unmatched
FBgn0194936	Dsim\GD23558	GD23558			unmatched
FBgn0194937	Dsim\GD23559	GD23559			unmatched
FBgn0194938	Dsim\GD23560	GD23560			unmatched
FBgn0194939	Dsim\GD23561	GD23561			unmatched
FBgn0194941	Dsim\GD23563	GD23563			unmatched
FBgn0194945	Dsim\GD23567	GD23567			unmatched
FBgn0194946	Dsim\GD23568	GD23568			unmatched
FBgn0194947	Dsim\GD23569	GD23569			unmatched
FBgn0194948	Dsim\GD23570	GD23570			unmatched
FBgn0194949	Dsim\GD23571	GD23571			unmatched
FBgn0194950	Dsim\GD23572	GD23572			unmatched
FBgn0194952	Dsim\GD23574	GD23574			unmatched
FBgn0194953	Dsim\GD23575	GD23575			unmatched
FBgn0194954	Dsim\GD23576	GD23576			unmatched
FBgn0194955	Dsim\GD23577	GD23577			unmatched
FBgn0194956	Dsim\GD23578	GD23578			unmatched
FBgn0194957	Dsim\GD23579	GD23579			unmatched
FBgn0194958	Dsim\GD23580	GD23580			unmatched
FBgn0194959	Dsim\GD23581	GD23581			unmatched
FBgn0194960	Dsim\GD23582	GD23582			unmatched
FBgn0194961	Dsim\GD23583	GD23583			unmatched
FBgn0194962	Dsim\GD23584	GD23584			unmatched
FBgn0194963	Dsim\GD23585	GD23585			unmatched
FBgn0194964	Dsim\GD23586	GD23586			unmatched
FBgn0194965	Dsim\GD23587	GD23587			unmatched
FBgn0194968	Dsim\GD23590	GD23590			unmatched
FBgn0194969	Dsim\GD23591	GD23591			unmatched
FBgn0194970	Dsim\GD23592	GD23592			unmatched
FBgn0194972	Dsim\GD23594	GD23594			unmatched
FBgn0194973	Dsim\GD23595	GD23595			unmatched
FBgn0194974	Dsim\GD23596	GD23596			unmatched
FBgn0194975	Dsim\GD23597	GD23597			unmatched
FBgn0194976	Dsim\GD23598	GD23598			unmatched
FBgn0194977	Dsim\GD23599	GD23599			unmatched
FBgn0194978	Dsim\GD23600	GD23600			unmatched
FBgn0194979	Dsim\GD23601	GD23601			unmatched
FBgn0194980	Dsim\GD23603	GD23603			unmatched
FBgn0194982	Dsim\GD23605	GD23605			unmatched
FBgn0194983	Dsim\GD23606	GD23606			unmatched
FBgn0194984	Dsim\GD23607	GD23607			unmatched
FBgn0194985	Dsim\GD23608	GD23608			unmatched
FBgn0194986	Dsim\GD23609	GD23609			unmatched
FBgn0194987	Dsim\GD23610	GD23610			unmatched
FBgn0194988	Dsim\GD23611	GD23611			unmatched
FBgn0194989	Dsim\GD23612	GD23612			unmatched
FBgn0194990	Dsim\GD23613	GD23613			unmatched
FBgn0194991	Dsim\GD23614	GD23614			unmatched
FBgn0194993	Dsim\GD23616	GD23616			unmatched
FBgn0194994	Dsim\GD23617	GD23617			unmatched
FBgn0194995	Dsim\Trx-2	Trx-2			unmatched
FBgn0194996	Dsim\GD23619	GD23619			unmatched
FBgn0194997	Dsim\GD23620	GD23620			unmatched
FBgn0194998	Dsim\GD23621	GD23621			unmatched
FBgn0194999	Dsim\GD23622	GD23622			unmatched
FBgn0195000	Dsim\GD23623	GD23623			unmatched
FBgn0195001	Dsim\GD23624	GD23624			unmatched
FBgn0195002	Dsim\GD23625	GD23625			unmatched
FBgn0195003	Dsim\GD23626	GD23626			unmatched
FBgn0195004	Dsim\GD23627	GD23627			unmatched
FBgn0195005	Dsim\GD23628	GD23628			unmatched
FBgn0195006	Dsim\GD23629	GD23629			unmatched
FBgn0195007	Dsim\GD23630	GD23630			unmatched
FBgn0195008	Dsim\GD23631	GD23631			unmatched
FBgn0195009	Dsim\GD23632	GD23632			unmatched
FBgn0195010	Dsim\GD23633	GD23633			unmatched
FBgn0195011	Dsim\GD23634	GD23634			unmatched
FBgn0195012	Dsim\GD23635	GD23635			unmatched
FBgn0195013	Dsim\GD23636	GD23636			unmatched
FBgn0195014	Dsim\GD23637	GD23637			unmatched
FBgn0195015	Dsim\GD23638	GD23638			unmatched
FBgn0195016	Dsim\GD23639	GD23639			unmatched
FBgn0195017	Dsim\GD23640	GD23640			unmatched
FBgn0195018	Dsim\GD23641	GD23641			unmatched
FBgn0195019	Dsim\GD23642	GD23642			unmatched
FBgn0195020	Dsim\GD23643	GD23643			unmatched
FBgn0195021	Dsim\GD23644	GD23644			unmatched
FBgn0195022	Dsim\GD23645	GD23645			unmatched
FBgn0195024	Dsim\GD23647	GD23647			unmatched
FBgn0195025	Dsim\GD23648	GD23648			unmatched
FBgn0195026	Dsim\GD23649	GD23649			unmatched
FBgn0195027	Dsim\GD23650	GD23650			unmatched
FBgn0195028	Dsim\GD23651	GD23651			unmatched
FBgn0195030	Dsim\GD23653	GD23653			unmatched
FBgn0195031	Dsim\GD23654	GD23654			unmatched
FBgn0195032	Dsim\GD23655	GD23655			unmatched
FBgn0195033	Dsim\GD23656	GD23656			unmatched
FBgn0195034	Dsim\GD23657	GD23657			unmatched
FBgn0195037	Dsim\GD23660	GD23660			unmatched
FBgn0195038	Dsim\GD23661	GD23661			unmatched
FBgn0195039	Dsim\GD23662	GD23662			unmatched
FBgn0195040	Dsim\GD23663	GD23663			unmatched
FBgn0195041	Dsim\GD23664	GD23664			unmatched
FBgn0195042	Dsim\GD23665	GD23665			unmatched
FBgn0195043	Dsim\GD23666	GD23666			unmatched
FBgn0195044	Dsim\GD23667	GD23667			unmatched
FBgn0195045	Dsim\GD23668	GD23668			unmatched
FBgn0195046	Dsim\GD23669	GD23669			unmatched
FBgn0195047	Dsim\GD23670	GD23670			unmatched
FBgn0195048	Dsim\GD23671	GD23671			unmatched
FBgn0195049	Dsim\GD23672	GD23672			unmatched
FBgn0195051	Dsim\GD23674	GD23674			unmatched
FBgn0195052	Dsim\GD23675	GD23675			unmatched
FBgn0195053	Dsim\GD23676	GD23676			unmatched
FBgn0195054	Dsim\GD23677	GD23677			unmatched
FBgn0195055	Dsim\GD23678	GD23678			unmatched
FBgn0195056	Dsim\GD23679	GD23679			unmatched
FBgn0195057	Dsim\GD23680	GD23680			unmatched
FBgn0195058	Dsim\GD23681	GD23681			unmatched
FBgn0195059	Dsim\GD23682	GD23682			unmatched
FBgn0195060	Dsim\GD23683	GD23683			unmatched
FBgn0195061	Dsim\GD23684	GD23684			unmatched
FBgn0195062	Dsim\GD23685	GD23685			unmatched
FBgn0195063	Dsim\GD23686	GD23686			unmatched
FBgn0195064	Dsim\GD23687	GD23687			unmatched
FBgn0195065	Dsim\GD23688	GD23688			unmatched
FBgn0195066	Dsim\GD23689	GD23689			unmatched
FBgn0195067	Dsim\GD23690	GD23690			unmatched
FBgn0195068	Dsim\GD23691	GD23691			unmatched
FBgn0195070	Dsim\GD23693	GD23693			unmatched
FBgn0195071	Dsim\GD23694	GD23694			unmatched
FBgn0195072	Dsim\GD23695	GD23695			unmatched
FBgn0195073	Dsim\GD23696	GD23696			unmatched
FBgn0195074	Dsim\GD23697	GD23697			unmatched
FBgn0195075	Dsim\GD23698	GD23698			unmatched
FBgn0195076	Dsim\GD23699	GD23699			unmatched
FBgn0195077	Dsim\GD23700	GD23700			unmatched
FBgn0195078	Dsim\GD23701	GD23701			unmatched
FBgn0195079	Dsim\GD23702	GD23702			unmatched
FBgn0195080	Dsim\GD23703	GD23703			unmatched
FBgn0195081	Dsim\GD23705	GD23705			unmatched
FBgn0195082	Dsim\GD23706	GD23706			unmatched
FBgn0195083	Dsim\GD23707	GD23707			unmatched
FBgn0195084	Dsim\GD23708	GD23708			unmatched
FBgn0195085	Dsim\GD23709	GD23709			unmatched
FBgn0195086	Dsim\GD23710	GD23710			unmatched
FBgn0195087	Dsim\GD23711	GD23711			unmatched
FBgn0195088	Dsim\GD23712	GD23712			unmatched
FBgn0195089	Dsim\GD23713	GD23713			unmatched
FBgn0195090	Dsim\GD23714	GD23714			unmatched
FBgn0195091	Dsim\GD23715	GD23715			unmatched
FBgn0195093	Dsim\GD23717	GD23717			unmatched
FBgn0195094	Dsim\GD23719	GD23719			unmatched
FBgn0195095	Dsim\GD23721	GD23721			unmatched
FBgn0195096	Dsim\GD23722	GD23722			unmatched
FBgn0195097	Dsim\GD23723	GD23723			unmatched
FBgn0195098	Dsim\GD23724	GD23724			unmatched
FBgn0195099	Dsim\GD23725	GD23725			unmatched
FBgn0195100	Dsim\GD23726	GD23726			unmatched
FBgn0195101	Dsim\GD23727	GD23727			unmatched
FBgn0195102	Dsim\GD23728	GD23728			unmatched
FBgn0195103	Dsim\GD23729	GD23729			unmatched
FBgn0195104	Dsim\GD23730	GD23730			unmatched
FBgn0195105	Dsim\GD23732	GD23732			unmatched
FBgn0195106	Dsim\GD23733	GD23733			unmatched
FBgn0195108	Dsim\GD23735	GD23735			unmatched
FBgn0195109	Dsim\GD23736	GD23736			unmatched
FBgn0195112	Dsim\GD23739	GD23739			unmatched
FBgn0195113	Dsim\GD23740	GD23740			unmatched
FBgn0195114	Dsim\GD23741	GD23741			unmatched
FBgn0195115	Dsim\GD23742	GD23742			unmatched
FBgn0195116	Dsim\GD23743	GD23743			unmatched
FBgn0195117	Dsim\GD23744	GD23744			unmatched
FBgn0195119	Dsim\GD23746	GD23746			unmatched
FBgn0195120	Dsim\GD23747	GD23747			unmatched
FBgn0195121	Dsim\GD23748	GD23748			unmatched
FBgn0195122	Dsim\GD23749	GD23749			unmatched
FBgn0195123	Dsim\GD23750	GD23750			unmatched
FBgn0195124	Dsim\GD23751	GD23751			unmatched
FBgn0195125	Dsim\GD23753	GD23753			unmatched
FBgn0195128	Dsim\GD23756	GD23756			unmatched
FBgn0195130	Dsim\GD23758	GD23758			unmatched
FBgn0195131	Dsim\GD23759	GD23759			unmatched
FBgn0195132	Dsim\GD23760	GD23760			unmatched
FBgn0195133	Dsim\GD23761	GD23761			unmatched
FBgn0195134	Dsim\GD23762	GD23762			unmatched
FBgn0195135	Dsim\GD23763	GD23763			unmatched
FBgn0195136	Dsim\Nup160	Nup160	FBgn0262647	Nup160	matched
FBgn0195137	Dsim\GD23765	GD23765			unmatched
FBgn0195140	Dsim\GD23768	GD23768			unmatched
FBgn0195141	Dsim\GD23769	GD23769			unmatched
FBgn0195142	Dsim\GD23770	GD23770			unmatched
FBgn0195143	Dsim\ab	ab	FBgn0264442	ab	matched
FBgn0195144	Dsim\GD23772	GD23772			unmatched
FBgn0195145	Dsim\GD23773	GD23773			unmatched
FBgn0195146	Dsim\GD23774	GD23774			unmatched
FBgn0195147	Dsim\GD23775	GD23775			unmatched
FBgn0195148	Dsim\GD23776	GD23776			unmatched
FBgn0195149	Dsim\GD23777	GD23777			unmatched
FBgn0195150	Dsim\GD23779	GD23779			unmatched
FBgn0195151	Dsim\GD23780	GD23780			unmatched
FBgn0195152	Dsim\GD23781	GD23781			unmatched
FBgn0195153	Dsim\GD23782	GD23782			unmatched
FBgn0195154	Dsim\GD23784	GD23784			unmatched
FBgn0195156	Dsim\GD23786	GD23786			unmatched
FBgn0195157	Dsim\GD23787	GD23787			unmatched
FBgn0195158	Dsim\GD23788	GD23788			unmatched
FBgn0195159	Dsim\GD23789	GD23789			unmatched
FBgn0195162	Dsim\GD23792	GD23792			unmatched
FBgn0195163	Dsim\Mal-B1	Mal-B1	FBgn0032381	Mal-B1	matched
FBgn0195164	Dsim\Mal-B2	Mal-B2	FBgn0032382	Mal-B2	matched
FBgn0195165	Dsim\GD23795	GD23795			unmatched
FBgn0195166	Dsim\GD23796	GD23796			unmatched
FBgn0195167	Dsim\GD23797	GD23797			unmatched
FBgn0195168	Dsim\GD23798	GD23798			unmatched
FBgn0195169	Dsim\GD23799	GD23799			unmatched
FBgn0195171	Dsim\GD23801	GD23801			unmatched
FBgn0195172	Dsim\GD23802	GD23802			unmatched
FBgn0195173	Dsim\GD23803	GD23803			unmatched
FBgn0195174	Dsim\GD23804	GD23804			unmatched
FBgn0195175	Dsim\GD23805	GD23805			unmatched
FBgn0195176	Dsim\GD23806	GD23806			unmatched
FBgn0195177	Dsim\GD23807	GD23807			unmatched
FBgn0195179	Dsim\GD23809	GD23809			unmatched
FBgn0195180	Dsim\GD23810	GD23810			unmatched
FBgn0195181	Dsim\GD23811	GD23811			unmatched
FBgn0195182	Dsim\GD23812	GD23812			unmatched
FBgn0195183	Dsim\GD23813	GD23813			unmatched
FBgn0195184	Dsim\GD23814	GD23814			unmatched
FBgn0195185	Dsim\GD23815	GD23815			unmatched
FBgn0195186	Dsim\Mt2	Mt2	FBgn0028707	Mt2	matched
FBgn0195187	Dsim\GD23817	GD23817			unmatched
FBgn0195188	Dsim\GD23818	GD23818			unmatched
FBgn0195189	Dsim\GD23819	GD23819			unmatched
FBgn0195190	Dsim\GD23820	GD23820			unmatched
FBgn0195191	Dsim\GD23821	GD23821			unmatched
FBgn0195194	Dsim\GD23824	GD23824			unmatched
FBgn0195195	Dsim\GD23825	GD23825			unmatched
FBgn0195196	Dsim\GD23826	GD23826			unmatched
FBgn0195197	Dsim\GD23827	GD23827			unmatched
FBgn0195198	Dsim\GD23828	GD23828			unmatched
FBgn0195200	Dsim\GD23830	GD23830			unmatched
FBgn0195201	Dsim\GD23831	GD23831			unmatched
FBgn0195205	Dsim\GD23835	GD23835			unmatched
FBgn0195206	Dsim\GD23836	GD23836			unmatched
FBgn0195207	Dsim\GD23837	GD23837			unmatched
FBgn0195209	Dsim\GD23839	GD23839			unmatched
FBgn0195210	Dsim\GD23840	GD23840			unmatched
FBgn0195211	Dsim\GD23841	GD23841			unmatched
FBgn0195214	Dsim\GD23844	GD23844			unmatched
FBgn0195217	Dsim\GD23847	GD23847			unmatched
FBgn0195218	Dsim\GD23848	GD23848			unmatched
FBgn0195219	Dsim\GD23849	GD23849			unmatched
FBgn0195220	Dsim\GD23850	GD23850			unmatched
FBgn0195221	Dsim\GD23851	GD23851			unmatched
FBgn0195222	Dsim\GD23852	GD23852			unmatched
FBgn0195224	Dsim\GD23854	GD23854			unmatched
FBgn0195225	Dsim\GD23855	GD23855			unmatched
FBgn0195226	Dsim\GD23856	GD23856			unmatched
FBgn0195228	Dsim\GD23858	GD23858			unmatched
FBgn0195229	Dsim\GD23859	GD23859			unmatched
FBgn0195230	Dsim\GD23860	GD23860			unmatched
FBgn0195231	Dsim\GD23861	GD23861			unmatched
FBgn0195232	Dsim\GD23862	GD23862			unmatched
FBgn0195233	Dsim\GD23863	GD23863			unmatched
FBgn0195234	Dsim\GD23864	GD23864			unmatched
FBgn0195235	Dsim\GD23865	GD23865			unmatched
FBgn0195236	Dsim\GD23866	GD23866			unmatched
FBgn0195237	Dsim\GD23867	GD23867			unmatched
FBgn0195238	Dsim\GD23868	GD23868			unmatched
FBgn0195239	Dsim\GD23869	GD23869			unmatched
FBgn0195240	Dsim\GD23870	GD23870			unmatched
FBgn0195241	Dsim\GD23871	GD23871			unmatched
FBgn0195242	Dsim\GD23872	GD23872			unmatched
FBgn0195243	Dsim\GD23873	GD23873			unmatched
FBgn0195244	Dsim\GD23874	GD23874			unmatched
FBgn0195245	Dsim\GD23875	GD23875			unmatched
FBgn0195246	Dsim\GD23876	GD23876			unmatched
FBgn0195247	Dsim\GD23877	GD23877			unmatched
FBgn0195249	Dsim\GD23879	GD23879			unmatched
FBgn0195250	Dsim\GD23880	GD23880			unmatched
FBgn0195251	Dsim\GD23881	GD23881			unmatched
FBgn0195252	Dsim\GD23882	GD23882			unmatched
FBgn0195253	Dsim\GD23883	GD23883			unmatched
FBgn0195254	Dsim\GD23884	GD23884			unmatched
FBgn0195255	Dsim\GD23885	GD23885			unmatched
FBgn0195256	Dsim\GD23886	GD23886			unmatched
FBgn0195258	Dsim\GD23888	GD23888			unmatched
FBgn0195261	Dsim\GD23891	GD23891			unmatched
FBgn0195262	Dsim\GD23892	GD23892			unmatched
FBgn0195263	Dsim\GD23893	GD23893			unmatched
FBgn0195264	Dsim\GD23894	GD23894			unmatched
FBgn0195265	Dsim\GD23895	GD23895			unmatched
FBgn0195266	Dsim\GD23897	GD23897			unmatched
FBgn0195267	Dsim\GD23898	GD23898			unmatched
FBgn0195268	Dsim\GD23899	GD23899			unmatched
FBgn0195269	Dsim\GD23901	GD23901			unmatched
FBgn0195271	Dsim\GD23903	GD23903			unmatched
FBgn0195272	Dsim\GD23904	GD23904			unmatched
FBgn0195273	Dsim\GD23905	GD23905			unmatched
FBgn0195274	Dsim\GD23906	GD23906			unmatched
FBgn0195275	Dsim\GD23907	GD23907			unmatched
FBgn0195276	Dsim\GD23908	GD23908			unmatched
FBgn0195277	Dsim\GD23909	GD23909			unmatched
FBgn0195278	Dsim\GD23910	GD23910			unmatched
FBgn0195281	Dsim\GD23913	GD23913			unmatched
FBgn0195283	Dsim\GD23915	GD23915			unmatched
FBgn0195284	Dsim\GD23916	GD23916			unmatched
FBgn0195285	Dsim\GD23917	GD23917			unmatched
FBgn0195286	Dsim\GD23918	GD23918			unmatched
FBgn0195287	Dsim\GD23919	GD23919			unmatched
FBgn0195289	Dsim\GD23921	GD23921			unmatched
FBgn0195290	Dsim\GD23922	GD23922			unmatched
FBgn0195291	Dsim\GD23923	GD23923			unmatched
FBgn0195292	Dsim\GD23925	GD23925			unmatched
FBgn0195293	Dsim\GD23926	GD23926			unmatched
FBgn0195294	Dsim\GD23928	GD23928			unmatched
FBgn0195295	Dsim\GD23929	GD23929			unmatched
FBgn0195296	Dsim\GD23930	GD23930			unmatched
FBgn0195298	Dsim\GD23932	GD23932			unmatched
FBgn0195299	Dsim\GD23933	GD23933			unmatched
FBgn0195300	Dsim\GD23934	GD23934			unmatched
FBgn0195301	Dsim\GD23935	GD23935			unmatched
FBgn0195303	Dsim\GD23937	GD23937			unmatched
FBgn0195304	Dsim\GD23939	GD23939			unmatched
FBgn0195306	Dsim\GD23941	GD23941			unmatched
FBgn0195307	Dsim\GD23942	GD23942			unmatched
FBgn0195309	Dsim\GD23944	GD23944			unmatched
FBgn0195310	Dsim\GD23945	GD23945			unmatched
FBgn0195312	Dsim\GD23948	GD23948			unmatched
FBgn0195313	Dsim\GD23949	GD23949			unmatched
FBgn0195316	Dsim\GD23952	GD23952			unmatched
FBgn0195317	Dsim\GD23953	GD23953			unmatched
FBgn0195318	Dsim\GD23954	GD23954			unmatched
FBgn0195319	Dsim\GD23955	GD23955			unmatched
FBgn0195321	Dsim\GD23957	GD23957			unmatched
FBgn0195322	Dsim\GD23958	GD23958			unmatched
FBgn0195323	Dsim\GD23959	GD23959			unmatched
FBgn0195324	Dsim\GD23960	GD23960			unmatched
FBgn0195325	Dsim\GD23961	GD23961			unmatched
FBgn0195326	Dsim\GD23962	GD23962			unmatched
FBgn0195327	Dsim\GD23963	GD23963			unmatched
FBgn0195328	Dsim\GD23964	GD23964			unmatched
FBgn0195329	Dsim\GD23965	GD23965			unmatched
FBgn0195334	Dsim\GD23972	GD23972			unmatched
FBgn0195335	Dsim\GD23973	GD23973			unmatched
FBgn0195336	Dsim\GD23974	GD23974			unmatched
FBgn0195337	Dsim\GD23975	GD23975			unmatched
FBgn0195338	Dsim\GD23976	GD23976			unmatched
FBgn0195339	Dsim\GD23977	GD23977			unmatched
FBgn0195340	Dsim\GD23978	GD23978			unmatched
FBgn0195341	Dsim\GD23979	GD23979			unmatched
FBgn0195343	Dsim\GD23981	GD23981			unmatched
FBgn0195344	Dsim\GD23982	GD23982			unmatched
FBgn0195345	Dsim\GD23983	GD23983			unmatched
FBgn0195347	Dsim\GD23985	GD23985			unmatched
FBgn0195348	Dsim\GD23987	GD23987			unmatched
FBgn0195349	Dsim\GD23988	GD23988			unmatched
FBgn0195350	Dsim\GD23989	GD23989			unmatched
FBgn0195351	Dsim\GD23991	GD23991			unmatched
FBgn0195352	Dsim\GD23992	GD23992			unmatched
FBgn0195353	Dsim\GD23993	GD23993			unmatched
FBgn0195354	Dsim\GD23994	GD23994			unmatched
FBgn0195356	Dsim\GD23996	GD23996			unmatched
FBgn0195357	Dsim\GD23997	GD23997			unmatched
FBgn0195359	Dsim\GD23999	GD23999			unmatched
FBgn0195361	Dsim\GD24001	GD24001			unmatched
FBgn0195362	Dsim\GD24002	GD24002			unmatched
FBgn0195363	Dsim\GD24003	GD24003			unmatched
FBgn0195364	Dsim\GD24004	GD24004			unmatched
FBgn0195366	Dsim\GD24006	GD24006			unmatched
FBgn0195369	Dsim\GD24009	GD24009			unmatched
FBgn0195370	Dsim\GD24010	GD24010			unmatched
FBgn0195371	Dsim\Skadu	Skadu	FBgn0259922	Skadu	matched
FBgn0195372	Dsim\GD24012	GD24012			unmatched
FBgn0195374	Dsim\GD24014	GD24014			unmatched
FBgn0195375	Dsim\GD24016	GD24016			unmatched
FBgn0195376	Dsim\GD24017	GD24017			unmatched
FBgn0195377	Dsim\GD24018	GD24018			unmatched
FBgn0195378	Dsim\GD24019	GD24019			unmatched
FBgn0195379	Dsim\GD24020	GD24020			unmatched
FBgn0195380	Dsim\GD24021	GD24021			unmatched
FBgn0195382	Dsim\GD24023	GD24023			unmatched
FBgn0195384	Dsim\GD24025	GD24025			unmatched
FBgn0195385	Dsim\GD24026	GD24026			unmatched
FBgn0195386	Dsim\GD24027	GD24027			unmatched
FBgn0195387	Dsim\GD24028	GD24028			unmatched
FBgn0195388	Dsim\GD24029	GD24029			unmatched
FBgn0195389	Dsim\GD24030	GD24030			unmatched
FBgn0195393	Dsim\GD24035	GD24035			unmatched
FBgn0195394	Dsim\GD24036	GD24036			unmatched
FBgn0195395	Dsim\GD24037	GD24037			unmatched
FBgn0195396	Dsim\GD24038	GD24038			unmatched
FBgn0195397	Dsim\GD24039	GD24039			unmatched
FBgn0195398	Dsim\GD24040	GD24040			unmatched
FBgn0195399	Dsim\GD24041	GD24041			unmatched
FBgn0195400	Dsim\GD24042	GD24042			unmatched
FBgn0195401	Dsim\GD24043	GD24043			unmatched
FBgn0195402	Dsim\GD24044	GD24044			unmatched
FBgn0195403	Dsim\GD24045	GD24045			unmatched
FBgn0195404	Dsim\GD24046	GD24046			unmatched
FBgn0195405	Dsim\GD24047	GD24047			unmatched
FBgn0195406	Dsim\GD24048	GD24048			unmatched
FBgn0195407	Dsim\GD24049	GD24049			unmatched
FBgn0195408	Dsim\GD24050	GD24050			unmatched
FBgn0195409	Dsim\GD24051	GD24051			unmatched
FBgn0195410	Dsim\GD24052	GD24052			unmatched
FBgn0195411	Dsim\GD24053	GD24053			unmatched
FBgn0195412	Dsim\GD24054	GD24054			unmatched
FBgn0195414	Dsim\GD24057	GD24057			unmatched
FBgn0195415	Dsim\GD24059	GD24059			unmatched
FBgn0195416	Dsim\GD24060	GD24060			unmatched
FBgn0195417	Dsim\GD24061	GD24061			unmatched
FBgn0195419	Dsim\GD24063	GD24063			unmatched
FBgn0195420	Dsim\GD24064	GD24064			unmatched
FBgn0195422	Dsim\GD24066	GD24066			unmatched
FBgn0195423	Dsim\GD24067	GD24067			unmatched
FBgn0195424	Dsim\GD24068	GD24068			unmatched
FBgn0195426	Dsim\GD24070	GD24070			unmatched
FBgn0195428	Dsim\GD24072	GD24072			unmatched
FBgn0195430	Dsim\GD24074	GD24074			unmatched
FBgn0195431	Dsim\GD24075	GD24075			unmatched
FBgn0195432	Dsim\GD24076	GD24076			unmatched
FBgn0195433	Dsim\GD24077	GD24077			unmatched
FBgn0195434	Dsim\GD24078	GD24078			unmatched
FBgn0195435	Dsim\GD24079	GD24079			unmatched
FBgn0195436	Dsim\GD24080	GD24080			unmatched
FBgn0195438	Dsim\GD24082	GD24082			unmatched
FBgn0195439	Dsim\GD24083	GD24083			unmatched
FBgn0195440	Dsim\GD24084	GD24084			unmatched
FBgn0195442	Dsim\GD24086	GD24086			unmatched
FBgn0195443	Dsim\GD24087	GD24087			unmatched
FBgn0195444	Dsim\GD24088	GD24088			unmatched
FBgn0195446	Dsim\GD24090	GD24090			unmatched
FBgn0195447	Dsim\GD24091	GD24091			unmatched
FBgn0195448	Dsim\GD24092	GD24092			unmatched
FBgn0195451	Dsim\GD24095	GD24095			unmatched
FBgn0195453	Dsim\GD24097	GD24097			unmatched
FBgn0195454	Dsim\GD24098	GD24098			unmatched
FBgn0195455	Dsim\GD24099	GD24099			unmatched
FBgn0195456	Dsim\GD24100	GD24100			unmatched
FBgn0195457	Dsim\GD24101	GD24101			unmatched
FBgn0195458	Dsim\GD24102	GD24102			unmatched
FBgn0195459	Dsim\GD24103	GD24103			unmatched
FBgn0195460	Dsim\GD24104	GD24104			unmatched
FBgn0195461	Dsim\GD24105	GD24105			unmatched
FBgn0195463	Dsim\GD24107	GD24107			unmatched
FBgn0195464	Dsim\GD24108	GD24108			unmatched
FBgn0195465	Dsim\GD24109	GD24109			unmatched
FBgn0195466	Dsim\GD24110	GD24110			unmatched
FBgn0195467	Dsim\GD24111	GD24111			unmatched
FBgn0195468	Dsim\GD24112	GD24112			unmatched
FBgn0195472	Dsim\GD24116	GD24116			unmatched
FBgn0195474	Dsim\GD24118	GD24118			unmatched
FBgn0195475	Dsim\GD24119	GD24119			unmatched
FBgn0195476	Dsim\GD24120	GD24120			unmatched
FBgn0195477	Dsim\GD24121	GD24121			unmatched
FBgn0195478	Dsim\GD24122	GD24122			unmatched
FBgn0195479	Dsim\GD24123	GD24123			unmatched
FBgn0195480	Dsim\GD24124	GD24124			unmatched
FBgn0195482	Dsim\GD24126	GD24126			unmatched
FBgn0195483	Dsim\GD24127	GD24127			unmatched
FBgn0195484	Dsim\GD24128	GD24128			unmatched
FBgn0195485	Dsim\GD24129	GD24129			unmatched
FBgn0195486	Dsim\GD24130	GD24130			unmatched
FBgn0195487	Dsim\GD24131	GD24131			unmatched
FBgn0195488	Dsim\GD24132	GD24132			unmatched
FBgn0195489	Dsim\GD24133	GD24133			unmatched
FBgn0195490	Dsim\GD24134	GD24134			unmatched
FBgn0195493	Dsim\GD24137	GD24137			unmatched
FBgn0195494	Dsim\GD24138	GD24138			unmatched
FBgn0195495	Dsim\GD24140	GD24140			unmatched
FBgn0195496	Dsim\GD24141	GD24141			unmatched
FBgn0195497	Dsim\GD24142	GD24142			unmatched
FBgn0195498	Dsim\GD24143	GD24143			unmatched
FBgn0195500	Dsim\GD24145	GD24145			unmatched
FBgn0195501	Dsim\GD24146	GD24146			unmatched
FBgn0195502	Dsim\GD24147	GD24147			unmatched
FBgn0195503	Dsim\GD24148	GD24148			unmatched
FBgn0195505	Dsim\GD24150	GD24150			unmatched
FBgn0195506	Dsim\GD24151	GD24151			unmatched
FBgn0195507	Dsim\GD24152	GD24152			unmatched
FBgn0195508	Dsim\GD24153	GD24153			unmatched
FBgn0195510	Dsim\GD24155	GD24155			unmatched
FBgn0195511	Dsim\GD24156	GD24156			unmatched
FBgn0195512	Dsim\GD24157	GD24157			unmatched
FBgn0195513	Dsim\GD24158	GD24158			unmatched
FBgn0195514	Dsim\GD24159	GD24159			unmatched
FBgn0195515	Dsim\GD24160	GD24160			unmatched
FBgn0195516	Dsim\GD24161	GD24161			unmatched
FBgn0195517	Dsim\GD24162	GD24162			unmatched
FBgn0195518	Dsim\GD24163	GD24163			unmatched
FBgn0195520	Dsim\GD24165	GD24165			unmatched
FBgn0195521	Dsim\GD24166	GD24166			unmatched
FBgn0195522	Dsim\GD24167	GD24167			unmatched
FBgn0195523	Dsim\GD24168	GD24168			unmatched
FBgn0195525	Dsim\GD24170	GD24170			unmatched
FBgn0195526	Dsim\GD24171	GD24171			unmatched
FBgn0195528	Dsim\GD24173	GD24173			unmatched
FBgn0195529	Dsim\GD24174	GD24174			unmatched
FBgn0195530	Dsim\GD24176	GD24176			unmatched
FBgn0195531	Dsim\GD24177	GD24177			unmatched
FBgn0195533	Dsim\GD24179	GD24179			unmatched
FBgn0195534	Dsim\GD24180	GD24180			unmatched
FBgn0195535	Dsim\GD24181	GD24181			unmatched
FBgn0195536	Dsim\GD24182	GD24182			unmatched
FBgn0195537	Dsim\GD24183	GD24183			unmatched
FBgn0195538	Dsim\GD24186	GD24186			unmatched
FBgn0195539	Dsim\GD24187	GD24187			unmatched
FBgn0195541	Dsim\GD24190	GD24190			unmatched
FBgn0195542	Dsim\GD24191	GD24191			unmatched
FBgn0195544	Dsim\GD24193	GD24193			unmatched
FBgn0195546	Dsim\GD24195	GD24195			unmatched
FBgn0195547	Dsim\GD24196	GD24196			unmatched
FBgn0195548	Dsim\GD24197	GD24197			unmatched
FBgn0195549	Dsim\GD24198	GD24198			unmatched
FBgn0195550	Dsim\GD24199	GD24199			unmatched
FBgn0195551	Dsim\GD24201	GD24201			unmatched
FBgn0195552	Dsim\GD24202	GD24202			unmatched
FBgn0195553	Dsim\GD24203	GD24203			unmatched
FBgn0195554	Dsim\GD24204	GD24204			unmatched
FBgn0195555	Dsim\GD24205	GD24205			unmatched
FBgn0195556	Dsim\GD24206	GD24206			unmatched
FBgn0195558	Dsim\GD24208	GD24208			unmatched
FBgn0195560	Dsim\GD24210	GD24210			unmatched
FBgn0195561	Dsim\GD24211	GD24211			unmatched
FBgn0195562	Dsim\GD24212	GD24212			unmatched
FBgn0195564	Dsim\GD24214	GD24214			unmatched
FBgn0195565	Dsim\GD24215	GD24215			unmatched
FBgn0195566	Dsim\GD24216	GD24216			unmatched
FBgn0195567	Dsim\GD24217	GD24217			unmatched
FBgn0195569	Dsim\GD24219	GD24219			unmatched
FBgn0195570	Dsim\GD24220	GD24220			unmatched
FBgn0195571	Dsim\GD24221	GD24221			unmatched
FBgn0195574	Dsim\GD24225	GD24225			unmatched
FBgn0195575	Dsim\GD24226	GD24226			unmatched
FBgn0195576	Dsim\GD24227	GD24227			unmatched
FBgn0195577	Dsim\GD24228	GD24228			unmatched
FBgn0195578	Dsim\GD24229	GD24229			unmatched
FBgn0195579	Dsim\GD24230	GD24230			unmatched
FBgn0195580	Dsim\GD24231	GD24231			unmatched
FBgn0195581	Dsim\GD24232	GD24232			unmatched
FBgn0195582	Dsim\GD24233	GD24233			unmatched
FBgn0195584	Dsim\GD24235	GD24235			unmatched
FBgn0195585	Dsim\GD24237	GD24237			unmatched
FBgn0195586	Dsim\GD24238	GD24238			unmatched
FBgn0195588	Dsim\GD24240	GD24240			unmatched
FBgn0195589	Dsim\GD24241	GD24241			unmatched
FBgn0195590	Dsim\GD24242	GD24242			unmatched
FBgn0195592	Dsim\GD24244	GD24244			unmatched
FBgn0195593	Dsim\GD24245	GD24245			unmatched
FBgn0195594	Dsim\GD24246	GD24246			unmatched
FBgn0195597	Dsim\GD24249	GD24249			unmatched
FBgn0195599	Dsim\GD24251	GD24251			unmatched
FBgn0195600	Dsim\GD24252	GD24252			unmatched
FBgn0195601	Dsim\GD24253	GD24253			unmatched
FBgn0195603	Dsim\GD24255	GD24255			unmatched
FBgn0195605	Dsim\GD24257	GD24257			unmatched
FBgn0195607	Dsim\GD24259	GD24259			unmatched
FBgn0195609	Dsim\GD24261	GD24261			unmatched
FBgn0195612	Dsim\GD24264	GD24264			unmatched
FBgn0195613	Dsim\GD24265	GD24265			unmatched
FBgn0195617	Dsim\GD24269	GD24269			unmatched
FBgn0195618	Dsim\GD24270	GD24270			unmatched
FBgn0195619	Dsim\GD24271	GD24271			unmatched
FBgn0195620	Dsim\GD24272	GD24272			unmatched
FBgn0195621	Dsim\GD24273	GD24273			unmatched
FBgn0195622	Dsim\GD24274	GD24274			unmatched
FBgn0195623	Dsim\GD24275	GD24275			unmatched
FBgn0195626	Dsim\GD24278	GD24278			unmatched
FBgn0195627	Dsim\GD24279	GD24279			unmatched
FBgn0195628	Dsim\GD24280	GD24280			unmatched
FBgn0195629	Dsim\GD24281	GD24281			unmatched
FBgn0195630	Dsim\GD24282	GD24282			unmatched
FBgn0195631	Dsim\GD24283	GD24283			unmatched
FBgn0195632	Dsim\GD24284	GD24284			unmatched
FBgn0195634	Dsim\GD24286	GD24286			unmatched
FBgn0195635	Dsim\GD24287	GD24287			unmatched
FBgn0195636	Dsim\GD24288	GD24288			unmatched
FBgn0195637	Dsim\GD24289	GD24289			unmatched
FBgn0195638	Dsim\GD24291	GD24291			unmatched
FBgn0195639	Dsim\GD24292	GD24292			unmatched
FBgn0195640	Dsim\GD24293	GD24293			unmatched
FBgn0195641	Dsim\GD24294	GD24294			unmatched
FBgn0195644	Dsim\GD24297	GD24297			unmatched
FBgn0195645	Dsim\GD24298	GD24298			unmatched
FBgn0195646	Dsim\GD24299	GD24299			unmatched
FBgn0195647	Dsim\GD24300	GD24300			unmatched
FBgn0195648	Dsim\GD24301	GD24301			unmatched
FBgn0195649	Dsim\GD24302	GD24302			unmatched
FBgn0195651	Dsim\GD24304	GD24304			unmatched
FBgn0195652	Dsim\GD24305	GD24305			unmatched
FBgn0195653	Dsim\GD24306	GD24306			unmatched
FBgn0195654	Dsim\GD24307	GD24307			unmatched
FBgn0195655	Dsim\GD24308	GD24308			unmatched
FBgn0195656	Dsim\GD24309	GD24309			unmatched
FBgn0195657	Dsim\GD24310	GD24310			unmatched
FBgn0195658	Dsim\GD24311	GD24311			unmatched
FBgn0195659	Dsim\GD24312	GD24312			unmatched
FBgn0195660	Dsim\GD24313	GD24313			unmatched
FBgn0195661	Dsim\GD24314	GD24314			unmatched
FBgn0195662	Dsim\GD24315	GD24315			unmatched
FBgn0195663	Dsim\GD24316	GD24316			unmatched
FBgn0195665	Dsim\GD24318	GD24318			unmatched
FBgn0195666	Dsim\GD24319	GD24319			unmatched
FBgn0195667	Dsim\GD24320	GD24320			unmatched
FBgn0195668	Dsim\GD24321	GD24321			unmatched
FBgn0195669	Dsim\GD24322	GD24322			unmatched
FBgn0195670	Dsim\GD24323	GD24323			unmatched
FBgn0195671	Dsim\GD24324	GD24324			unmatched
FBgn0195674	Dsim\GD24327	GD24327			unmatched
FBgn0195675	Dsim\GD24328	GD24328			unmatched
FBgn0195676	Dsim\GD24329	GD24329			unmatched
FBgn0195677	Dsim\GD24330	GD24330			unmatched
FBgn0195678	Dsim\GD24331	GD24331			unmatched
FBgn0195679	Dsim\GD24332	GD24332			unmatched
FBgn0195680	Dsim\GD24333	GD24333			unmatched
FBgn0195681	Dsim\GD24334	GD24334			unmatched
FBgn0195683	Dsim\GD24336	GD24336			unmatched
FBgn0195684	Dsim\GD24337	GD24337			unmatched
FBgn0195685	Dsim\GD24338	GD24338			unmatched
FBgn0195687	Dsim\GD24340	GD24340			unmatched
FBgn0195688	Dsim\GD24341	GD24341			unmatched
FBgn0195690	Dsim\GD24343	GD24343			unmatched
FBgn0195691	Dsim\GD24344	GD24344			unmatched
FBgn0195692	Dsim\GD24345	GD24345			unmatched
FBgn0195693	Dsim\GD24346	GD24346			unmatched
FBgn0195694	Dsim\GD24347	GD24347			unmatched
FBgn0195695	Dsim\GD24348	GD24348			unmatched
FBgn0195697	Dsim\GD24350	GD24350			unmatched
FBgn0195699	Dsim\GD24352	GD24352			unmatched
FBgn0195700	Dsim\GD24353	GD24353			unmatched
FBgn0195703	Dsim\GD24356	GD24356			unmatched
FBgn0195704	Dsim\GD24357	GD24357			unmatched
FBgn0195705	Dsim\GD24359	GD24359			unmatched
FBgn0195706	Dsim\GD24360	GD24360			unmatched
FBgn0195708	Dsim\GD24362	GD24362			unmatched
FBgn0195709	Dsim\GD24363	GD24363			unmatched
FBgn0195710	Dsim\GD24366	GD24366			unmatched
FBgn0195711	Dsim\GD24367	GD24367			unmatched
FBgn0195712	Dsim\GD24369	GD24369			unmatched
FBgn0195715	Dsim\GD24374	GD24374			unmatched
FBgn0195716	Dsim\GD24375	GD24375			unmatched
FBgn0195717	Dsim\GD24376	GD24376			unmatched
FBgn0195718	Dsim\GD24377	GD24377			unmatched
FBgn0195719	Dsim\GD24378	GD24378			unmatched
FBgn0195720	Dsim\GD24379	GD24379			unmatched
FBgn0195721	Dsim\GD24380	GD24380			unmatched
FBgn0195722	Dsim\GD24381	GD24381			unmatched
FBgn0195724	Dsim\GD24383	GD24383			unmatched
FBgn0195725	Dsim\GD24384	GD24384			unmatched
FBgn0195726	Dsim\GD24385	GD24385			unmatched
FBgn0195727	Dsim\GD24386	GD24386			unmatched
FBgn0195728	Dsim\GD24387	GD24387			unmatched
FBgn0195729	Dsim\GD24388	GD24388			unmatched
FBgn0195730	Dsim\GD24389	GD24389			unmatched
FBgn0195731	Dsim\GD24390	GD24390			unmatched
FBgn0195732	Dsim\GD24391	GD24391			unmatched
FBgn0195733	Dsim\GD24393	GD24393			unmatched
FBgn0195738	Dsim\GD24398	GD24398			unmatched
FBgn0195739	Dsim\GD24400	GD24400			unmatched
FBgn0195740	Dsim\GD24401	GD24401			unmatched
FBgn0195741	Dsim\GD24403	GD24403			unmatched
FBgn0195742	Dsim\GD24404	GD24404			unmatched
FBgn0195743	Dsim\GD24405	GD24405			unmatched
FBgn0195744	Dsim\GD24406	GD24406			unmatched
FBgn0195746	Dsim\GD24408	GD24408			unmatched
FBgn0195747	Dsim\GD24409	GD24409			unmatched
FBgn0195748	Dsim\GD24410	GD24410			unmatched
FBgn0195750	Dsim\GD24413	GD24413			unmatched
FBgn0195752	Dsim\GD24415	GD24415			unmatched
FBgn0195753	Dsim\GD24416	GD24416			unmatched
FBgn0195754	Dsim\GD24418	GD24418			unmatched
FBgn0195757	Dsim\GD24421	GD24421			unmatched
FBgn0195758	Dsim\GD24422	GD24422			unmatched
FBgn0195759	Dsim\GD24423	GD24423			unmatched
FBgn0195760	Dsim\GD24424	GD24424			unmatched
FBgn0195761	Dsim\GD24425	GD24425			unmatched
FBgn0195762	Dsim\GD24426	GD24426			unmatched
FBgn0195763	Dsim\GD24427	GD24427			unmatched
FBgn0195764	Dsim\GD24428	GD24428			unmatched
FBgn0195767	Dsim\GD24431	GD24431			unmatched
FBgn0195768	Dsim\GD24432	GD24432			unmatched
FBgn0195770	Dsim\GD24434	GD24434			unmatched
FBgn0195772	Dsim\GD24436	GD24436			unmatched
FBgn0195773	Dsim\GD24437	GD24437			unmatched
FBgn0195774	Dsim\GD24438	GD24438			unmatched
FBgn0195778	Dsim\GD24442	GD24442			unmatched
FBgn0195779	Dsim\GD24443	GD24443			unmatched
FBgn0195780	Dsim\GD24444	GD24444			unmatched
FBgn0195783	Dsim\GD24447	GD24447			unmatched
FBgn0195785	Dsim\GD24449	GD24449			unmatched
FBgn0195786	Dsim\GD24450	GD24450			unmatched
FBgn0195787	Dsim\GD24451	GD24451			unmatched
FBgn0195788	Dsim\GD24452	GD24452			unmatched
FBgn0195789	Dsim\GD24454	GD24454			unmatched
FBgn0195790	Dsim\GD24455	GD24455			unmatched
FBgn0195791	Dsim\GD24456	GD24456			unmatched
FBgn0195792	Dsim\GD24457	GD24457			unmatched
FBgn0195793	Dsim\GD24458	GD24458			unmatched
FBgn0195794	Dsim\GD24459	GD24459			unmatched
FBgn0195796	Dsim\GD24461	GD24461			unmatched
FBgn0195797	Dsim\GD24462	GD24462			unmatched
FBgn0195800	Dsim\GD24465	GD24465			unmatched
FBgn0195801	Dsim\GD24466	GD24466			unmatched
FBgn0195802	Dsim\GD24467	GD24467			unmatched
FBgn0195803	Dsim\GD24468	GD24468			unmatched
FBgn0195804	Dsim\GD24469	GD24469			unmatched
FBgn0195805	Dsim\GD24470	GD24470			unmatched
FBgn0195806	Dsim\GD24471	GD24471			unmatched
FBgn0195807	Dsim\GD24472	GD24472			unmatched
FBgn0195808	Dsim\GD24473	GD24473			unmatched
FBgn0195809	Dsim\GD24474	GD24474			unmatched
FBgn0195810	Dsim\GD24475	GD24475			unmatched
FBgn0195811	Dsim\GD24476	GD24476			unmatched
FBgn0195813	Dsim\GD24478	GD24478			unmatched
FBgn0195817	Dsim\GD24482	GD24482			unmatched
FBgn0195818	Dsim\GD24483	GD24483			unmatched
FBgn0195819	Dsim\GD24484	GD24484			unmatched
FBgn0195821	Dsim\GD24486	GD24486			unmatched
FBgn0195822	Dsim\GD24487	GD24487			unmatched
FBgn0195824	Dsim\GD24489	GD24489			unmatched
FBgn0195827	Dsim\GD24492	GD24492			unmatched
FBgn0195828	Dsim\GD24493	GD24493			unmatched
FBgn0195829	Dsim\GD24494	GD24494			unmatched
FBgn0195830	Dsim\GD24495	GD24495			unmatched
FBgn0195831	Dsim\GD24496	GD24496			unmatched
FBgn0195833	Dsim\GD24498	GD24498			unmatched
FBgn0195834	Dsim\GD24499	GD24499			unmatched
FBgn0195835	Dsim\GD24500	GD24500			unmatched
FBgn0195836	Dsim\GD24501	GD24501			unmatched
FBgn0195837	Dsim\GD24502	GD24502			unmatched
FBgn0195838	Dsim\GD24503	GD24503			unmatched
FBgn0195839	Dsim\GD24504	GD24504			unmatched
FBgn0195844	Dsim\GD24509	GD24509			unmatched
FBgn0195845	Dsim\GD24510	GD24510			unmatched
FBgn0195847	Dsim\GD24512	GD24512			unmatched
FBgn0195850	Dsim\GD24515	GD24515			unmatched
FBgn0195851	Dsim\GD24516	GD24516			unmatched
FBgn0195853	Dsim\GD24519	GD24519			unmatched
FBgn0195855	Dsim\GD24521	GD24521			unmatched
FBgn0195856	Dsim\GD24522	GD24522			unmatched
FBgn0195857	Dsim\GD24523	GD24523			unmatched
FBgn0195858	Dsim\GD24524	GD24524			unmatched
FBgn0195859	Dsim\GD24525	GD24525			unmatched
FBgn0195860	Dsim\GD24526	GD24526			unmatched
FBgn0195861	Dsim\GD24527	GD24527			unmatched
FBgn0195862	Dsim\GD24528	GD24528			unmatched
FBgn0195863	Dsim\GD24529	GD24529			unmatched
FBgn0195865	Dsim\GD24531	GD24531			unmatched
FBgn0195866	Dsim\GD24532	GD24532			unmatched
FBgn0195867	Dsim\GD24533	GD24533			unmatched
FBgn0195869	Dsim\GD24535	GD24535			unmatched
FBgn0195870	Dsim\GD24536	GD24536			unmatched
FBgn0195871	Dsim\GD24537	GD24537			unmatched
FBgn0195872	Dsim\GD24538	GD24538			unmatched
FBgn0195873	Dsim\GD24539	GD24539			unmatched
FBgn0195875	Dsim\GD24541	GD24541			unmatched
FBgn0195876	Dsim\GD24542	GD24542			unmatched
FBgn0195877	Dsim\GD24543	GD24543			unmatched
FBgn0195879	Dsim\GD24545	GD24545			unmatched
FBgn0195881	Dsim\GD24547	GD24547			unmatched
FBgn0195883	Dsim\GD24549	GD24549			unmatched
FBgn0195884	Dsim\GD24550	GD24550			unmatched
FBgn0195885	Dsim\GD24551	GD24551			unmatched
FBgn0195886	Dsim\GD24552	GD24552			unmatched
FBgn0195887	Dsim\GD24553	GD24553			unmatched
FBgn0195888	Dsim\GD24554	GD24554			unmatched
FBgn0195889	Dsim\GD24555	GD24555			unmatched
FBgn0195890	Dsim\GD24556	GD24556			unmatched
FBgn0195891	Dsim\GD24557	GD24557			unmatched
FBgn0195893	Dsim\GD24559	GD24559			unmatched
FBgn0195894	Dsim\GD24560	GD24560			unmatched
FBgn0195895	Dsim\GD24561	GD24561			unmatched
FBgn0195896	Dsim\GD24562	GD24562			unmatched
FBgn0195897	Dsim\GD24563	GD24563			unmatched
FBgn0195898	Dsim\GD24564	GD24564			unmatched
FBgn0195899	Dsim\GD24565	GD24565			unmatched
FBgn0195900	Dsim\GD24566	GD24566			unmatched
FBgn0195902	Dsim\GD24572	GD24572			unmatched
FBgn0195903	Dsim\GD24573	GD24573			unmatched
FBgn0195904	Dsim\GD24574	GD24574			unmatched
FBgn0195905	Dsim\GD24575	GD24575			unmatched
FBgn0195906	Dsim\GD24576	GD24576			unmatched
FBgn0195909	Dsim\GD24579	GD24579			unmatched
FBgn0195910	Dsim\GD24580	GD24580			unmatched
FBgn0195912	Dsim\GD24582	GD24582			unmatched
FBgn0195913	Dsim\GD24584	GD24584			unmatched
FBgn0195914	Dsim\GD24585	GD24585			unmatched
FBgn0195916	Dsim\GD24587	GD24587			unmatched
FBgn0195918	Dsim\GD24589	GD24589			unmatched
FBgn0195919	Dsim\GD24590	GD24590			unmatched
FBgn0195922	Dsim\GD24593	GD24593			unmatched
FBgn0195923	Dsim\GD24594	GD24594			unmatched
FBgn0195924	Dsim\GD24595	GD24595			unmatched
FBgn0195925	Dsim\GD24596	GD24596			unmatched
FBgn0195926	Dsim\GD24597	GD24597			unmatched
FBgn0195928	Dsim\GD24599	GD24599			unmatched
FBgn0195930	Dsim\GD24601	GD24601			unmatched
FBgn0195933	Dsim\GD24604	GD24604			unmatched
FBgn0195934	Dsim\GD24606	GD24606			unmatched
FBgn0195935	Dsim\GD24607	GD24607			unmatched
FBgn0195936	Dsim\GD24608	GD24608			unmatched
FBgn0195937	Dsim\GD24609	GD24609			unmatched
FBgn0195939	Dsim\GD24611	GD24611			unmatched
FBgn0195940	Dsim\GD24612	GD24612			unmatched
FBgn0195941	Dsim\GD24613	GD24613			unmatched
FBgn0195942	Dsim\GD24614	GD24614			unmatched
FBgn0195943	Dsim\GD24615	GD24615			unmatched
FBgn0195944	Dsim\GD24616	GD24616			unmatched
FBgn0195945	Dsim\GD24617	GD24617			unmatched
FBgn0195946	Dsim\GD24618	GD24618			unmatched
FBgn0195947	Dsim\GD24619	GD24619			unmatched
FBgn0195948	Dsim\GD24620	GD24620			unmatched
FBgn0195950	Dsim\GD24622	GD24622			unmatched
FBgn0195953	Dsim\GD24625	GD24625			unmatched
FBgn0195954	Dsim\GD24626	GD24626			unmatched
FBgn0195955	Dsim\GD24627	GD24627			unmatched
FBgn0195960	Dsim\GD24632	GD24632			unmatched
FBgn0195961	Dsim\GD24633	GD24633			unmatched
FBgn0195962	Dsim\GD24634	GD24634			unmatched
FBgn0195963	Dsim\GD24635	GD24635			unmatched
FBgn0195964	Dsim\GD24636	GD24636			unmatched
FBgn0195966	Dsim\GD24638	GD24638			unmatched
FBgn0195967	Dsim\GD24639	GD24639			unmatched
FBgn0195969	Dsim\GD24641	GD24641			unmatched
FBgn0195970	Dsim\GD24642	GD24642			unmatched
FBgn0195971	Dsim\GD24643	GD24643			unmatched
FBgn0195972	Dsim\GD24644	GD24644			unmatched
FBgn0195973	Dsim\GD24645	GD24645			unmatched
FBgn0195974	Dsim\GD24646	GD24646			unmatched
FBgn0195975	Dsim\GD24647	GD24647			unmatched
FBgn0195976	Dsim\GD24648	GD24648			unmatched
FBgn0195978	Dsim\GD24651	GD24651			unmatched
FBgn0195979	Dsim\GD24652	GD24652			unmatched
FBgn0195981	Dsim\GD24654	GD24654			unmatched
FBgn0195982	Dsim\GD24655	GD24655			unmatched
FBgn0195983	Dsim\GD24656	GD24656			unmatched
FBgn0195985	Dsim\GD24658	GD24658			unmatched
FBgn0195986	Dsim\GD24659	GD24659			unmatched
FBgn0195987	Dsim\GD24660	GD24660			unmatched
FBgn0195989	Dsim\GD24662	GD24662			unmatched
FBgn0195990	Dsim\GD24663	GD24663			unmatched
FBgn0195991	Dsim\GD24664	GD24664			unmatched
FBgn0195992	Dsim\GD24665	GD24665			unmatched
FBgn0195993	Dsim\GD24666	GD24666			unmatched
FBgn0195995	Dsim\GD24668	GD24668			unmatched
FBgn0195997	Dsim\GD24670	GD24670			unmatched
FBgn0195998	Dsim\GD24671	GD24671			unmatched
FBgn0195999	Dsim\GD24672	GD24672			unmatched
FBgn0196000	Dsim\GD24673	GD24673			unmatched
FBgn0196001	Dsim\GD24674	GD24674			unmatched
FBgn0196002	Dsim\GD24675	GD24675			unmatched
FBgn0196003	Dsim\GD24676	GD24676			unmatched
FBgn0196004	Dsim\GD24677	GD24677			unmatched
FBgn0196005	Dsim\GD24678	GD24678			unmatched
FBgn0196006	Dsim\GD24679	GD24679			unmatched
FBgn0196007	Dsim\GD24680	GD24680			unmatched
FBgn0196008	Dsim\GD24681	GD24681			unmatched
FBgn0196009	Dsim\GD24682	GD24682			unmatched
FBgn0196010	Dsim\GD24683	GD24683			unmatched
FBgn0196012	Dsim\GD24685	GD24685			unmatched
FBgn0196013	Dsim\GD24686	GD24686			unmatched
FBgn0196014	Dsim\GD24687	GD24687			unmatched
FBgn0196015	Dsim\GD24688	GD24688			unmatched
FBgn0196016	Dsim\GD24689	GD24689			unmatched
FBgn0196019	Dsim\GD24693	GD24693			unmatched
FBgn0196021	Dsim\GD24695	GD24695			unmatched
FBgn0196022	Dsim\GD24696	GD24696			unmatched
FBgn0196023	Dsim\GD24697	GD24697			unmatched
FBgn0196024	Dsim\GD24698	GD24698			unmatched
FBgn0196025	Dsim\GD24701	GD24701			unmatched
FBgn0196028	Dsim\GD24704	GD24704			unmatched
FBgn0196029	Dsim\GD24706	GD24706			unmatched
FBgn0196030	Dsim\GD24707	GD24707			unmatched
FBgn0196031	Dsim\GD24708	GD24708			unmatched
FBgn0196032	Dsim\GD24709	GD24709			unmatched
FBgn0196033	Dsim\GD24710	GD24710			unmatched
FBgn0196034	Dsim\GD24711	GD24711			unmatched
FBgn0196035	Dsim\GD24712	GD24712			unmatched
FBgn0196036	Dsim\GD24713	GD24713			unmatched
FBgn0196037	Dsim\GD24714	GD24714			unmatched
FBgn0196039	Dsim\GD24716	GD24716			unmatched
FBgn0196040	Dsim\GD24717	GD24717			unmatched
FBgn0196041	Dsim\GD24718	GD24718			unmatched
FBgn0196044	Dsim\GD24722	GD24722			unmatched
FBgn0196045	Dsim\GD24723	GD24723			unmatched
FBgn0196049	Dsim\GD24727	GD24727			unmatched
FBgn0196050	Dsim\GD24729	GD24729			unmatched
FBgn0196051	Dsim\GD24730	GD24730			unmatched
FBgn0196052	Dsim\GD24731	GD24731			unmatched
FBgn0196054	Dsim\GD24733	GD24733			unmatched
FBgn0196055	Dsim\GD24734	GD24734			unmatched
FBgn0196056	Dsim\GD24735	GD24735			unmatched
FBgn0196058	Dsim\GD24737	GD24737			unmatched
FBgn0196060	Dsim\GD24739	GD24739			unmatched
FBgn0196061	Dsim\GD24740	GD24740			unmatched
FBgn0196062	Dsim\GD24741	GD24741			unmatched
FBgn0196064	Dsim\GD24743	GD24743			unmatched
FBgn0196065	Dsim\GD24744	GD24744			unmatched
FBgn0196066	Dsim\GD24745	GD24745			unmatched
FBgn0196069	Dsim\GD24748	GD24748			unmatched
FBgn0196070	Dsim\GD24749	GD24749			unmatched
FBgn0196072	Dsim\GD24751	GD24751			unmatched
FBgn0196073	Dsim\GD24752	GD24752			unmatched
FBgn0196076	Dsim\GD24755	GD24755			unmatched
FBgn0196077	Dsim\GD24756	GD24756			unmatched
FBgn0196078	Dsim\GD24757	GD24757			unmatched
FBgn0196080	Dsim\GD24759	GD24759			unmatched
FBgn0196081	Dsim\GD24760	GD24760			unmatched
FBgn0196082	Dsim\GD24761	GD24761			unmatched
FBgn0196083	Dsim\GD24762	GD24762			unmatched
FBgn0196084	Dsim\GD24763	GD24763			unmatched
FBgn0196085	Dsim\GD24764	GD24764			unmatched
FBgn0196088	Dsim\GD24767	GD24767			unmatched
FBgn0196089	Dsim\GD24768	GD24768			unmatched
FBgn0196091	Dsim\GD24770	GD24770			unmatched
FBgn0196092	Dsim\GD24771	GD24771			unmatched
FBgn0196093	Dsim\GD24772	GD24772			unmatched
FBgn0196094	Dsim\GD24773	GD24773			unmatched
FBgn0196095	Dsim\GD24774	GD24774			unmatched
FBgn0196096	Dsim\GD24775	GD24775			unmatched
FBgn0196097	Dsim\GD24776	GD24776			unmatched
FBgn0196098	Dsim\GD24777	GD24777			unmatched
FBgn0196100	Dsim\GD24779	GD24779			unmatched
FBgn0196101	Dsim\GD24780	GD24780			unmatched
FBgn0196102	Dsim\GD24781	GD24781			unmatched
FBgn0196103	Dsim\GD24782	GD24782			unmatched
FBgn0196104	Dsim\GD24783	GD24783			unmatched
FBgn0196105	Dsim\GD24784	GD24784			unmatched
FBgn0196106	Dsim\GD24785	GD24785			unmatched
FBgn0196107	Dsim\GD24786	GD24786			unmatched
FBgn0196109	Dsim\GD24788	GD24788			unmatched
FBgn0196110	Dsim\GD24789	GD24789			unmatched
FBgn0196112	Dsim\GD24791	GD24791			unmatched
FBgn0196115	Dsim\GD24794	GD24794			unmatched
FBgn0196116	Dsim\GD24795	GD24795			unmatched
FBgn0196117	Dsim\GD24796	GD24796			unmatched
FBgn0196118	Dsim\GD24797	GD24797			unmatched
FBgn0196120	Dsim\GD24799	GD24799			unmatched
FBgn0196121	Dsim\GD24800	GD24800			unmatched
FBgn0196122	Dsim\GD24801	GD24801			unmatched
FBgn0196124	Dsim\GD24804	GD24804			unmatched
FBgn0196128	Dsim\GD24808	GD24808			unmatched
FBgn0196129	Dsim\GD24809	GD24809			unmatched
FBgn0196131	Dsim\GD24811	GD24811			unmatched
FBgn0196132	Dsim\GD24812	GD24812			unmatched
FBgn0196133	Dsim\GD24813	GD24813			unmatched
FBgn0196134	Dsim\GD24814	GD24814			unmatched
FBgn0196135	Dsim\GD24815	GD24815			unmatched
FBgn0196136	Dsim\GD24816	GD24816			unmatched
FBgn0196137	Dsim\GD24817	GD24817			unmatched
FBgn0196138	Dsim\GD24818	GD24818			unmatched
FBgn0196139	Dsim\GD24819	GD24819			unmatched
FBgn0196140	Dsim\GD24820	GD24820			unmatched
FBgn0196141	Dsim\GD24821	GD24821			unmatched
FBgn0196142	Dsim\GD24822	GD24822			unmatched
FBgn0196143	Dsim\GD24823	GD24823			unmatched
FBgn0196144	Dsim\GD24824	GD24824			unmatched
FBgn0196145	Dsim\GD24825	GD24825			unmatched
FBgn0196146	Dsim\GD24826	GD24826			unmatched
FBgn0196147	Dsim\GD24827	GD24827			unmatched
FBgn0196149	Dsim\GD24830	GD24830			unmatched
FBgn0196152	Dsim\GD24833	GD24833			unmatched
FBgn0196155	Dsim\GD24836	GD24836			unmatched
FBgn0196156	Dsim\GD24837	GD24837			unmatched
FBgn0196159	Dsim\GD24840	GD24840			unmatched
FBgn0196160	Dsim\GD24843	GD24843			unmatched
FBgn0196161	Dsim\GD24844	GD24844			unmatched
FBgn0196163	Dsim\GD24846	GD24846			unmatched
FBgn0196167	Dsim\GD24850	GD24850			unmatched
FBgn0196169	Dsim\GD24852	GD24852			unmatched
FBgn0196171	Dsim\GD24854	GD24854			unmatched
FBgn0196172	Dsim\GD24855	GD24855			unmatched
FBgn0196173	Dsim\GD24856	GD24856			unmatched
FBgn0196174	Dsim\GD24857	GD24857			unmatched
FBgn0196175	Dsim\GD24858	GD24858			unmatched
FBgn0196178	Dsim\GD24861	GD24861			unmatched
FBgn0196179	Dsim\GD24862	GD24862			unmatched
FBgn0196180	Dsim\GD24863	GD24863			unmatched
FBgn0196183	Dsim\GD24866	GD24866			unmatched
FBgn0196186	Dsim\GD24869	GD24869			unmatched
FBgn0196188	Dsim\GD24871	GD24871			unmatched
FBgn0196189	Dsim\GD24872	GD24872			unmatched
FBgn0196192	Dsim\GD24875	GD24875			unmatched
FBgn0196193	Dsim\GD24876	GD24876			unmatched
FBgn0196194	Dsim\GD24878	GD24878			unmatched
FBgn0196195	Dsim\GD24879	GD24879			unmatched
FBgn0196196	Dsim\GD24880	GD24880			unmatched
FBgn0196197	Dsim\GD24881	GD24881			unmatched
FBgn0196198	Dsim\Obp19a	Obp19a	FBgn0031109	Obp19a	matched
FBgn0196199	Dsim\GD24883	GD24883			unmatched
FBgn0196201	Dsim\GD24885	GD24885			unmatched
FBgn0196203	Dsim\GD24887	GD24887			unmatched
FBgn0196204	Dsim\GD24888	GD24888			unmatched
FBgn0196207	Dsim\GD24891	GD24891			unmatched
FBgn0196208	Dsim\GD24892	GD24892			unmatched
FBgn0196210	Dsim\GD24894	GD24894			unmatched
FBgn0196211	Dsim\GD24895	GD24895			unmatched
FBgn0196212	Dsim\GD24896	GD24896			unmatched
FBgn0196213	Dsim\GD24897	GD24897			unmatched
FBgn0196214	Dsim\GD24898	GD24898			unmatched
FBgn0196215	Dsim\GD24899	GD24899			unmatched
FBgn0196216	Dsim\GD24900	GD24900			unmatched
FBgn0196217	Dsim\GD24901	GD24901			unmatched
FBgn0196218	Dsim\GD24902	GD24902			unmatched
FBgn0196219	Dsim\GD24903	GD24903			unmatched
FBgn0196220	Dsim\GD24904	GD24904			unmatched
FBgn0196221	Dsim\GD24905	GD24905			unmatched
FBgn0196222	Dsim\GD24906	GD24906			unmatched
FBgn0196223	Dsim\GD24907	GD24907			unmatched
FBgn0196224	Dsim\GD24908	GD24908			unmatched
FBgn0196225	Dsim\GD24909	GD24909			unmatched
FBgn0196226	Dsim\GD24910	GD24910			unmatched
FBgn0196227	Dsim\GD24911	GD24911			unmatched
FBgn0196228	Dsim\GD24912	GD24912			unmatched
FBgn0196230	Dsim\GD24914	GD24914			unmatched
FBgn0196231	Dsim\GD24915	GD24915			unmatched
FBgn0196232	Dsim\GD24916	GD24916			unmatched
FBgn0196233	Dsim\GD24918	GD24918			unmatched
FBgn0196235	Dsim\GD24920	GD24920			unmatched
FBgn0196236	Dsim\GD24921	GD24921			unmatched
FBgn0196237	Dsim\GD24922	GD24922			unmatched
FBgn0196238	Dsim\GD24923	GD24923			unmatched
FBgn0196239	Dsim\GD24924	GD24924			unmatched
FBgn0196240	Dsim\GD24926	GD24926			unmatched
FBgn0196241	Dsim\GD24927	GD24927			unmatched
FBgn0196242	Dsim\GD24928	GD24928			unmatched
FBgn0196243	Dsim\GD24929	GD24929			unmatched
FBgn0196244	Dsim\GD24930	GD24930			unmatched
FBgn0196245	Dsim\GD24931	GD24931			unmatched
FBgn0196246	Dsim\GD24932	GD24932			unmatched
FBgn0196247	Dsim\GD24933	GD24933			unmatched
FBgn0196249	Dsim\GD24935	GD24935			unmatched
FBgn0196250	Dsim\GD24936	GD24936			unmatched
FBgn0196251	Dsim\GD24937	GD24937			unmatched
FBgn0196253	Dsim\GD24939	GD24939			unmatched
FBgn0196254	Dsim\GD24940	GD24940			unmatched
FBgn0196255	Dsim\GD24941	GD24941			unmatched
FBgn0196256	Dsim\GD24942	GD24942			unmatched
FBgn0196257	Dsim\GD24943	GD24943			unmatched
FBgn0196258	Dsim\GD24944	GD24944			unmatched
FBgn0196259	Dsim\GD24945	GD24945			unmatched
FBgn0196260	Dsim\GD24947	GD24947			unmatched
FBgn0196261	Dsim\GD24948	GD24948			unmatched
FBgn0196262	Dsim\GD24949	GD24949			unmatched
FBgn0196264	Dsim\GD24951	GD24951			unmatched
FBgn0196266	Dsim\GD24953	GD24953			unmatched
FBgn0196267	Dsim\GD24954	GD24954			unmatched
FBgn0196268	Dsim\GD24955	GD24955			unmatched
FBgn0196269	Dsim\GD24956	GD24956			unmatched
FBgn0196272	Dsim\GD24959	GD24959			unmatched
FBgn0196274	Dsim\GD24961	GD24961			unmatched
FBgn0196275	Dsim\GD24962	GD24962			unmatched
FBgn0196278	Dsim\GD24965	GD24965			unmatched
FBgn0196280	Dsim\GD24967	GD24967			unmatched
FBgn0196281	Dsim\GD24968	GD24968			unmatched
FBgn0196282	Dsim\GD24969	GD24969			unmatched
FBgn0196283	Dsim\GD24970	GD24970			unmatched
FBgn0196285	Dsim\GD24972	GD24972			unmatched
FBgn0196286	Dsim\GD24973	GD24973			unmatched
FBgn0196287	Dsim\GD24974	GD24974			unmatched
FBgn0196288	Dsim\GD24975	GD24975			unmatched
FBgn0196289	Dsim\GD24976	GD24976			unmatched
FBgn0196290	Dsim\GD24977	GD24977			unmatched
FBgn0196291	Dsim\GD24978	GD24978			unmatched
FBgn0196292	Dsim\GD24979	GD24979			unmatched
FBgn0196293	Dsim\GD24980	GD24980			unmatched
FBgn0196294	Dsim\GD24981	GD24981			unmatched
FBgn0196295	Dsim\GD24982	GD24982			unmatched
FBgn0196298	Dsim\GD24985	GD24985			unmatched
FBgn0196299	Dsim\GD24986	GD24986			unmatched
FBgn0196300	Dsim\GD24987	GD24987			unmatched
FBgn0196301	Dsim\GD24988	GD24988			unmatched
FBgn0196302	Dsim\GD24989	GD24989			unmatched
FBgn0196303	Dsim\GD24990	GD24990			unmatched
FBgn0196304	Dsim\GD24991	GD24991			unmatched
FBgn0196305	Dsim\GD24992	GD24992			unmatched
FBgn0196307	Dsim\GD24994	GD24994			unmatched
FBgn0196308	Dsim\GD24995	GD24995			unmatched
FBgn0196310	Dsim\GD24997	GD24997			unmatched
FBgn0196312	Dsim\GD24999	GD24999			unmatched
FBgn0196313	Dsim\GD25000	GD25000			unmatched
FBgn0196314	Dsim\GD25001	GD25001			unmatched
FBgn0196315	Dsim\GD25002	GD25002			unmatched
FBgn0196316	Dsim\GD25003	GD25003			unmatched
FBgn0196317	Dsim\GD25004	GD25004			unmatched
FBgn0196318	Dsim\GD25005	GD25005			unmatched
FBgn0196319	Dsim\GD25007	GD25007			unmatched
FBgn0196320	Dsim\GD25008	GD25008			unmatched
FBgn0196321	Dsim\GD25009	GD25009			unmatched
FBgn0196322	Dsim\GD25010	GD25010			unmatched
FBgn0196323	Dsim\GD25011	GD25011			unmatched
FBgn0196324	Dsim\GD25012	GD25012			unmatched
FBgn0196325	Dsim\GD25013	GD25013			unmatched
FBgn0196326	Dsim\GD25014	GD25014			unmatched
FBgn0196328	Dsim\GD25016	GD25016			unmatched
FBgn0196329	Dsim\GD25017	GD25017			unmatched
FBgn0196332	Dsim\GD25020	GD25020			unmatched
FBgn0196333	Dsim\GD25021	GD25021			unmatched
FBgn0196334	Dsim\GD25022	GD25022			unmatched
FBgn0196335	Dsim\GD25023	GD25023			unmatched
FBgn0196336	Dsim\GD25024	GD25024			unmatched
FBgn0196337	Dsim\GD25025	GD25025			unmatched
FBgn0196338	Dsim\GD25026	GD25026			unmatched
FBgn0196339	Dsim\GD25027	GD25027			unmatched
FBgn0196340	Dsim\GD25028	GD25028			unmatched
FBgn0196342	Dsim\GD25030	GD25030			unmatched
FBgn0196344	Dsim\GD25032	GD25032			unmatched
FBgn0196345	Dsim\GD25033	GD25033			unmatched
FBgn0196348	Dsim\GD25036	GD25036			unmatched
FBgn0196349	Dsim\GD25037	GD25037			unmatched
FBgn0196351	Dsim\GD25039	GD25039			unmatched
FBgn0196352	Dsim\GD25040	GD25040			unmatched
FBgn0196353	Dsim\GD25041	GD25041			unmatched
FBgn0196354	Dsim\GD25042	GD25042			unmatched
FBgn0196355	Dsim\GD25043	GD25043			unmatched
FBgn0196356	Dsim\GD25044	GD25044			unmatched
FBgn0196357	Dsim\GD25045	GD25045			unmatched
FBgn0196358	Dsim\GD25046	GD25046			unmatched
FBgn0196359	Dsim\GD25047	GD25047			unmatched
FBgn0196361	Dsim\GD25049	GD25049			unmatched
FBgn0196362	Dsim\GD25050	GD25050			unmatched
FBgn0196363	Dsim\GD25051	GD25051			unmatched
FBgn0196364	Dsim\GD25052	GD25052			unmatched
FBgn0196365	Dsim\GD25053	GD25053			unmatched
FBgn0196367	Dsim\GD25055	GD25055			unmatched
FBgn0196368	Dsim\GD25056	GD25056			unmatched
FBgn0196369	Dsim\GD25057	GD25057			unmatched
FBgn0196370	Dsim\GD25058	GD25058			unmatched
FBgn0196371	Dsim\GD25059	GD25059			unmatched
FBgn0196372	Dsim\GD25060	GD25060			unmatched
FBgn0196373	Dsim\GD25061	GD25061			unmatched
FBgn0196374	Dsim\GD25062	GD25062			unmatched
FBgn0196375	Dsim\GD25063	GD25063			unmatched
FBgn0196376	Dsim\GD25064	GD25064			unmatched
FBgn0196377	Dsim\HP1Lcsd	HP1Lcsd	FBgn0263084	HP1Lcsd	matched
FBgn0196378	Dsim\GD25066	GD25066			unmatched
FBgn0196380	Dsim\GD25068	GD25068			unmatched
FBgn0196381	Dsim\GD25069	GD25069			unmatched
FBgn0196382	Dsim\GD25070	GD25070			unmatched
FBgn0196383	Dsim\GD25071	GD25071			unmatched
FBgn0196384	Dsim\GD25072	GD25072			unmatched
FBgn0196385	Dsim\GD25073	GD25073			unmatched
FBgn0196387	Dsim\GD25075	GD25075			unmatched
FBgn0196388	Dsim\GD25076	GD25076			unmatched
FBgn0196389	Dsim\GD25077	GD25077			unmatched
FBgn0196390	Dsim\GD25078	GD25078			unmatched
FBgn0196391	Dsim\GD25079	GD25079			unmatched
FBgn0196392	Dsim\GD25080	GD25080			unmatched
FBgn0196393	Dsim\GD25081	GD25081			unmatched
FBgn0196394	Dsim\GD25082	GD25082			unmatched
FBgn0196396	Dsim\GD25084	GD25084			unmatched
FBgn0196397	Dsim\GD25085	GD25085			unmatched
FBgn0196398	Dsim\GD25086	GD25086			unmatched
FBgn0196399	Dsim\GD25087	GD25087			unmatched
FBgn0196401	Dsim\GD25089	GD25089			unmatched
FBgn0196404	Dsim\GD25092	GD25092			unmatched
FBgn0196406	Dsim\GD25094	GD25094			unmatched
FBgn0196407	Dsim\GD25095	GD25095			unmatched
FBgn0196408	Dsim\GD25096	GD25096			unmatched
FBgn0196409	Dsim\GD25097	GD25097			unmatched
FBgn0196410	Dsim\GD25098	GD25098			unmatched
FBgn0196411	Dsim\GD25099	GD25099			unmatched
FBgn0196412	Dsim\GD25100	GD25100			unmatched
FBgn0196414	Dsim\GD25102	GD25102			unmatched
FBgn0196416	Dsim\GD25104	GD25104			unmatched
FBgn0196417	Dsim\GD25105	GD25105			unmatched
FBgn0196418	Dsim\GD25106	GD25106			unmatched
FBgn0196419	Dsim\Obp58c	Obp58c	FBgn0034769	Obp58c	matched
FBgn0196420	Dsim\GD25108	GD25108			unmatched
FBgn0196421	Dsim\GD25109	GD25109			unmatched
FBgn0196422	Dsim\GD25110	GD25110			unmatched
FBgn0196423	Dsim\GD25111	GD25111			unmatched
FBgn0196424	Dsim\GD25112	GD25112			unmatched
FBgn0196425	Dsim\GD25113	GD25113			unmatched
FBgn0196426	Dsim\GD25114	GD25114			unmatched
FBgn0196427	Dsim\GD25115	GD25115			unmatched
FBgn0196428	Dsim\GD25116	GD25116			unmatched
FBgn0196429	Dsim\GD25117	GD25117			unmatched
FBgn0196430	Dsim\GD25118	GD25118			unmatched
FBgn0196431	Dsim\GD25119	GD25119			unmatched
FBgn0196432	Dsim\GD25120	GD25120			unmatched
FBgn0196433	Dsim\GD25121	GD25121			unmatched
FBgn0196434	Dsim\GD25122	GD25122			unmatched
FBgn0196435	Dsim\GD25123	GD25123			unmatched
FBgn0196436	Dsim\GD25124	GD25124			unmatched
FBgn0196440	Dsim\GD25128	GD25128			unmatched
FBgn0196441	Dsim\GD25129	GD25129			unmatched
FBgn0196442	Dsim\GD25130	GD25130			unmatched
FBgn0196443	Dsim\GD25131	GD25131			unmatched
FBgn0196444	Dsim\GD25132	GD25132			unmatched
FBgn0196445	Dsim\GD25133	GD25133			unmatched
FBgn0196446	Dsim\GD25134	GD25134			unmatched
FBgn0196447	Dsim\GD25135	GD25135			unmatched
FBgn0196449	Dsim\GD25137	GD25137			unmatched
FBgn0196450	Dsim\GD25138	GD25138			unmatched
FBgn0196451	Dsim\GD25139	GD25139			unmatched
FBgn0196453	Dsim\GD25141	GD25141			unmatched
FBgn0196454	Dsim\GD25142	GD25142			unmatched
FBgn0196455	Dsim\GD25143	GD25143			unmatched
FBgn0196456	Dsim\GD25144	GD25144			unmatched
FBgn0196457	Dsim\GD25145	GD25145			unmatched
FBgn0196459	Dsim\GD25147	GD25147			unmatched
FBgn0196460	Dsim\GD25148	GD25148			unmatched
FBgn0196461	Dsim\GD25149	GD25149			unmatched
FBgn0196462	Dsim\GD25150	GD25150			unmatched
FBgn0196463	Dsim\GD25151	GD25151			unmatched
FBgn0196464	Dsim\GD25152	GD25152			unmatched
FBgn0196466	Dsim\GD25154	GD25154			unmatched
FBgn0196467	Dsim\GD25155	GD25155			unmatched
FBgn0196468	Dsim\GD25156	GD25156			unmatched
FBgn0196469	Dsim\GD25157	GD25157			unmatched
FBgn0196470	Dsim\GD25158	GD25158			unmatched
FBgn0196471	Dsim\GD25159	GD25159			unmatched
FBgn0196472	Dsim\GD25160	GD25160			unmatched
FBgn0196473	Dsim\GD25161	GD25161			unmatched
FBgn0196474	Dsim\GD25162	GD25162			unmatched
FBgn0196475	Dsim\GD25163	GD25163			unmatched
FBgn0196476	Dsim\GD25164	GD25164			unmatched
FBgn0196477	Dsim\GD25165	GD25165			unmatched
FBgn0196478	Dsim\GD25166	GD25166			unmatched
FBgn0196479	Dsim\GD25167	GD25167			unmatched
FBgn0196480	Dsim\GD25168	GD25168			unmatched
FBgn0196481	Dsim\GD25169	GD25169			unmatched
FBgn0196482	Dsim\GD25170	GD25170			unmatched
FBgn0196483	Dsim\GD25171	GD25171			unmatched
FBgn0196484	Dsim\GD25172	GD25172			unmatched
FBgn0196485	Dsim\GD25173	GD25173			unmatched
FBgn0196486	Dsim\GD25174	GD25174			unmatched
FBgn0196487	Dsim\GD25175	GD25175			unmatched
FBgn0196488	Dsim\GD25176	GD25176			unmatched
FBgn0196490	Dsim\GD25178	GD25178			unmatched
FBgn0196491	Dsim\GD25179	GD25179			unmatched
FBgn0196492	Dsim\GD25180	GD25180			unmatched
FBgn0196493	Dsim\GD25181	GD25181			unmatched
FBgn0196494	Dsim\GD25182	GD25182			unmatched
FBgn0196495	Dsim\GD25183	GD25183			unmatched
FBgn0196496	Dsim\GD25184	GD25184			unmatched
FBgn0196497	Dsim\GD25185	GD25185			unmatched
FBgn0196498	Dsim\GD25186	GD25186			unmatched
FBgn0196499	Dsim\GD25187	GD25187			unmatched
FBgn0196500	Dsim\GD25188	GD25188			unmatched
FBgn0196502	Dsim\GD25190	GD25190			unmatched
FBgn0196503	Dsim\GD25191	GD25191			unmatched
FBgn0196504	Dsim\GD25192	GD25192			unmatched
FBgn0196505	Dsim\GD25193	GD25193			unmatched
FBgn0196506	Dsim\GD25194	GD25194			unmatched
FBgn0196507	Dsim\GD25195	GD25195			unmatched
FBgn0196508	Dsim\GD25196	GD25196			unmatched
FBgn0196509	Dsim\GD25197	GD25197			unmatched
FBgn0196510	Dsim\GD25198	GD25198			unmatched
FBgn0196511	Dsim\GD25199	GD25199			unmatched
FBgn0196512	Dsim\GD25200	GD25200			unmatched
FBgn0196513	Dsim\GD25201	GD25201			unmatched
FBgn0196514	Dsim\GD25202	GD25202			unmatched
FBgn0196515	Dsim\GD25203	GD25203			unmatched
FBgn0196516	Dsim\GD25204	GD25204			unmatched
FBgn0196518	Dsim\GD25206	GD25206			unmatched
FBgn0196519	Dsim\GD25207	GD25207			unmatched
FBgn0196520	Dsim\GD25208	GD25208			unmatched
FBgn0196521	Dsim\GD25209	GD25209			unmatched
FBgn0196522	Dsim\GD25210	GD25210			unmatched
FBgn0196523	Dsim\GD25211	GD25211			unmatched
FBgn0196524	Dsim\GD25212	GD25212			unmatched
FBgn0196525	Dsim\GD25213	GD25213			unmatched
FBgn0196526	Dsim\GD25214	GD25214			unmatched
FBgn0196527	Dsim\GD25215	GD25215			unmatched
FBgn0196529	Dsim\GD25217	GD25217			unmatched
FBgn0196530	Dsim\GD25218	GD25218			unmatched
FBgn0196531	Dsim\GD25219	GD25219			unmatched
FBgn0196532	Dsim\GD25220	GD25220			unmatched
FBgn0196533	Dsim\GD25221	GD25221			unmatched
FBgn0196534	Dsim\GD25222	GD25222			unmatched
FBgn0196535	Dsim\GD25223	GD25223			unmatched
FBgn0196536	Dsim\GD25224	GD25224			unmatched
FBgn0196537	Dsim\GD25225	GD25225			unmatched
FBgn0196538	Dsim\GD25226	GD25226			unmatched
FBgn0196539	Dsim\GD25227	GD25227			unmatched
FBgn0196540	Dsim\GD25228	GD25228			unmatched
FBgn0196541	Dsim\GD25229	GD25229			unmatched
FBgn0196543	Dsim\GD25231	GD25231			unmatched
FBgn0196544	Dsim\GD25232	GD25232			unmatched
FBgn0196546	Dsim\GD25234	GD25234			unmatched
FBgn0196547	Dsim\GD25235	GD25235			unmatched
FBgn0196548	Dsim\GD25236	GD25236			unmatched
FBgn0196549	Dsim\GD25237	GD25237			unmatched
FBgn0196550	Dsim\GD25238	GD25238			unmatched
FBgn0196551	Dsim\GD25239	GD25239			unmatched
FBgn0196552	Dsim\GD25240	GD25240			unmatched
FBgn0196554	Dsim\GD25242	GD25242			unmatched
FBgn0196555	Dsim\GD25243	GD25243			unmatched
FBgn0196557	Dsim\GD25245	GD25245			unmatched
FBgn0196558	Dsim\GD25246	GD25246			unmatched
FBgn0196559	Dsim\GD25247	GD25247			unmatched
FBgn0196560	Dsim\GD25248	GD25248			unmatched
FBgn0196561	Dsim\GD25249	GD25249			unmatched
FBgn0196562	Dsim\GD25250	GD25250			unmatched
FBgn0196563	Dsim\GD25251	GD25251			unmatched
FBgn0196564	Dsim\GD25252	GD25252			unmatched
FBgn0196566	Dsim\GD25254	GD25254			unmatched
FBgn0196567	Dsim\GD25255	GD25255			unmatched
FBgn0196568	Dsim\GD25256	GD25256			unmatched
FBgn0196569	Dsim\GD25257	GD25257			unmatched
FBgn0196570	Dsim\GD25258	GD25258			unmatched
FBgn0196571	Dsim\GD25259	GD25259			unmatched
FBgn0196572	Dsim\GD25260	GD25260			unmatched
FBgn0196573	Dsim\GD25261	GD25261			unmatched
FBgn0196574	Dsim\GD25262	GD25262			unmatched
FBgn0196575	Dsim\GD25263	GD25263			unmatched
FBgn0196576	Dsim\GD25264	GD25264			unmatched
FBgn0196577	Dsim\GD25265	GD25265			unmatched
FBgn0196579	Dsim\GD25267	GD25267			unmatched
FBgn0196580	Dsim\GD25268	GD25268			unmatched
FBgn0196581	Dsim\GD25269	GD25269			unmatched
FBgn0196582	Dsim\GD25270	GD25270			unmatched
FBgn0196583	Dsim\GD25271	GD25271			unmatched
FBgn0196584	Dsim\GD25272	GD25272			unmatched
FBgn0196585	Dsim\GD25273	GD25273			unmatched
FBgn0196587	Dsim\GD25277	GD25277			unmatched
FBgn0196588	Dsim\GD25278	GD25278			unmatched
FBgn0196589	Dsim\GD25279	GD25279			unmatched
FBgn0196591	Dsim\GD25281	GD25281			unmatched
FBgn0196592	Dsim\GD25282	GD25282			unmatched
FBgn0196593	Dsim\GD25283	GD25283			unmatched
FBgn0196594	Dsim\GD25284	GD25284			unmatched
FBgn0196595	Dsim\GD25289	GD25289			unmatched
FBgn0196596	Dsim\GD25298	GD25298			unmatched
FBgn0196601	Dsim\GD25303	GD25303			unmatched
FBgn0196602	Dsim\GD25304	GD25304			unmatched
FBgn0196603	Dsim\Obp56g	Obp56g	FBgn0034474	Obp56g	matched
FBgn0196604	Dsim\GD25306	GD25306			unmatched
FBgn0196605	Dsim\Obp56c	Obp56c	FBgn0046879	Obp56c	matched
FBgn0196606	Dsim\Obp56b	Obp56b	FBgn0046880	Obp56b	matched
FBgn0196607	Dsim\GD25309	GD25309			unmatched
FBgn0196608	Dsim\GD25310	GD25310			unmatched
FBgn0196609	Dsim\GD25311	GD25311			unmatched
FBgn0196610	Dsim\GD25312	GD25312			unmatched
FBgn0196613	Dsim\GD25315	GD25315			unmatched
FBgn0196614	Dsim\GD25316	GD25316			unmatched
FBgn0196615	Dsim\GD25317	GD25317			unmatched
FBgn0196616	Dsim\GD25318	GD25318			unmatched
FBgn0196617	Dsim\GD25319	GD25319			unmatched
FBgn0196618	Dsim\GD25320	GD25320			unmatched
FBgn0196619	Dsim\GD25321	GD25321			unmatched
FBgn0196621	Dsim\GD25323	GD25323			unmatched
FBgn0196622	Dsim\GD25324	GD25324			unmatched
FBgn0196623	Dsim\GD25325	GD25325			unmatched
FBgn0196624	Dsim\GD25326	GD25326			unmatched
FBgn0196626	Dsim\GD25328	GD25328			unmatched
FBgn0196627	Dsim\GD25329	GD25329			unmatched
FBgn0196628	Dsim\GD25330	GD25330			unmatched
FBgn0196629	Dsim\GD25331	GD25331			unmatched
FBgn0196630	Dsim\GD25332	GD25332			unmatched
FBgn0196631	Dsim\GD25333	GD25333			unmatched
FBgn0196632	Dsim\GD25334	GD25334			unmatched
FBgn0196633	Dsim\GD25335	GD25335			unmatched
FBgn0196634	Dsim\GD25336	GD25336			unmatched
FBgn0196635	Dsim\GD25337	GD25337			unmatched
FBgn0196636	Dsim\GD25338	GD25338			unmatched
FBgn0196637	Dsim\GD25339	GD25339			unmatched
FBgn0196638	Dsim\GD25340	GD25340			unmatched
FBgn0196639	Dsim\GD25341	GD25341			unmatched
FBgn0196641	Dsim\GD25343	GD25343			unmatched
FBgn0196642	Dsim\GD25344	GD25344			unmatched
FBgn0196643	Dsim\GD25346	GD25346			unmatched
FBgn0196645	Dsim\Jheh3	Jheh3	FBgn0034406	Jheh3	matched
FBgn0196646	Dsim\GD25349	GD25349			unmatched
FBgn0196647	Dsim\Jheh1	Jheh1	FBgn0010053	Jheh1	matched
FBgn0196648	Dsim\GD25351	GD25351			unmatched
FBgn0196649	Dsim\GD25352	GD25352			unmatched
FBgn0196650	Dsim\GD25353	GD25353			unmatched
FBgn0196653	Dsim\GD25356	GD25356			unmatched
FBgn0196654	Dsim\GD25357	GD25357			unmatched
FBgn0196655	Dsim\GD25358	GD25358			unmatched
FBgn0196656	Dsim\GD25359	GD25359			unmatched
FBgn0196658	Dsim\GD25361	GD25361			unmatched
FBgn0196659	Dsim\GD25362	GD25362			unmatched
FBgn0196660	Dsim\GD25363	GD25363			unmatched
FBgn0196661	Dsim\GD25364	GD25364			unmatched
FBgn0196663	Dsim\GD25366	GD25366			unmatched
FBgn0196664	Dsim\GD25367	GD25367			unmatched
FBgn0196665	Dsim\GD25368	GD25368			unmatched
FBgn0196666	Dsim\GD25369	GD25369			unmatched
FBgn0196667	Dsim\GD25370	GD25370			unmatched
FBgn0196668	Dsim\GD25371	GD25371			unmatched
FBgn0196669	Dsim\GD25372	GD25372			unmatched
FBgn0196672	Dsim\GD25375	GD25375			unmatched
FBgn0196673	Dsim\GD25376	GD25376			unmatched
FBgn0196674	Dsim\GD25377	GD25377			unmatched
FBgn0196675	Dsim\GD25378	GD25378			unmatched
FBgn0196676	Dsim\GD25379	GD25379			unmatched
FBgn0196677	Dsim\GD25380	GD25380			unmatched
FBgn0196678	Dsim\GD25381	GD25381			unmatched
FBgn0196679	Dsim\GD25382	GD25382			unmatched
FBgn0196682	Dsim\GD25385	GD25385			unmatched
FBgn0196685	Dsim\GD25388	GD25388			unmatched
FBgn0196686	Dsim\GD25389	GD25389			unmatched
FBgn0196688	Dsim\GD25391	GD25391			unmatched
FBgn0196689	Dsim\GD25392	GD25392			unmatched
FBgn0196690	Dsim\GD25394	GD25394			unmatched
FBgn0196691	Dsim\GD25395	GD25395			unmatched
FBgn0196692	Dsim\GD25396	GD25396			unmatched
FBgn0196693	Dsim\GD25397	GD25397			unmatched
FBgn0196695	Dsim\GD25399	GD25399			unmatched
FBgn0196696	Dsim\GD25400	GD25400			unmatched
FBgn0196702	Dsim\GD25406	GD25406			unmatched
FBgn0196704	Dsim\GD25408	GD25408			unmatched
FBgn0196705	Dsim\GD25409	GD25409			unmatched
FBgn0196706	Dsim\GD25410	GD25410			unmatched
FBgn0196707	Dsim\GD25412	GD25412			unmatched
FBgn0196708	Dsim\GD25413	GD25413			unmatched
FBgn0196709	Dsim\GD25414	GD25414			unmatched
FBgn0196711	Dsim\GD25416	GD25416			unmatched
FBgn0196712	Dsim\GD25417	GD25417			unmatched
FBgn0196713	Dsim\GD25418	GD25418			unmatched
FBgn0196714	Dsim\GD25419	GD25419			unmatched
FBgn0196715	Dsim\GD25420	GD25420			unmatched
FBgn0196716	Dsim\GD25421	GD25421			unmatched
FBgn0196717	Dsim\GD25422	GD25422			unmatched
FBgn0196718	Dsim\GD25423	GD25423			unmatched
FBgn0196719	Dsim\GD25424	GD25424			unmatched
FBgn0196720	Dsim\GD25425	GD25425			unmatched
FBgn0196721	Dsim\GD25426	GD25426			unmatched
FBgn0196723	Dsim\GD25428	GD25428			unmatched
FBgn0196724	Dsim\GD25429	GD25429			unmatched
FBgn0196725	Dsim\GD25430	GD25430			unmatched
FBgn0196726	Dsim\GD25431	GD25431			unmatched
FBgn0196727	Dsim\GD25432	GD25432			unmatched
FBgn0196728	Dsim\GD25433	GD25433			unmatched
FBgn0196730	Dsim\GD25435	GD25435			unmatched
FBgn0196731	Dsim\GD25436	GD25436			unmatched
FBgn0196732	Dsim\GD25437	GD25437			unmatched
FBgn0196733	Dsim\GD25438	GD25438			unmatched
FBgn0196734	Dsim\GD25439	GD25439			unmatched
FBgn0196735	Dsim\GD25440	GD25440			unmatched
FBgn0196736	Dsim\GD25441	GD25441			unmatched
FBgn0196737	Dsim\GD25442	GD25442			unmatched
FBgn0196738	Dsim\GD25443	GD25443			unmatched
FBgn0196739	Dsim\GD25444	GD25444			unmatched
FBgn0196740	Dsim\GD25445	GD25445			unmatched
FBgn0196741	Dsim\GD25446	GD25446			unmatched
FBgn0196742	Dsim\GD25447	GD25447			unmatched
FBgn0196743	Dsim\GD25448	GD25448			unmatched
FBgn0196744	Dsim\GD25449	GD25449			unmatched
FBgn0196745	Dsim\GD25450	GD25450			unmatched
FBgn0196747	Dsim\GD25452	GD25452			unmatched
FBgn0196748	Dsim\GD25453	GD25453			unmatched
FBgn0196749	Dsim\GD25454	GD25454			unmatched
FBgn0196751	Dsim\Oxp	Oxp	FBgn0034255	Oxp	matched
FBgn0196752	Dsim\GD25458	GD25458			unmatched
FBgn0196754	Dsim\GD25460	GD25460			unmatched
FBgn0196755	Dsim\GD25461	GD25461			unmatched
FBgn0196756	Dsim\GD25462	GD25462			unmatched
FBgn0196757	Dsim\GD25464	GD25464			unmatched
FBgn0196758	Dsim\GD25465	GD25465			unmatched
FBgn0196759	Dsim\GD25466	GD25466			unmatched
FBgn0196760	Dsim\GD25467	GD25467			unmatched
FBgn0196763	Dsim\GD25470	GD25470			unmatched
FBgn0196767	Dsim\GD25474	GD25474			unmatched
FBgn0196768	Dsim\GD25475	GD25475			unmatched
FBgn0196769	Dsim\GD25476	GD25476			unmatched
FBgn0196770	Dsim\GD25477	GD25477			unmatched
FBgn0196771	Dsim\GD25478	GD25478			unmatched
FBgn0196772	Dsim\GD25479	GD25479			unmatched
FBgn0196773	Dsim\GD25480	GD25480			unmatched
FBgn0196774	Dsim\GD25481	GD25481			unmatched
FBgn0196775	Dsim\GD25482	GD25482			unmatched
FBgn0196776	Dsim\GD25483	GD25483			unmatched
FBgn0196777	Dsim\GD25484	GD25484			unmatched
FBgn0196778	Dsim\GD25485	GD25485			unmatched
FBgn0196780	Dsim\GD25487	GD25487			unmatched
FBgn0196781	Dsim\GD25488	GD25488			unmatched
FBgn0196782	Dsim\GD25489	GD25489			unmatched
FBgn0196783	Dsim\GD25490	GD25490			unmatched
FBgn0196784	Dsim\GD25491	GD25491			unmatched
FBgn0196785	Dsim\GD25492	GD25492			unmatched
FBgn0196786	Dsim\GD25495	GD25495			unmatched
FBgn0196787	Dsim\GD25496	GD25496			unmatched
FBgn0196788	Dsim\GD25497	GD25497			unmatched
FBgn0196789	Dsim\GD25498	GD25498			unmatched
FBgn0196790	Dsim\GD25499	GD25499			unmatched
FBgn0196791	Dsim\GD25500	GD25500			unmatched
FBgn0196792	Dsim\GD25501	GD25501			unmatched
FBgn0196793	Dsim\GD25502	GD25502			unmatched
FBgn0196794	Dsim\GD25503	GD25503			unmatched
FBgn0196795	Dsim\GD25504	GD25504			unmatched
FBgn0196796	Dsim\GD25505	GD25505			unmatched
FBgn0196797	Dsim\GD25506	GD25506			unmatched
FBgn0196798	Dsim\GD25507	GD25507			unmatched
FBgn0196800	Dsim\GD25509	GD25509			unmatched
FBgn0196801	Dsim\GD25510	GD25510			unmatched
FBgn0196802	Dsim\GD25511	GD25511			unmatched
FBgn0196803	Dsim\GD25512	GD25512			unmatched
FBgn0196804	Dsim\GD25513	GD25513			unmatched
FBgn0196805	Dsim\GD25514	GD25514			unmatched
FBgn0196806	Dsim\GD25515	GD25515			unmatched
FBgn0196807	Dsim\GD25516	GD25516			unmatched
FBgn0196808	Dsim\GD25521	GD25521			unmatched
FBgn0196809	Dsim\GD25522	GD25522			unmatched
FBgn0196810	Dsim\GD25523	GD25523			unmatched
FBgn0196811	Dsim\GD25524	GD25524			unmatched
FBgn0196812	Dsim\GD25525	GD25525			unmatched
FBgn0196814	Dsim\GD25528	GD25528			unmatched
FBgn0196815	Dsim\GD25529	GD25529			unmatched
FBgn0196816	Dsim\GD25530	GD25530			unmatched
FBgn0196817	Dsim\GD25531	GD25531			unmatched
FBgn0196818	Dsim\GD25532	GD25532			unmatched
FBgn0196819	Dsim\GD25533	GD25533			unmatched
FBgn0196820	Dsim\GD25534	GD25534			unmatched
FBgn0196821	Dsim\GD25535	GD25535			unmatched
FBgn0196822	Dsim\GD25536	GD25536			unmatched
FBgn0196823	Dsim\GD25537	GD25537			unmatched
FBgn0196824	Dsim\GD25538	GD25538			unmatched
FBgn0196826	Dsim\GD25540	GD25540			unmatched
FBgn0196827	Dsim\GD25541	GD25541			unmatched
FBgn0196828	Dsim\GD25542	GD25542			unmatched
FBgn0196829	Dsim\GD25543	GD25543			unmatched
FBgn0196830	Dsim\GD25544	GD25544			unmatched
FBgn0196831	Dsim\GD25545	GD25545			unmatched
FBgn0196832	Dsim\GD25546	GD25546			unmatched
FBgn0196833	Dsim\GD25547	GD25547			unmatched
FBgn0196834	Dsim\GD25548	GD25548			unmatched
FBgn0196835	Dsim\GD25549	GD25549			unmatched
FBgn0196836	Dsim\GD25550	GD25550			unmatched
FBgn0196837	Dsim\GD25551	GD25551			unmatched
FBgn0196838	Dsim\GD25552	GD25552			unmatched
FBgn0196839	Dsim\GD25553	GD25553			unmatched
FBgn0196841	Dsim\GD25555	GD25555			unmatched
FBgn0196842	Dsim\GD25556	GD25556			unmatched
FBgn0196843	Dsim\GD25557	GD25557			unmatched
FBgn0196844	Dsim\GD25558	GD25558			unmatched
FBgn0196845	Dsim\GD25559	GD25559			unmatched
FBgn0196846	Dsim\GD25560	GD25560			unmatched
FBgn0196847	Dsim\GD25561	GD25561			unmatched
FBgn0196848	Dsim\GD25562	GD25562			unmatched
FBgn0196849	Dsim\GD25563	GD25563			unmatched
FBgn0196850	Dsim\GD25564	GD25564			unmatched
FBgn0196851	Dsim\GD25565	GD25565			unmatched
FBgn0196852	Dsim\GD25566	GD25566			unmatched
FBgn0196853	Dsim\GD25567	GD25567			unmatched
FBgn0196855	Dsim\GD25569	GD25569			unmatched
FBgn0196856	Dsim\GD25570	GD25570			unmatched
FBgn0196857	Dsim\GD25571	GD25571			unmatched
FBgn0196859	Dsim\GD25573	GD25573			unmatched
FBgn0196860	Dsim\GD25574	GD25574			unmatched
FBgn0196861	Dsim\GD25575	GD25575			unmatched
FBgn0196862	Dsim\GD25576	GD25576			unmatched
FBgn0196863	Dsim\GD25577	GD25577			unmatched
FBgn0196864	Dsim\GD25578	GD25578			unmatched
FBgn0196865	Dsim\GD25579	GD25579			unmatched
FBgn0196869	Dsim\GD25583	GD25583			unmatched
FBgn0196870	Dsim\GD25584	GD25584			unmatched
FBgn0196872	Dsim\GD25586	GD25586			unmatched
FBgn0196873	Dsim\GD25587	GD25587			unmatched
FBgn0196874	Dsim\GD25588	GD25588			unmatched
FBgn0196875	Dsim\GD25589	GD25589			unmatched
FBgn0196876	Dsim\GD25590	GD25590			unmatched
FBgn0196878	Dsim\GD25592	GD25592			unmatched
FBgn0196879	Dsim\GD25593	GD25593			unmatched
FBgn0196880	Dsim\GD25594	GD25594			unmatched
FBgn0196881	Dsim\GD25595	GD25595			unmatched
FBgn0196882	Dsim\GD25596	GD25596			unmatched
FBgn0196883	Dsim\GD25597	GD25597			unmatched
FBgn0196886	Dsim\GD25600	GD25600			unmatched
FBgn0196887	Dsim\GD25601	GD25601			unmatched
FBgn0196889	Dsim\GD25603	GD25603			unmatched
FBgn0196890	Dsim\GD25604	GD25604			unmatched
FBgn0196891	Dsim\GD25605	GD25605			unmatched
FBgn0196892	Dsim\GD25606	GD25606			unmatched
FBgn0196893	Dsim\GD25607	GD25607			unmatched
FBgn0196894	Dsim\GD25608	GD25608			unmatched
FBgn0196895	Dsim\GD25609	GD25609			unmatched
FBgn0196896	Dsim\GD25610	GD25610			unmatched
FBgn0196897	Dsim\GD25611	GD25611			unmatched
FBgn0196898	Dsim\GD25612	GD25612			unmatched
FBgn0196899	Dsim\GD25613	GD25613			unmatched
FBgn0196900	Dsim\GD25614	GD25614			unmatched
FBgn0196901	Dsim\GD25615	GD25615			unmatched
FBgn0196902	Dsim\GD25616	GD25616			unmatched
FBgn0196903	Dsim\GD25617	GD25617			unmatched
FBgn0196904	Dsim\GD25618	GD25618			unmatched
FBgn0196905	Dsim\GD25619	GD25619			unmatched
FBgn0196907	Dsim\GD25621	GD25621			unmatched
FBgn0196908	Dsim\GD25622	GD25622			unmatched
FBgn0196909	Dsim\GD25623	GD25623			unmatched
FBgn0196910	Dsim\GD25624	GD25624			unmatched
FBgn0196911	Dsim\GD25625	GD25625			unmatched
FBgn0196913	Dsim\GD25627	GD25627			unmatched
FBgn0196915	Dsim\GD25629	GD25629			unmatched
FBgn0196916	Dsim\GD25630	GD25630			unmatched
FBgn0196917	Dsim\GD25631	GD25631			unmatched
FBgn0196918	Dsim\GD25633	GD25633			unmatched
FBgn0196919	Dsim\GD25634	GD25634			unmatched
FBgn0196920	Dsim\GD25635	GD25635			unmatched
FBgn0196921	Dsim\GD25636	GD25636			unmatched
FBgn0196923	Dsim\GD25638	GD25638			unmatched
FBgn0196924	Dsim\Obp51a	Obp51a	FBgn0043530	Obp51a	matched
FBgn0196925	Dsim\GD25640	GD25640			unmatched
FBgn0196926	Dsim\GD25641	GD25641			unmatched
FBgn0196927	Dsim\GD25642	GD25642			unmatched
FBgn0196928	Dsim\GD25643	GD25643			unmatched
FBgn0196929	Dsim\GD25644	GD25644			unmatched
FBgn0196930	Dsim\GD25645	GD25645			unmatched
FBgn0196931	Dsim\GD25646	GD25646			unmatched
FBgn0196932	Dsim\GD25647	GD25647			unmatched
FBgn0196934	Dsim\GD25649	GD25649			unmatched
FBgn0196935	Dsim\GD25650	GD25650			unmatched
FBgn0196936	Dsim\GD25651	GD25651			unmatched
FBgn0196937	Dsim\GD25652	GD25652			unmatched
FBgn0196938	Dsim\GD25653	GD25653			unmatched
FBgn0196939	Dsim\GD25654	GD25654			unmatched
FBgn0196940	Dsim\GD25655	GD25655			unmatched
FBgn0196941	Dsim\GD25656	GD25656			unmatched
FBgn0196942	Dsim\GD25657	GD25657			unmatched
FBgn0196944	Dsim\GD25659	GD25659			unmatched
FBgn0196945	Dsim\GD25660	GD25660			unmatched
FBgn0196946	Dsim\GD25661	GD25661			unmatched
FBgn0196947	Dsim\GD25662	GD25662			unmatched
FBgn0196948	Dsim\GD25663	GD25663			unmatched
FBgn0196949	Dsim\GD25664	GD25664			unmatched
FBgn0196950	Dsim\GD25665	GD25665			unmatched
FBgn0196951	Dsim\GD25666	GD25666			unmatched
FBgn0196952	Dsim\GD25667	GD25667			unmatched
FBgn0196953	Dsim\GD25668	GD25668			unmatched
FBgn0196955	Dsim\GD25670	GD25670			unmatched
FBgn0196956	Dsim\GD25671	GD25671			unmatched
FBgn0196957	Dsim\GD25672	GD25672			unmatched
FBgn0196958	Dsim\GD25673	GD25673			unmatched
FBgn0196959	Dsim\GD25674	GD25674			unmatched
FBgn0196960	Dsim\GD25675	GD25675			unmatched
FBgn0196961	Dsim\GD25676	GD25676			unmatched
FBgn0196962	Dsim\GD25677	GD25677			unmatched
FBgn0196963	Dsim\GD25678	GD25678			unmatched
FBgn0196964	Dsim\GD25679	GD25679			unmatched
FBgn0196968	Dsim\GD25683	GD25683			unmatched
FBgn0196969	Dsim\Obp50e	Obp50e	FBgn0033931	Obp50e	matched
FBgn0196970	Dsim\GD25685	GD25685			unmatched
FBgn0196971	Dsim\Obp50a	Obp50a	FBgn0050067	Obp50a	matched
FBgn0196972	Dsim\GD25687	GD25687			unmatched
FBgn0196973	Dsim\GD25688	GD25688			unmatched
FBgn0196974	Dsim\GD25689	GD25689			unmatched
FBgn0196976	Dsim\GD25691	GD25691			unmatched
FBgn0196977	Dsim\GD25692	GD25692			unmatched
FBgn0196978	Dsim\GD25693	GD25693			unmatched
FBgn0196979	Dsim\GD25694	GD25694			unmatched
FBgn0196981	Dsim\GD25696	GD25696			unmatched
FBgn0196984	Dsim\GD25699	GD25699			unmatched
FBgn0196985	Dsim\GD25700	GD25700			unmatched
FBgn0196987	Dsim\GD25702	GD25702			unmatched
FBgn0196988	Dsim\GD25703	GD25703			unmatched
FBgn0196989	Dsim\GD25704	GD25704			unmatched
FBgn0196990	Dsim\GD25705	GD25705			unmatched
FBgn0196992	Dsim\GD25707	GD25707			unmatched
FBgn0196993	Dsim\GD25708	GD25708			unmatched
FBgn0196994	Dsim\GD25709	GD25709			unmatched
FBgn0196996	Dsim\GD25712	GD25712			unmatched
FBgn0196997	Dsim\GD25713	GD25713			unmatched
FBgn0196998	Dsim\GD25714	GD25714			unmatched
FBgn0196999	Dsim\GD25715	GD25715			unmatched
FBgn0197000	Dsim\GD25716	GD25716			unmatched
FBgn0197001	Dsim\GD25717	GD25717			unmatched
FBgn0197002	Dsim\GD25718	GD25718			unmatched
FBgn0197004	Dsim\GD25720	GD25720			unmatched
FBgn0197006	Dsim\GD25722	GD25722			unmatched
FBgn0197008	Dsim\GD25725	GD25725			unmatched
FBgn0197009	Dsim\GD25726	GD25726			unmatched
FBgn0197010	Dsim\GD25727	GD25727			unmatched
FBgn0197011	Dsim\GD25728	GD25728			unmatched
FBgn0197012	Dsim\GD25730	GD25730			unmatched
FBgn0197016	Dsim\GD25734	GD25734			unmatched
FBgn0197017	Dsim\GD25735	GD25735			unmatched
FBgn0197018	Dsim\GD25736	GD25736			unmatched
FBgn0197019	Dsim\GD25737	GD25737			unmatched
FBgn0197020	Dsim\GD25738	GD25738			unmatched
FBgn0197021	Dsim\GD25739	GD25739			unmatched
FBgn0197022	Dsim\GD25740	GD25740			unmatched
FBgn0197023	Dsim\GD25741	GD25741			unmatched
FBgn0197024	Dsim\GD25742	GD25742			unmatched
FBgn0197025	Dsim\GD25743	GD25743			unmatched
FBgn0197026	Dsim\GD25744	GD25744			unmatched
FBgn0197027	Dsim\GD25745	GD25745			unmatched
FBgn0197028	Dsim\GD25746	GD25746			unmatched
FBgn0197029	Dsim\GD25747	GD25747			unmatched
FBgn0197030	Dsim\GD25748	GD25748			unmatched
FBgn0197031	Dsim\GD25749	GD25749			unmatched
FBgn0197032	Dsim\GD25750	GD25750			unmatched
FBgn0197035	Dsim\GD25753	GD25753			unmatched
FBgn0197036	Dsim\GD25754	GD25754			unmatched
FBgn0197037	Dsim\GD25756	GD25756			unmatched
FBgn0197038	Dsim\GD25757	GD25757			unmatched
FBgn0197040	Dsim\GD25759	GD25759			unmatched
FBgn0197042	Dsim\GD25761	GD25761			unmatched
FBgn0197043	Dsim\GD25762	GD25762			unmatched
FBgn0197044	Dsim\GD25763	GD25763			unmatched
FBgn0197045	Dsim\GD25764	GD25764			unmatched
FBgn0197046	Dsim\GD25765	GD25765			unmatched
FBgn0197048	Dsim\GD25767	GD25767			unmatched
FBgn0197050	Dsim\GD25769	GD25769			unmatched
FBgn0197051	Dsim\GD25770	GD25770			unmatched
FBgn0197053	Dsim\GD25772	GD25772			unmatched
FBgn0197054	Dsim\GD25773	GD25773			unmatched
FBgn0197056	Dsim\GD25775	GD25775			unmatched
FBgn0197057	Dsim\GD25776	GD25776			unmatched
FBgn0197058	Dsim\GD25777	GD25777			unmatched
FBgn0197059	Dsim\GD25778	GD25778			unmatched
FBgn0197060	Dsim\GD25779	GD25779			unmatched
FBgn0197061	Dsim\GD25780	GD25780			unmatched
FBgn0197062	Dsim\GD25781	GD25781			unmatched
FBgn0197063	Dsim\GD25782	GD25782			unmatched
FBgn0197064	Dsim\GD25783	GD25783			unmatched
FBgn0197065	Dsim\GD25784	GD25784			unmatched
FBgn0197067	Dsim\GD25786	GD25786			unmatched
FBgn0197070	Dsim\GD25789	GD25789			unmatched
FBgn0197071	Dsim\GD25790	GD25790			unmatched
FBgn0197072	Dsim\GD25791	GD25791			unmatched
FBgn0197073	Dsim\GD25792	GD25792			unmatched
FBgn0197075	Dsim\GD25794	GD25794			unmatched
FBgn0197076	Dsim\GD25795	GD25795			unmatched
FBgn0197077	Dsim\GD25796	GD25796			unmatched
FBgn0197078	Dsim\GD25797	GD25797			unmatched
FBgn0197079	Dsim\GD25798	GD25798			unmatched
FBgn0197080	Dsim\GD25799	GD25799			unmatched
FBgn0197082	Dsim\GD25801	GD25801			unmatched
FBgn0197083	Dsim\GD25802	GD25802			unmatched
FBgn0197084	Dsim\GD25803	GD25803			unmatched
FBgn0197085	Dsim\GD25804	GD25804			unmatched
FBgn0197086	Dsim\GD25805	GD25805			unmatched
FBgn0197087	Dsim\GD25806	GD25806			unmatched
FBgn0197088	Dsim\GD25807	GD25807			unmatched
FBgn0197089	Dsim\GD25808	GD25808			unmatched
FBgn0197090	Dsim\GD25809	GD25809			unmatched
FBgn0197091	Dsim\GD25811	GD25811			unmatched
FBgn0197092	Dsim\GD25812	GD25812			unmatched
FBgn0197093	Dsim\GD25813	GD25813			unmatched
FBgn0197095	Dsim\GD25815	GD25815			unmatched
FBgn0197096	Dsim\GD25816	GD25816			unmatched
FBgn0197097	Dsim\GD25817	GD25817			unmatched
FBgn0197098	Dsim\Obp49a	Obp49a	FBgn0050052	Obp49a	matched
FBgn0197099	Dsim\GD25819	GD25819			unmatched
FBgn0197101	Dsim\GD25821	GD25821			unmatched
FBgn0197102	Dsim\GD25822	GD25822			unmatched
FBgn0197103	Dsim\GD25823	GD25823			unmatched
FBgn0197104	Dsim\GD25824	GD25824			unmatched
FBgn0197105	Dsim\GD25825	GD25825			unmatched
FBgn0197106	Dsim\GD25826	GD25826			unmatched
FBgn0197107	Dsim\GD25827	GD25827			unmatched
FBgn0197108	Dsim\GD25828	GD25828			unmatched
FBgn0197109	Dsim\GD25829	GD25829			unmatched
FBgn0197110	Dsim\GD25830	GD25830			unmatched
FBgn0197111	Dsim\GD25831	GD25831			unmatched
FBgn0197112	Dsim\GD25832	GD25832			unmatched
FBgn0197114	Dsim\GD25834	GD25834			unmatched
FBgn0197115	Dsim\GD25835	GD25835			unmatched
FBgn0197116	Dsim\GD25836	GD25836			unmatched
FBgn0197117	Dsim\GD25837	GD25837			unmatched
FBgn0197118	Dsim\GD25838	GD25838			unmatched
FBgn0197119	Dsim\GD25839	GD25839			unmatched
FBgn0197120	Dsim\GD25840	GD25840			unmatched
FBgn0197122	Dsim\GD25842	GD25842			unmatched
FBgn0197123	Dsim\GD25843	GD25843			unmatched
FBgn0197124	Dsim\GD25844	GD25844			unmatched
FBgn0197125	Dsim\GD25845	GD25845			unmatched
FBgn0197126	Dsim\GD25846	GD25846			unmatched
FBgn0197127	Dsim\GD25847	GD25847			unmatched
FBgn0197128	Dsim\GD25848	GD25848			unmatched
FBgn0197129	Dsim\GD25849	GD25849			unmatched
FBgn0197130	Dsim\GD25850	GD25850			unmatched
FBgn0197132	Dsim\GD25852	GD25852			unmatched
FBgn0197134	Dsim\GD25854	GD25854			unmatched
FBgn0197136	Dsim\GD25856	GD25856			unmatched
FBgn0197138	Dsim\GD25858	GD25858			unmatched
FBgn0197139	Dsim\GD25859	GD25859			unmatched
FBgn0197143	Dsim\GD25863	GD25863			unmatched
FBgn0197145	Dsim\GD25865	GD25865			unmatched
FBgn0197146	Dsim\GD25866	GD25866			unmatched
FBgn0197147	Dsim\GD25867	GD25867			unmatched
FBgn0197148	Dsim\GD25868	GD25868			unmatched
FBgn0197149	Dsim\GD25869	GD25869			unmatched
FBgn0197150	Dsim\GD25870	GD25870			unmatched
FBgn0197151	Dsim\GD25871	GD25871			unmatched
FBgn0197152	Dsim\GD25872	GD25872			unmatched
FBgn0197153	Dsim\GD25873	GD25873			unmatched
FBgn0197154	Dsim\GD25874	GD25874			unmatched
FBgn0197155	Dsim\GD25875	GD25875			unmatched
FBgn0197157	Dsim\GD25878	GD25878			unmatched
FBgn0197159	Dsim\GD25880	GD25880			unmatched
FBgn0197160	Dsim\GD25881	GD25881			unmatched
FBgn0197162	Dsim\GD25883	GD25883			unmatched
FBgn0197163	Dsim\GD25884	GD25884			unmatched
FBgn0197164	Dsim\GD25885	GD25885			unmatched
FBgn0197166	Dsim\GD25887	GD25887			unmatched
FBgn0197167	Dsim\GD25888	GD25888			unmatched
FBgn0197168	Dsim\GD25889	GD25889			unmatched
FBgn0197169	Dsim\GD25890	GD25890			unmatched
FBgn0197170	Dsim\GD25891	GD25891			unmatched
FBgn0197171	Dsim\GD25892	GD25892			unmatched
FBgn0197172	Dsim\GD25893	GD25893			unmatched
FBgn0197173	Dsim\GD25894	GD25894			unmatched
FBgn0197174	Dsim\GD25895	GD25895			unmatched
FBgn0197179	Dsim\GD25901	GD25901			unmatched
FBgn0197180	Dsim\GD25902	GD25902			unmatched
FBgn0197181	Dsim\GD25903	GD25903			unmatched
FBgn0197183	Dsim\GD25905	GD25905			unmatched
FBgn0197184	Dsim\GD25906	GD25906			unmatched
FBgn0197185	Dsim\GD25907	GD25907			unmatched
FBgn0197186	Dsim\GD25908	GD25908			unmatched
FBgn0197187	Dsim\GD25909	GD25909			unmatched
FBgn0197188	Dsim\GD25910	GD25910			unmatched
FBgn0197190	Dsim\GD25912	GD25912			unmatched
FBgn0197191	Dsim\GD25913	GD25913			unmatched
FBgn0197192	Dsim\GD25914	GD25914			unmatched
FBgn0197193	Dsim\GD25915	GD25915			unmatched
FBgn0197194	Dsim\Obp47b	Obp47b	FBgn0033614	Obp47b	matched
FBgn0197197	Dsim\GD25919	GD25919			unmatched
FBgn0197198	Dsim\GD25920	GD25920			unmatched
FBgn0197200	Dsim\GD25922	GD25922			unmatched
FBgn0197201	Dsim\GD25923	GD25923			unmatched
FBgn0197202	Dsim\GD25924	GD25924			unmatched
FBgn0197203	Dsim\GD25925	GD25925			unmatched
FBgn0197204	Dsim\GD25926	GD25926			unmatched
FBgn0197207	Dsim\GD25930	GD25930			unmatched
FBgn0197208	Dsim\GD25931	GD25931			unmatched
FBgn0197209	Dsim\GD25932	GD25932			unmatched
FBgn0197211	Dsim\GD25934	GD25934			unmatched
FBgn0197212	Dsim\GD25935	GD25935			unmatched
FBgn0197213	Dsim\GD25936	GD25936			unmatched
FBgn0197214	Dsim\GD25937	GD25937			unmatched
FBgn0197215	Dsim\GD25938	GD25938			unmatched
FBgn0197216	Dsim\GD25939	GD25939			unmatched
FBgn0197217	Dsim\GD25940	GD25940			unmatched
FBgn0197218	Dsim\GD25941	GD25941			unmatched
FBgn0197219	Dsim\GD25942	GD25942			unmatched
FBgn0197220	Dsim\GD25943	GD25943			unmatched
FBgn0197221	Dsim\GD25944	GD25944			unmatched
FBgn0197222	Dsim\GD25945	GD25945			unmatched
FBgn0197223	Dsim\GD25946	GD25946			unmatched
FBgn0197224	Dsim\GD25947	GD25947			unmatched
FBgn0197225	Dsim\GD25948	GD25948			unmatched
FBgn0197226	Dsim\GD25949	GD25949			unmatched
FBgn0197227	Dsim\GD25950	GD25950			unmatched
FBgn0197228	Dsim\GD25951	GD25951			unmatched
FBgn0197229	Dsim\GD25952	GD25952			unmatched
FBgn0197230	Dsim\GD25953	GD25953			unmatched
FBgn0197232	Dsim\GD25955	GD25955			unmatched
FBgn0197233	Dsim\GD25956	GD25956			unmatched
FBgn0197234	Dsim\GD25957	GD25957			unmatched
FBgn0197235	Dsim\GD25958	GD25958			unmatched
FBgn0197237	Dsim\GD25960	GD25960			unmatched
FBgn0197238	Dsim\GD25961	GD25961			unmatched
FBgn0197239	Dsim\GD25962	GD25962			unmatched
FBgn0197240	Dsim\GD25963	GD25963			unmatched
FBgn0197241	Dsim\GD25964	GD25964			unmatched
FBgn0197242	Dsim\lola	lola	FBgn0283521	lola	matched
FBgn0197255	Dsim\GD25978	GD25978			unmatched
FBgn0197256	Dsim\GD25979	GD25979			unmatched
FBgn0197258	Dsim\GD25981	GD25981			unmatched
FBgn0197259	Dsim\GD25982	GD25982			unmatched
FBgn0197260	Dsim\GD25983	GD25983			unmatched
FBgn0197261	Dsim\GD25984	GD25984			unmatched
FBgn0197262	Dsim\GD25985	GD25985			unmatched
FBgn0197264	Dsim\GD25987	GD25987			unmatched
FBgn0197265	Dsim\GD25988	GD25988			unmatched
FBgn0197266	Dsim\GD25989	GD25989			unmatched
FBgn0197268	Dsim\GD25991	GD25991			unmatched
FBgn0197270	Dsim\GD25994	GD25994			unmatched
FBgn0197271	Dsim\GD25995	GD25995			unmatched
FBgn0197272	Dsim\Obp46a	Obp46a	FBgn0033508	Obp46a	matched
FBgn0197273	Dsim\GD25997	GD25997			unmatched
FBgn0197274	Dsim\GD25998	GD25998			unmatched
FBgn0197275	Dsim\GD25999	GD25999			unmatched
FBgn0197277	Dsim\GD26001	GD26001			unmatched
FBgn0197278	Dsim\GD26002	GD26002			unmatched
FBgn0197279	Dsim\GD26003	GD26003			unmatched
FBgn0197280	Dsim\GD26004	GD26004			unmatched
FBgn0197281	Dsim\GD26005	GD26005			unmatched
FBgn0197282	Dsim\GD26006	GD26006			unmatched
FBgn0197283	Dsim\GD26007	GD26007			unmatched
FBgn0197284	Dsim\GD26008	GD26008			unmatched
FBgn0197285	Dsim\GD26009	GD26009			unmatched
FBgn0197286	Dsim\GD26011	GD26011			unmatched
FBgn0197287	Dsim\GD26012	GD26012			unmatched
FBgn0197288	Dsim\GD26013	GD26013			unmatched
FBgn0250776	Dsim\GD26014	GD26014			unmatched
FBgn0250777	Dsim\GD26015	GD26015			unmatched
FBgn0250852	Dsim\GD23720	GD23720			unmatched
FBgn0250853	Dsim\GD10474	GD10474			unmatched
FBgn0250854	Dsim\GD21079	GD21079			unmatched
FBgn0250855	Dsim\GD18468	GD18468			unmatched
FBgn0250856	Dsim\GD12299	GD12299			unmatched
FBgn0250857	Dsim\cav	cav	FBgn0026257	cav	matched
FBgn0255942	Dsim\mir-275	mir-275	FBgn0262453	mir-275	matched
FBgn0255943	Dsim\mir-305	mir-305	FBgn0262458	mir-305	matched
FBgn0255944	Dsim\mir-2b-1	mir-2b-1	FBgn0262374	mir-2b-1	matched
FBgn0255945	Dsim\mir-87	mir-87	FBgn0262428	mir-87	matched
FBgn0255946	Dsim\mir-263a	mir-263a			unmatched
FBgn0255947	Dsim\mir-124	mir-124	FBgn0262398	mir-124	matched
FBgn0255948	Dsim\mir-287	mir-287	FBgn0262400	mir-287	matched
FBgn0255949	Dsim\mir-100	mir-100	FBgn0262463	mir-100	matched
FBgn0255950	Dsim\let-7	let-7			unmatched
FBgn0255951	Dsim\mir-125	mir-125	FBgn0262456	mir-125	matched
FBgn0255952	Dsim\mir-2a-2	mir-2a-2	FBgn0262460	mir-2a-2	matched
FBgn0255953	Dsim\mir-2a-1	mir-2a-1	FBgn0262377	mir-2a-1	matched
FBgn0255954	Dsim\mir-2b-2	mir-2b-2	FBgn0262449	mir-2b-2	matched
FBgn0255955	Dsim\mir-1	mir-1	FBgn0262455	mir-1	matched
FBgn0255956	Dsim\mir-133	mir-133	FBgn0262445	mir-133	matched
FBgn0255957	Dsim\mir-288	mir-288	FBgn0262425	mir-288	matched
FBgn0255958	Dsim\mir-14	mir-14	FBgn0262447	mir-14	matched
FBgn0255959	Dsim\mir-307	mir-307			unmatched
FBgn0255960	Dsim\mir-184	mir-184	FBgn0262391	mir-184	matched
FBgn0255961	Dsim\mir-308	mir-308	FBgn0262407	mir-308	matched
FBgn0255962	Dsim\mir-278	mir-278	FBgn0262403	mir-278	matched
FBgn0255963	Dsim\mir-8	mir-8	FBgn0262432	mir-8	matched
FBgn0255964	Dsim\mir-31a	mir-31a	FBgn0262416	mir-31a	matched
FBgn0255965	Dsim\mir-6-3	mir-6-3	FBgn0262418	mir-6-3	matched
FBgn0255966	Dsim\mir-6-2	mir-6-2	FBgn0262410	mir-6-2	matched
FBgn0255967	Dsim\mir-6-1	mir-6-1	FBgn0262464	mir-6-1	matched
FBgn0255968	Dsim\mir-5	mir-5	FBgn0262408	mir-5	matched
FBgn0255969	Dsim\mir-4	mir-4	FBgn0262414	mir-4	matched
FBgn0255970	Dsim\mir-286	mir-286	FBgn0262443	mir-286	matched
FBgn0255971	Dsim\mir-3	mir-3	FBgn0262372	mir-3	matched
FBgn0255972	Dsim\mir-309	mir-309	FBgn0262380	mir-309	matched
FBgn0255973	Dsim\mir-310	mir-310	FBgn0262436	mir-310	matched
FBgn0255974	Dsim\mir-311	mir-311	FBgn0262402	mir-311	matched
FBgn0255975	Dsim\mir-312	mir-312	FBgn0262450	mir-312	matched
FBgn0255976	Dsim\mir-313	mir-313	FBgn0262441	mir-313	matched
FBgn0255977	Dsim\mir-7	mir-7	FBgn0262370	mir-7	matched
FBgn0255979	Dsim\bantam	bantam			unmatched
FBgn0255980	Dsim\mir-282	mir-282	FBgn0262368	mir-282	matched
FBgn0255981	Dsim\mir-276b	mir-276b	FBgn0262381	mir-276b	matched
FBgn0255982	Dsim\mir-276a	mir-276a	FBgn0266076	mir-276a	matched
FBgn0255983	Dsim\mir-314	mir-314	FBgn0262396	mir-314	matched
FBgn0255984	Dsim\mir-285	mir-285	FBgn0262401	mir-285	matched
FBgn0255985	Dsim\mir-289	mir-289	FBgn0262415	mir-289	matched
FBgn0255986	Dsim\mir-263b	mir-263b	FBgn0262371	mir-263b	matched
FBgn0255987	Dsim\mir-219	mir-219	FBgn0262376	mir-219	matched
FBgn0255988	Dsim\mir-315	mir-315	FBgn0262461	mir-315	matched
FBgn0255989	Dsim\mir-9a	mir-9a	FBgn0262373	mir-9a	matched
FBgn0255990	Dsim\mir-33	mir-33	FBgn0262393	mir-33	matched
FBgn0255991	Dsim\mir-316	mir-316	FBgn0262417	mir-316	matched
FBgn0255992	Dsim\mir-10	mir-10	FBgn0262424	mir-10	matched
FBgn0255993	Dsim\mir-11	mir-11	FBgn0262434	mir-11	matched
FBgn0255994	Dsim\mir-iab-4	mir-iab-4	FBgn0262462	mir-iab-4	matched
FBgn0255995	Dsim\mir-2c	mir-2c	FBgn0262397	mir-2c	matched
FBgn0255996	Dsim\mir-13a	mir-13a	FBgn0262429	mir-13a	matched
FBgn0255997	Dsim\mir-13b-1	mir-13b-1	FBgn0262367	mir-13b-1	matched
FBgn0255998	Dsim\mir-284	mir-284	FBgn0262383	mir-284	matched
FBgn0255999	Dsim\mir-318	mir-318	FBgn0262420	mir-318	matched
FBgn0256000	Dsim\mir-34	mir-34	FBgn0262459	mir-34	matched
FBgn0256001	Dsim\mir-277	mir-277	FBgn0262419	mir-277	matched
FBgn0256002	Dsim\mir-317	mir-317	FBgn0262378	mir-317	matched
FBgn0256003	Dsim\mir-92a	mir-92a	FBgn0262411	mir-92a	matched
FBgn0256004	Dsim\mir-92b	mir-92b	FBgn0262388	mir-92b	matched
FBgn0256005	Dsim\mir-279	mir-279	FBgn0262448	mir-279	matched
FBgn0256006	Dsim\mir-31b	mir-31b	FBgn0262369	mir-31b	matched
FBgn0256524	Dsim\snoRNA:GD26673	snoRNA:GD26673			unmatched
FBgn0261711	Dsim\SuUR	SuUR	FBgn0025355	SuUR	matched
FBgn0261743	Dsim\Desat2	Desat2	FBgn0043043	Desat2	matched
FBgn0262090	Dsim\st	st	FBgn0003515	st	matched
FBgn0262091	Dsim\e	e	FBgn0000527	e	matched
FBgn0262092	Dsim\GD19566	GD19566			unmatched
FBgn0262093	Dsim\Ance	Ance	FBgn0012037	Ance	matched
FBgn0262162	Dsim\Ntf-2	Ntf-2	FBgn0031145	Ntf-2	matched
FBgn0263228	Dsim\sm	sm	FBgn0003435	sm	matched
FBgn0263272	Dsim\Lhr	Lhr	FBgn0034217	Lhr	matched
FBgn0263277	Dsim\HP6	HP6	FBgn0031613	HP6	matched
FBgn0263783	Dsim\Obp57d	Obp57d	FBgn0043536	Obp57d	matched
FBgn0263786	Dsim\Obp83cd	Obp83cd	FBgn0046878	Obp83cd	matched
FBgn0264007	Dsim\mir-1012	mir-1012	FBgn0262379	mir-1012	matched
FBgn0264008	Dsim\mir-982a	mir-982a			unmatched
FBgn0264009	Dsim\mir-2583	mir-2583			unmatched
FBgn0264011	Dsim\mir-190	mir-190	FBgn0262387	mir-190	matched
FBgn0264012	Dsim\mir-965	mir-965	FBgn0262252	mir-965	matched
FBgn0264014	Dsim\mir-2489	mir-2489	FBgn0262194	mir-2489	matched
FBgn0264015	Dsim\mir-986	mir-986	FBgn0262316	mir-986	matched
FBgn0264016	Dsim\mir-960	mir-960	FBgn0262321	mir-960	matched
FBgn0264018	Dsim\mir-1002	mir-1002	FBgn0262272	mir-1002	matched
FBgn0264019	Dsim\mir-992	mir-992	FBgn0262334	mir-992	matched
FBgn0264020	Dsim\mir-927	mir-927	FBgn0262210	mir-927	matched
FBgn0264021	Dsim\mir-1011	mir-1011	FBgn0262422	mir-1011	matched
FBgn0264022	Dsim\mir-975	mir-975	FBgn0262228	mir-975	matched
FBgn0264023	Dsim\mir-983	mir-983			unmatched
FBgn0264024	Dsim\mir-999	mir-999	FBgn0262331	mir-999	matched
FBgn0264025	Dsim\mir-1005	mir-1005	FBgn0262375	mir-1005	matched
FBgn0264026	Dsim\mir-962	mir-962	FBgn0262200	mir-962	matched
FBgn0264027	Dsim\mir-193	mir-193	FBgn0262330	mir-193	matched
FBgn0264028	Dsim\mir-980	mir-980	FBgn0262266	mir-980	matched
FBgn0264029	Dsim\mir-993	mir-993	FBgn0262174	mir-993	matched
FBgn0264030	Dsim\mir-2584	mir-2584			unmatched
FBgn0264031	Dsim\mir-iab-8	mir-iab-8	FBgn0262290	mir-iab-8	matched
FBgn0264032	Dsim\mir-2578	mir-2578			unmatched
FBgn0264033	Dsim\mir-963	mir-963	FBgn0262333	mir-963	matched
FBgn0264034	Dsim\mir-929	mir-929	FBgn0262214	mir-929	matched
FBgn0264035	Dsim\mir-977	mir-977	FBgn0262251	mir-977	matched
FBgn0264036	Dsim\mir-2577	mir-2577			unmatched
FBgn0264037	Dsim\mir-955	mir-955	FBgn0262269	mir-955	matched
FBgn0264040	Dsim\mir-982c	mir-982c			unmatched
FBgn0264041	Dsim\mir-1010	mir-1010	FBgn0262382	mir-1010	matched
FBgn0264042	Dsim\mir-968	mir-968	FBgn0262332	mir-968	matched
FBgn0264043	Dsim\mir-958	mir-958	FBgn0262249	mir-958	matched
FBgn0264044	Dsim\mir-932	mir-932	FBgn0262205	mir-932	matched
FBgn0264045	Dsim\mir-982b	mir-982b			unmatched
FBgn0264046	Dsim\mir-1006	mir-1006	FBgn0262438	mir-1006	matched
FBgn0264047	Dsim\mir-1013	mir-1013	FBgn0262444	mir-1013	matched
FBgn0264048	Dsim\mir-964	mir-964	FBgn0262243	mir-964	matched
FBgn0264050	Dsim\mir-959	mir-959	FBgn0262256	mir-959	matched
FBgn0264051	Dsim\mir-961	mir-961	FBgn0262239	mir-961	matched
FBgn0264052	Dsim\mir-1003	mir-1003	FBgn0262431	mir-1003	matched
FBgn0264054	Dsim\mir-976	mir-976	FBgn0262341	mir-976	matched
FBgn0264055	Dsim\mir-137	mir-137	FBgn0262446	mir-137	matched
FBgn0264056	Dsim\mir-991	mir-991	FBgn0262227	mir-991	matched
FBgn0264059	Dsim\mir-2579	mir-2579			unmatched
FBgn0264060	Dsim\mir-2582a	mir-2582a			unmatched
FBgn0264061	Dsim\mir-2582b	mir-2582b			unmatched
FBgn0264062	Dsim\mir-995	mir-995	FBgn0262185	mir-995	matched
FBgn0264064	Dsim\mir-2494	mir-2494	FBgn0262233	mir-2494	matched
FBgn0264065	Dsim\mir-2580	mir-2580			unmatched
FBgn0264067	Dsim\mir-957	mir-957	FBgn0262182	mir-957	matched
FBgn0264068	Dsim\mir-989	mir-989	FBgn0262215	mir-989	matched
FBgn0264069	Dsim\mir-303	mir-303	FBgn0262390	mir-303	matched
FBgn0264070	Dsim\mir-967	mir-967	FBgn0262203	mir-967	matched
FBgn0264071	Dsim\mir-1000	mir-1000	FBgn0262319	mir-1000	matched
FBgn0264784	Dsim\GD25276	GD25276			unmatched
FBgn0264798	Dsim\Tep4	Tep4	FBgn0041180	Tep4	matched
FBgn0264923	Dsim\HP1A	HP1A			unmatched
FBgn0264925	Dsim\HP1B	HP1B			unmatched
FBgn0264927	Dsim\HP1C	HP1C			unmatched
FBgn0264930	Dsim\HP1E	HP1E			unmatched
FBgn0265132	Dsim\CoVIIa	CoVIIa			unmatched
FBgn0266091	Dsim\oc	oc	FBgn0004102	oc	matched
FBgn0268064	Dsim\GD26774	GD26774			unmatched
FBgn0268065	Dsim\GD26775	GD26775			unmatched
FBgn0268066	Dsim\GD26776	GD26776			unmatched
FBgn0268067	Dsim\GD26777	GD26777			unmatched
FBgn0268068	Dsim\GD26778	GD26778			unmatched
FBgn0268069	Dsim\GD26779	GD26779			unmatched
FBgn0268070	Dsim\GD26780	GD26780			unmatched
FBgn0268071	Dsim\GD26781	GD26781			unmatched
FBgn0268072	Dsim\GD26782	GD26782			unmatched
FBgn0268073	Dsim\GD26783	GD26783			unmatched
FBgn0268074	Dsim\GD26784	GD26784			unmatched
FBgn0268075	Dsim\GD26785	GD26785			unmatched
FBgn0268076	Dsim\GD26786	GD26786			unmatched
FBgn0268077	Dsim\GD26787	GD26787			unmatched
FBgn0268078	Dsim\GD26788	GD26788			unmatched
FBgn0268079	Dsim\GD26789	GD26789			unmatched
FBgn0268080	Dsim\GD26790	GD26790			unmatched
FBgn0268081	Dsim\GD26791	GD26791			unmatched
FBgn0268082	Dsim\GD26792	GD26792			unmatched
FBgn0268083	Dsim\GD26793	GD26793			unmatched
FBgn0268084	Dsim\GD26794	GD26794			unmatched
FBgn0268085	Dsim\GD26795	GD26795			unmatched
FBgn0268086	Dsim\GD26796	GD26796			unmatched
FBgn0268087	Dsim\GD26797	GD26797			unmatched
FBgn0268088	Dsim\GD26798	GD26798			unmatched
FBgn0268089	Dsim\GD26799	GD26799			unmatched
FBgn0268090	Dsim\GD26800	GD26800			unmatched
FBgn0268091	Dsim\GD26801	GD26801			unmatched
FBgn0268092	Dsim\GD26802	GD26802			unmatched
FBgn0268093	Dsim\GD26803	GD26803			unmatched
FBgn0268094	Dsim\GD26804	GD26804			unmatched
FBgn0268095	Dsim\GD26805	GD26805			unmatched
FBgn0268096	Dsim\GD26806	GD26806			unmatched
FBgn0268097	Dsim\GD26807	GD26807			unmatched
FBgn0268098	Dsim\GD26808	GD26808			unmatched
FBgn0268099	Dsim\GD26809	GD26809			unmatched
FBgn0268100	Dsim\GD26810	GD26810			unmatched
FBgn0268101	Dsim\GD26811	GD26811			unmatched
FBgn0268102	Dsim\GD26812	GD26812			unmatched
FBgn0268103	Dsim\GD26813	GD26813			unmatched
FBgn0268104	Dsim\GD26814	GD26814			unmatched
FBgn0268105	Dsim\GD26815	GD26815			unmatched
FBgn0268106	Dsim\GD26816	GD26816			unmatched
FBgn0268107	Dsim\GD26817	GD26817			unmatched
FBgn0268108	Dsim\GD26818	GD26818			unmatched
FBgn0268109	Dsim\GD26819	GD26819			unmatched
FBgn0268110	Dsim\GD26820	GD26820			unmatched
FBgn0268111	Dsim\GD26821	GD26821			unmatched
FBgn0268112	Dsim\GD26822	GD26822			unmatched
FBgn0268113	Dsim\GD26823	GD26823			unmatched
FBgn0268114	Dsim\GD26824	GD26824			unmatched
FBgn0268115	Dsim\GD26825	GD26825			unmatched
FBgn0268116	Dsim\GD26826	GD26826			unmatched
FBgn0268117	Dsim\GD26827	GD26827			unmatched
FBgn0268118	Dsim\GD26828	GD26828			unmatched
FBgn0268119	Dsim\GD26829	GD26829			unmatched
FBgn0268120	Dsim\GD26830	GD26830			unmatched
FBgn0268121	Dsim\GD26831	GD26831			unmatched
FBgn0268122	Dsim\GD26832	GD26832			unmatched
FBgn0268123	Dsim\GD26833	GD26833			unmatched
FBgn0268124	Dsim\GD26834	GD26834			unmatched
FBgn0268125	Dsim\GD26835	GD26835			unmatched
FBgn0268126	Dsim\GD26836	GD26836			unmatched
FBgn0268127	Dsim\GD26837	GD26837			unmatched
FBgn0268128	Dsim\GD26838	GD26838			unmatched
FBgn0268129	Dsim\GD26839	GD26839			unmatched
FBgn0268130	Dsim\GD26840	GD26840			unmatched
FBgn0268131	Dsim\GD26841	GD26841			unmatched
FBgn0268132	Dsim\GD26842	GD26842			unmatched
FBgn0268133	Dsim\GD26843	GD26843			unmatched
FBgn0268134	Dsim\GD26844	GD26844			unmatched
FBgn0268135	Dsim\GD26845	GD26845			unmatched
FBgn0268136	Dsim\GD26846	GD26846			unmatched
FBgn0268137	Dsim\GD26847	GD26847			unmatched
FBgn0268138	Dsim\GD26848	GD26848			unmatched
FBgn0268139	Dsim\GD26849	GD26849			unmatched
FBgn0268140	Dsim\GD26850	GD26850			unmatched
FBgn0268141	Dsim\GD26851	GD26851			unmatched
FBgn0268142	Dsim\GD26852	GD26852			unmatched
FBgn0268143	Dsim\GD26853	GD26853			unmatched
FBgn0268144	Dsim\GD26854	GD26854			unmatched
FBgn0268145	Dsim\GD26855	GD26855			unmatched
FBgn0268146	Dsim\GD26856	GD26856			unmatched
FBgn0268147	Dsim\GD26857	GD26857			unmatched
FBgn0268148	Dsim\GD26858	GD26858			unmatched
FBgn0268149	Dsim\GD26859	GD26859			unmatched
FBgn0268150	Dsim\GD26860	GD26860			unmatched
FBgn0268151	Dsim\GD26861	GD26861			unmatched
FBgn0268152	Dsim\GD26862	GD26862			unmatched
FBgn0268153	Dsim\GD26863	GD26863			unmatched
FBgn0268154	Dsim\GD26864	GD26864			unmatched
FBgn0268155	Dsim\GD26865	GD26865			unmatched
FBgn0268156	Dsim\GD26866	GD26866			unmatched
FBgn0268157	Dsim\GD26867	GD26867			unmatched
FBgn0268158	Dsim\GD26868	GD26868			unmatched
FBgn0268159	Dsim\GD26869	GD26869			unmatched
FBgn0268160	Dsim\GD26870	GD26870			unmatched
FBgn0268161	Dsim\GD26871	GD26871			unmatched
FBgn0268162	Dsim\GD26872	GD26872			unmatched
FBgn0268163	Dsim\GD26873	GD26873			unmatched
FBgn0268164	Dsim\GD26874	GD26874			unmatched
FBgn0268165	Dsim\GD26875	GD26875			unmatched
FBgn0268166	Dsim\GD26876	GD26876			unmatched
FBgn0268167	Dsim\GD26877	GD26877			unmatched
FBgn0268168	Dsim\GD26878	GD26878			unmatched
FBgn0268169	Dsim\GD26879	GD26879			unmatched
FBgn0268170	Dsim\GD26880	GD26880			unmatched
FBgn0268171	Dsim\GD26881	GD26881			unmatched
FBgn0268172	Dsim\GD26882	GD26882			unmatched
FBgn0268173	Dsim\GD26883	GD26883			unmatched
FBgn0268174	Dsim\GD26884	GD26884			unmatched
FBgn0268175	Dsim\GD26885	GD26885			unmatched
FBgn0268176	Dsim\GD26886	GD26886			unmatched
FBgn0268177	Dsim\GD26887	GD26887			unmatched
FBgn0268178	Dsim\GD26888	GD26888			unmatched
FBgn0268179	Dsim\GD26889	GD26889			unmatched
FBgn0268180	Dsim\GD26890	GD26890			unmatched
FBgn0268181	Dsim\GD26891	GD26891			unmatched
FBgn0268182	Dsim\GD26892	GD26892			unmatched
FBgn0268183	Dsim\GD26893	GD26893			unmatched
FBgn0268184	Dsim\GD26894	GD26894			unmatched
FBgn0268185	Dsim\GD26895	GD26895			unmatched
FBgn0268186	Dsim\GD26896	GD26896			unmatched
FBgn0268187	Dsim\GD26897	GD26897			unmatched
FBgn0268188	Dsim\GD26898	GD26898			unmatched
FBgn0268189	Dsim\GD26899	GD26899			unmatched
FBgn0268190	Dsim\GD26900	GD26900			unmatched
FBgn0268191	Dsim\GD26901	GD26901			unmatched
FBgn0268192	Dsim\GD26902	GD26902			unmatched
FBgn0268193	Dsim\GD26903	GD26903			unmatched
FBgn0268194	Dsim\GD26904	GD26904			unmatched
FBgn0268195	Dsim\GD26905	GD26905			unmatched
FBgn0268196	Dsim\GD26906	GD26906			unmatched
FBgn0268197	Dsim\GD26907	GD26907			unmatched
FBgn0268198	Dsim\GD26908	GD26908			unmatched
FBgn0268199	Dsim\GD26909	GD26909			unmatched
FBgn0268200	Dsim\GD26910	GD26910			unmatched
FBgn0268201	Dsim\GD26911	GD26911			unmatched
FBgn0268202	Dsim\GD26912	GD26912			unmatched
FBgn0268203	Dsim\GD26913	GD26913			unmatched
FBgn0268204	Dsim\GD26914	GD26914			unmatched
FBgn0268205	Dsim\GD26915	GD26915			unmatched
FBgn0268206	Dsim\GD26916	GD26916			unmatched
FBgn0268207	Dsim\GD26917	GD26917			unmatched
FBgn0268208	Dsim\GD26918	GD26918			unmatched
FBgn0268209	Dsim\GD26919	GD26919			unmatched
FBgn0268210	Dsim\GD26920	GD26920			unmatched
FBgn0268211	Dsim\GD26921	GD26921			unmatched
FBgn0268212	Dsim\GD26922	GD26922			unmatched
FBgn0268213	Dsim\GD26923	GD26923			unmatched
FBgn0268214	Dsim\GD26924	GD26924			unmatched
FBgn0268215	Dsim\GD26925	GD26925			unmatched
FBgn0268216	Dsim\GD26926	GD26926			unmatched
FBgn0268217	Dsim\GD26927	GD26927			unmatched
FBgn0268218	Dsim\GD26928	GD26928			unmatched
FBgn0268219	Dsim\GD26929	GD26929			unmatched
FBgn0268220	Dsim\GD26930	GD26930			unmatched
FBgn0268221	Dsim\GD26931	GD26931			unmatched
FBgn0268222	Dsim\GD26932	GD26932			unmatched
FBgn0268223	Dsim\GD26933	GD26933			unmatched
FBgn0268224	Dsim\GD26934	GD26934			unmatched
FBgn0268225	Dsim\GD26935	GD26935			unmatched
FBgn0268226	Dsim\GD26936	GD26936			unmatched
FBgn0268227	Dsim\GD26937	GD26937			unmatched
FBgn0268228	Dsim\GD26938	GD26938			unmatched
FBgn0268229	Dsim\GD26939	GD26939			unmatched
FBgn0268230	Dsim\GD26940	GD26940			unmatched
FBgn0268231	Dsim\GD26941	GD26941			unmatched
FBgn0268232	Dsim\GD26942	GD26942			unmatched
FBgn0268233	Dsim\GD26943	GD26943			unmatched
FBgn0268234	Dsim\GD26944	GD26944			unmatched
FBgn0268235	Dsim\GD26945	GD26945			unmatched
FBgn0268236	Dsim\GD26946	GD26946			unmatched
FBgn0268237	Dsim\GD26947	GD26947			unmatched
FBgn0268238	Dsim\GD26948	GD26948			unmatched
FBgn0268239	Dsim\GD26949	GD26949			unmatched
FBgn0268240	Dsim\GD26950	GD26950			unmatched
FBgn0268241	Dsim\GD26951	GD26951			unmatched
FBgn0268242	Dsim\GD26952	GD26952			unmatched
FBgn0268243	Dsim\GD26953	GD26953			unmatched
FBgn0268244	Dsim\GD26954	GD26954			unmatched
FBgn0268245	Dsim\GD26955	GD26955			unmatched
FBgn0268246	Dsim\GD26956	GD26956			unmatched
FBgn0268247	Dsim\GD26957	GD26957			unmatched
FBgn0268248	Dsim\GD26958	GD26958			unmatched
FBgn0268249	Dsim\GD26959	GD26959			unmatched
FBgn0268250	Dsim\GD26960	GD26960			unmatched
FBgn0268251	Dsim\GD26961	GD26961			unmatched
FBgn0268252	Dsim\GD26962	GD26962			unmatched
FBgn0268253	Dsim\GD26963	GD26963			unmatched
FBgn0268254	Dsim\GD26964	GD26964			unmatched
FBgn0268255	Dsim\GD26965	GD26965			unmatched
FBgn0268256	Dsim\GD26966	GD26966			unmatched
FBgn0268257	Dsim\GD26967	GD26967			unmatched
FBgn0268258	Dsim\GD26968	GD26968			unmatched
FBgn0268259	Dsim\GD26969	GD26969			unmatched
FBgn0268260	Dsim\GD26970	GD26970			unmatched
FBgn0268261	Dsim\GD26971	GD26971			unmatched
FBgn0268262	Dsim\GD26972	GD26972			unmatched
FBgn0268263	Dsim\GD26973	GD26973			unmatched
FBgn0268264	Dsim\GD26974	GD26974			unmatched
FBgn0268265	Dsim\GD26975	GD26975			unmatched
FBgn0268266	Dsim\GD26976	GD26976			unmatched
FBgn0268267	Dsim\GD26977	GD26977			unmatched
FBgn0268268	Dsim\GD26978	GD26978			unmatched
FBgn0268269	Dsim\GD26979	GD26979			unmatched
FBgn0268270	Dsim\GD26980	GD26980			unmatched
FBgn0268271	Dsim\GD26981	GD26981			unmatched
FBgn0268272	Dsim\GD26982	GD26982			unmatched
FBgn0268273	Dsim\GD26983	GD26983			unmatched
FBgn0268274	Dsim\GD26984	GD26984			unmatched
FBgn0268275	Dsim\GD26985	GD26985			unmatched
FBgn0268276	Dsim\GD26986	GD26986			unmatched
FBgn0268277	Dsim\GD26987	GD26987			unmatched
FBgn0268278	Dsim\GD26988	GD26988			unmatched
FBgn0268279	Dsim\GD26989	GD26989			unmatched
FBgn0268280	Dsim\GD26990	GD26990			unmatched
FBgn0268281	Dsim\GD26991	GD26991			unmatched
FBgn0268282	Dsim\GD26992	GD26992			unmatched
FBgn0268283	Dsim\GD26993	GD26993			unmatched
FBgn0268284	Dsim\GD26994	GD26994			unmatched
FBgn0268285	Dsim\GD26995	GD26995			unmatched
FBgn0268286	Dsim\GD26996	GD26996			unmatched
FBgn0268287	Dsim\GD26997	GD26997			unmatched
FBgn0268288	Dsim\GD26998	GD26998			unmatched
FBgn0268289	Dsim\GD26999	GD26999			unmatched
FBgn0268290	Dsim\GD27000	GD27000			unmatched
FBgn0268291	Dsim\GD27001	GD27001			unmatched
FBgn0268292	Dsim\GD27002	GD27002			unmatched
FBgn0268293	Dsim\GD27003	GD27003			unmatched
FBgn0268294	Dsim\GD27004	GD27004			unmatched
FBgn0268295	Dsim\GD27005	GD27005			unmatched
FBgn0268296	Dsim\GD27006	GD27006			unmatched
FBgn0268297	Dsim\GD27007	GD27007			unmatched
FBgn0268298	Dsim\GD27008	GD27008			unmatched
FBgn0268299	Dsim\GD27009	GD27009			unmatched
FBgn0268300	Dsim\GD27010	GD27010			unmatched
FBgn0268301	Dsim\GD27011	GD27011			unmatched
FBgn0268302	Dsim\GD27012	GD27012			unmatched
FBgn0268303	Dsim\GD27013	GD27013			unmatched
FBgn0268304	Dsim\GD27014	GD27014			unmatched
FBgn0268305	Dsim\GD27015	GD27015			unmatched
FBgn0268306	Dsim\GD27016	GD27016			unmatched
FBgn0268307	Dsim\GD27017	GD27017			unmatched
FBgn0268308	Dsim\GD27018	GD27018			unmatched
FBgn0268309	Dsim\GD27019	GD27019			unmatched
FBgn0268310	Dsim\GD27020	GD27020			unmatched
FBgn0268311	Dsim\GD27021	GD27021			unmatched
FBgn0268312	Dsim\GD27022	GD27022			unmatched
FBgn0268313	Dsim\GD27023	GD27023			unmatched
FBgn0268314	Dsim\GD27024	GD27024			unmatched
FBgn0268315	Dsim\GD27025	GD27025			unmatched
FBgn0268316	Dsim\GD27026	GD27026			unmatched
FBgn0268317	Dsim\GD27027	GD27027			unmatched
FBgn0268318	Dsim\GD27028	GD27028			unmatched
FBgn0268319	Dsim\GD27029	GD27029			unmatched
FBgn0268320	Dsim\GD27030	GD27030			unmatched
FBgn0268321	Dsim\GD27031	GD27031			unmatched
FBgn0268322	Dsim\GD27032	GD27032			unmatched
FBgn0268323	Dsim\GD27033	GD27033			unmatched
FBgn0268324	Dsim\GD27034	GD27034			unmatched
FBgn0268325	Dsim\GD27035	GD27035			unmatched
FBgn0268326	Dsim\GD27036	GD27036			unmatched
FBgn0268327	Dsim\GD27037	GD27037			unmatched
FBgn0268328	Dsim\GD27038	GD27038			unmatched
FBgn0268329	Dsim\GD27039	GD27039			unmatched
FBgn0268330	Dsim\GD27040	GD27040			unmatched
FBgn0268331	Dsim\GD27041	GD27041			unmatched
FBgn0268332	Dsim\GD27042	GD27042			unmatched
FBgn0268333	Dsim\GD27043	GD27043			unmatched
FBgn0268334	Dsim\GD27044	GD27044			unmatched
FBgn0268335	Dsim\GD27045	GD27045			unmatched
FBgn0268336	Dsim\GD27046	GD27046			unmatched
FBgn0268337	Dsim\GD27047	GD27047			unmatched
FBgn0268338	Dsim\GD27048	GD27048			unmatched
FBgn0268339	Dsim\GD27049	GD27049			unmatched
FBgn0268340	Dsim\GD27050	GD27050			unmatched
FBgn0268341	Dsim\GD27051	GD27051			unmatched
FBgn0268342	Dsim\GD27052	GD27052			unmatched
FBgn0268343	Dsim\GD27053	GD27053			unmatched
FBgn0268344	Dsim\GD27054	GD27054			unmatched
FBgn0268345	Dsim\GD27055	GD27055			unmatched
FBgn0268346	Dsim\GD27056	GD27056			unmatched
FBgn0268347	Dsim\GD27057	GD27057			unmatched
FBgn0268348	Dsim\GD27058	GD27058			unmatched
FBgn0268349	Dsim\GD27059	GD27059			unmatched
FBgn0268350	Dsim\GD27060	GD27060			unmatched
FBgn0268351	Dsim\GD27061	GD27061			unmatched
FBgn0268352	Dsim\GD27062	GD27062			unmatched
FBgn0268353	Dsim\GD27063	GD27063			unmatched
FBgn0268354	Dsim\GD27064	GD27064			unmatched
FBgn0268355	Dsim\GD27065	GD27065			unmatched
FBgn0268356	Dsim\GD27066	GD27066			unmatched
FBgn0268357	Dsim\GD27067	GD27067			unmatched
FBgn0268358	Dsim\GD27068	GD27068			unmatched
FBgn0268359	Dsim\GD27069	GD27069			unmatched
FBgn0268360	Dsim\GD27070	GD27070			unmatched
FBgn0268361	Dsim\GD27071	GD27071			unmatched
FBgn0268362	Dsim\GD27072	GD27072			unmatched
FBgn0268363	Dsim\GD27073	GD27073			unmatched
FBgn0268364	Dsim\GD27074	GD27074			unmatched
FBgn0268365	Dsim\GD27075	GD27075			unmatched
FBgn0268366	Dsim\GD27076	GD27076			unmatched
FBgn0268367	Dsim\GD27077	GD27077			unmatched
FBgn0268368	Dsim\GD27078	GD27078			unmatched
FBgn0268369	Dsim\GD27079	GD27079			unmatched
FBgn0268370	Dsim\GD27080	GD27080			unmatched
FBgn0268371	Dsim\GD27081	GD27081			unmatched
FBgn0268372	Dsim\GD27082	GD27082			unmatched
FBgn0268373	Dsim\GD27083	GD27083			unmatched
FBgn0268374	Dsim\GD27084	GD27084			unmatched
FBgn0268375	Dsim\GD27085	GD27085			unmatched
FBgn0268376	Dsim\GD27086	GD27086			unmatched
FBgn0268377	Dsim\GD27087	GD27087			unmatched
FBgn0268378	Dsim\GD27088	GD27088			unmatched
FBgn0268379	Dsim\GD27089	GD27089			unmatched
FBgn0268380	Dsim\GD27090	GD27090			unmatched
FBgn0268381	Dsim\GD27091	GD27091			unmatched
FBgn0268382	Dsim\GD27092	GD27092			unmatched
FBgn0268383	Dsim\GD27093	GD27093			unmatched
FBgn0268384	Dsim\GD27094	GD27094			unmatched
FBgn0268385	Dsim\GD27095	GD27095			unmatched
FBgn0268386	Dsim\GD27096	GD27096			unmatched
FBgn0268387	Dsim\GD27097	GD27097			unmatched
FBgn0268388	Dsim\GD27098	GD27098			unmatched
FBgn0268389	Dsim\GD27099	GD27099			unmatched
FBgn0268390	Dsim\GD27100	GD27100			unmatched
FBgn0268391	Dsim\GD27101	GD27101			unmatched
FBgn0268392	Dsim\GD27102	GD27102			unmatched
FBgn0268393	Dsim\GD27103	GD27103			unmatched
FBgn0268394	Dsim\GD27104	GD27104			unmatched
FBgn0268395	Dsim\GD27105	GD27105			unmatched
FBgn0268396	Dsim\GD27106	GD27106			unmatched
FBgn0268397	Dsim\GD27107	GD27107			unmatched
FBgn0268398	Dsim\GD27108	GD27108			unmatched
FBgn0268399	Dsim\GD27109	GD27109			unmatched
FBgn0268400	Dsim\GD27110	GD27110			unmatched
FBgn0268401	Dsim\GD27111	GD27111			unmatched
FBgn0268402	Dsim\GD27112	GD27112			unmatched
FBgn0268403	Dsim\GD27113	GD27113			unmatched
FBgn0268404	Dsim\GD27114	GD27114			unmatched
FBgn0268405	Dsim\GD27115	GD27115			unmatched
FBgn0268406	Dsim\GD27116	GD27116			unmatched
FBgn0268407	Dsim\GD27117	GD27117			unmatched
FBgn0268408	Dsim\GD27118	GD27118			unmatched
FBgn0268409	Dsim\GD27119	GD27119			unmatched
FBgn0268410	Dsim\GD27120	GD27120			unmatched
FBgn0268411	Dsim\GD27121	GD27121			unmatched
FBgn0268412	Dsim\GD27122	GD27122			unmatched
FBgn0268413	Dsim\GD27123	GD27123			unmatched
FBgn0268414	Dsim\GD27124	GD27124			unmatched
FBgn0268415	Dsim\GD27125	GD27125			unmatched
FBgn0268416	Dsim\GD27126	GD27126			unmatched
FBgn0268417	Dsim\GD27127	GD27127			unmatched
FBgn0268418	Dsim\GD27128	GD27128			unmatched
FBgn0268419	Dsim\GD27129	GD27129			unmatched
FBgn0268420	Dsim\GD27130	GD27130			unmatched
FBgn0268421	Dsim\GD27131	GD27131			unmatched
FBgn0268422	Dsim\GD27132	GD27132			unmatched
FBgn0268423	Dsim\GD27133	GD27133			unmatched
FBgn0268424	Dsim\GD27134	GD27134			unmatched
FBgn0268425	Dsim\GD27135	GD27135			unmatched
FBgn0268426	Dsim\GD27136	GD27136			unmatched
FBgn0268427	Dsim\GD27137	GD27137			unmatched
FBgn0268428	Dsim\GD27138	GD27138			unmatched
FBgn0268429	Dsim\GD27139	GD27139			unmatched
FBgn0268430	Dsim\GD27140	GD27140			unmatched
FBgn0268431	Dsim\GD27141	GD27141			unmatched
FBgn0268432	Dsim\GD27142	GD27142			unmatched
FBgn0268433	Dsim\GD27143	GD27143			unmatched
FBgn0268434	Dsim\GD27144	GD27144			unmatched
FBgn0268435	Dsim\GD27145	GD27145			unmatched
FBgn0268436	Dsim\GD27146	GD27146			unmatched
FBgn0268437	Dsim\GD27147	GD27147			unmatched
FBgn0268438	Dsim\GD27148	GD27148			unmatched
FBgn0268439	Dsim\GD27149	GD27149			unmatched
FBgn0268440	Dsim\GD27150	GD27150			unmatched
FBgn0268441	Dsim\GD27151	GD27151			unmatched
FBgn0268442	Dsim\GD27152	GD27152			unmatched
FBgn0268443	Dsim\GD27153	GD27153			unmatched
FBgn0268444	Dsim\GD27154	GD27154			unmatched
FBgn0268445	Dsim\GD27155	GD27155			unmatched
FBgn0268446	Dsim\GD27156	GD27156			unmatched
FBgn0268447	Dsim\GD27157	GD27157			unmatched
FBgn0268448	Dsim\GD27158	GD27158			unmatched
FBgn0268449	Dsim\GD27159	GD27159			unmatched
FBgn0268450	Dsim\GD27160	GD27160			unmatched
FBgn0268451	Dsim\GD27161	GD27161			unmatched
FBgn0268452	Dsim\GD27162	GD27162			unmatched
FBgn0268453	Dsim\GD27163	GD27163			unmatched
FBgn0268454	Dsim\GD27164	GD27164			unmatched
FBgn0268455	Dsim\GD27165	GD27165			unmatched
FBgn0268456	Dsim\GD27166	GD27166			unmatched
FBgn0268457	Dsim\GD27167	GD27167			unmatched
FBgn0268458	Dsim\GD27168	GD27168			unmatched
FBgn0268459	Dsim\GD27169	GD27169			unmatched
FBgn0268460	Dsim\GD27170	GD27170			unmatched
FBgn0268461	Dsim\GD27171	GD27171			unmatched
FBgn0268462	Dsim\GD27172	GD27172			unmatched
FBgn0268463	Dsim\GD27173	GD27173			unmatched
FBgn0268464	Dsim\GD27174	GD27174			unmatched
FBgn0268465	Dsim\GD27175	GD27175			unmatched
FBgn0268466	Dsim\GD27176	GD27176			unmatched
FBgn0268467	Dsim\GD27177	GD27177			unmatched
FBgn0268468	Dsim\GD27178	GD27178			unmatched
FBgn0268469	Dsim\GD27179	GD27179			unmatched
FBgn0268470	Dsim\GD27180	GD27180			unmatched
FBgn0268471	Dsim\GD27181	GD27181			unmatched
FBgn0268472	Dsim\GD27182	GD27182			unmatched
FBgn0268473	Dsim\GD27183	GD27183			unmatched
FBgn0268474	Dsim\GD27184	GD27184			unmatched
FBgn0268475	Dsim\GD27185	GD27185			unmatched
FBgn0268476	Dsim\GD27186	GD27186			unmatched
FBgn0268477	Dsim\GD27187	GD27187			unmatched
FBgn0268478	Dsim\GD27188	GD27188			unmatched
FBgn0268479	Dsim\GD27189	GD27189			unmatched
FBgn0268480	Dsim\GD27190	GD27190			unmatched
FBgn0268481	Dsim\GD27191	GD27191			unmatched
FBgn0268482	Dsim\GD27192	GD27192			unmatched
FBgn0268483	Dsim\GD27193	GD27193			unmatched
FBgn0268484	Dsim\GD27194	GD27194			unmatched
FBgn0268485	Dsim\GD27195	GD27195			unmatched
FBgn0268486	Dsim\GD27196	GD27196			unmatched
FBgn0268487	Dsim\GD27197	GD27197			unmatched
FBgn0268488	Dsim\GD27198	GD27198			unmatched
FBgn0268489	Dsim\GD27199	GD27199			unmatched
FBgn0268490	Dsim\GD27200	GD27200			unmatched
FBgn0268491	Dsim\GD27201	GD27201			unmatched
FBgn0268492	Dsim\GD27202	GD27202			unmatched
FBgn0268493	Dsim\GD27203	GD27203			unmatched
FBgn0268494	Dsim\GD27204	GD27204			unmatched
FBgn0268495	Dsim\GD27205	GD27205			unmatched
FBgn0268496	Dsim\GD27206	GD27206			unmatched
FBgn0268497	Dsim\GD27207	GD27207			unmatched
FBgn0268498	Dsim\GD27208	GD27208			unmatched
FBgn0268499	Dsim\GD27209	GD27209			unmatched
FBgn0268500	Dsim\GD27210	GD27210			unmatched
FBgn0268501	Dsim\GD27211	GD27211			unmatched
FBgn0268502	Dsim\GD27212	GD27212			unmatched
FBgn0268503	Dsim\GD27213	GD27213			unmatched
FBgn0268504	Dsim\GD27214	GD27214			unmatched
FBgn0268505	Dsim\GD27215	GD27215			unmatched
FBgn0268506	Dsim\GD27216	GD27216			unmatched
FBgn0268507	Dsim\GD27217	GD27217			unmatched
FBgn0268508	Dsim\GD27218	GD27218			unmatched
FBgn0268509	Dsim\GD27219	GD27219			unmatched
FBgn0268510	Dsim\GD27220	GD27220			unmatched
FBgn0268511	Dsim\GD27221	GD27221			unmatched
FBgn0268512	Dsim\GD27222	GD27222			unmatched
FBgn0268513	Dsim\GD27223	GD27223			unmatched
FBgn0268514	Dsim\GD27224	GD27224			unmatched
FBgn0268515	Dsim\GD27225	GD27225			unmatched
FBgn0268516	Dsim\GD27226	GD27226			unmatched
FBgn0268517	Dsim\GD27227	GD27227			unmatched
FBgn0268518	Dsim\GD27228	GD27228			unmatched
FBgn0268519	Dsim\GD27229	GD27229			unmatched
FBgn0268520	Dsim\GD27230	GD27230			unmatched
FBgn0268521	Dsim\GD27231	GD27231			unmatched
FBgn0268522	Dsim\GD27232	GD27232			unmatched
FBgn0268523	Dsim\GD27233	GD27233			unmatched
FBgn0268524	Dsim\GD27234	GD27234			unmatched
FBgn0268525	Dsim\GD27235	GD27235			unmatched
FBgn0268526	Dsim\GD27236	GD27236			unmatched
FBgn0268527	Dsim\GD27237	GD27237			unmatched
FBgn0268528	Dsim\GD27238	GD27238			unmatched
FBgn0268529	Dsim\GD27239	GD27239			unmatched
FBgn0268530	Dsim\GD27240	GD27240			unmatched
FBgn0268531	Dsim\GD27241	GD27241			unmatched
FBgn0268532	Dsim\GD27242	GD27242			unmatched
FBgn0268533	Dsim\GD27243	GD27243			unmatched
FBgn0268534	Dsim\GD27244	GD27244			unmatched
FBgn0268535	Dsim\GD27245	GD27245			unmatched
FBgn0268536	Dsim\GD27246	GD27246			unmatched
FBgn0268537	Dsim\GD27247	GD27247			unmatched
FBgn0268538	Dsim\GD27248	GD27248			unmatched
FBgn0268539	Dsim\GD27249	GD27249			unmatched
FBgn0268540	Dsim\GD27250	GD27250			unmatched
FBgn0268541	Dsim\GD27251	GD27251			unmatched
FBgn0268542	Dsim\GD27252	GD27252			unmatched
FBgn0268543	Dsim\GD27253	GD27253			unmatched
FBgn0268544	Dsim\GD27254	GD27254			unmatched
FBgn0268545	Dsim\GD27255	GD27255			unmatched
FBgn0268546	Dsim\GD27256	GD27256			unmatched
FBgn0268547	Dsim\GD27257	GD27257			unmatched
FBgn0268548	Dsim\GD27258	GD27258			unmatched
FBgn0268549	Dsim\GD27259	GD27259			unmatched
FBgn0268550	Dsim\GD27260	GD27260			unmatched
FBgn0268551	Dsim\GD27261	GD27261			unmatched
FBgn0268552	Dsim\GD27262	GD27262			unmatched
FBgn0268553	Dsim\GD27263	GD27263			unmatched
FBgn0268554	Dsim\GD27264	GD27264			unmatched
FBgn0268555	Dsim\GD27265	GD27265			unmatched
FBgn0268556	Dsim\GD27266	GD27266			unmatched
FBgn0268557	Dsim\GD27267	GD27267			unmatched
FBgn0268558	Dsim\GD27268	GD27268			unmatched
FBgn0268559	Dsim\GD27269	GD27269			unmatched
FBgn0268560	Dsim\GD27270	GD27270			unmatched
FBgn0268561	Dsim\GD27271	GD27271			unmatched
FBgn0268562	Dsim\GD27272	GD27272			unmatched
FBgn0268563	Dsim\GD27273	GD27273			unmatched
FBgn0268564	Dsim\GD27274	GD27274			unmatched
FBgn0268565	Dsim\GD27275	GD27275			unmatched
FBgn0268566	Dsim\GD27276	GD27276			unmatched
FBgn0268567	Dsim\GD27277	GD27277			unmatched
FBgn0268568	Dsim\GD27278	GD27278			unmatched
FBgn0268569	Dsim\GD27279	GD27279			unmatched
FBgn0268570	Dsim\GD27280	GD27280			unmatched
FBgn0268571	Dsim\GD27281	GD27281			unmatched
FBgn0268572	Dsim\GD27282	GD27282			unmatched
FBgn0268573	Dsim\GD27283	GD27283			unmatched
FBgn0268574	Dsim\GD27284	GD27284			unmatched
FBgn0268575	Dsim\GD27285	GD27285			unmatched
FBgn0268576	Dsim\GD27286	GD27286			unmatched
FBgn0268577	Dsim\GD27287	GD27287			unmatched
FBgn0268578	Dsim\GD27288	GD27288			unmatched
FBgn0268579	Dsim\GD27289	GD27289			unmatched
FBgn0268580	Dsim\GD27290	GD27290			unmatched
FBgn0268581	Dsim\GD27291	GD27291			unmatched
FBgn0268582	Dsim\GD27292	GD27292			unmatched
FBgn0268583	Dsim\GD27293	GD27293			unmatched
FBgn0268584	Dsim\GD27294	GD27294			unmatched
FBgn0268585	Dsim\GD27295	GD27295			unmatched
FBgn0268586	Dsim\GD27296	GD27296			unmatched
FBgn0268587	Dsim\GD27297	GD27297			unmatched
FBgn0268588	Dsim\GD27298	GD27298			unmatched
FBgn0268589	Dsim\GD27299	GD27299			unmatched
FBgn0268590	Dsim\GD27300	GD27300			unmatched
FBgn0268591	Dsim\GD27301	GD27301			unmatched
FBgn0268592	Dsim\GD27302	GD27302			unmatched
FBgn0268593	Dsim\GD27303	GD27303			unmatched
FBgn0268594	Dsim\GD27304	GD27304			unmatched
FBgn0268595	Dsim\GD27305	GD27305			unmatched
FBgn0268596	Dsim\GD27306	GD27306			unmatched
FBgn0268597	Dsim\GD27307	GD27307			unmatched
FBgn0268598	Dsim\GD27308	GD27308			unmatched
FBgn0268599	Dsim\GD27309	GD27309			unmatched
FBgn0268600	Dsim\GD27310	GD27310			unmatched
FBgn0268601	Dsim\GD27311	GD27311			unmatched
FBgn0268602	Dsim\GD27312	GD27312			unmatched
FBgn0268603	Dsim\GD27313	GD27313			unmatched
FBgn0268604	Dsim\GD27314	GD27314			unmatched
FBgn0268605	Dsim\GD27315	GD27315			unmatched
FBgn0268606	Dsim\GD27316	GD27316			unmatched
FBgn0268607	Dsim\GD27317	GD27317			unmatched
FBgn0268608	Dsim\GD27318	GD27318			unmatched
FBgn0268609	Dsim\GD27319	GD27319			unmatched
FBgn0268610	Dsim\GD27320	GD27320			unmatched
FBgn0268611	Dsim\GD27321	GD27321			unmatched
FBgn0268612	Dsim\GD27322	GD27322			unmatched
FBgn0268613	Dsim\GD27323	GD27323			unmatched
FBgn0268614	Dsim\GD27324	GD27324			unmatched
FBgn0268615	Dsim\GD27325	GD27325			unmatched
FBgn0268616	Dsim\GD27326	GD27326			unmatched
FBgn0268617	Dsim\GD27327	GD27327			unmatched
FBgn0268618	Dsim\GD27328	GD27328			unmatched
FBgn0268619	Dsim\GD27329	GD27329			unmatched
FBgn0268620	Dsim\GD27330	GD27330			unmatched
FBgn0268621	Dsim\GD27331	GD27331			unmatched
FBgn0268622	Dsim\GD27332	GD27332			unmatched
FBgn0268623	Dsim\GD27333	GD27333			unmatched
FBgn0268624	Dsim\GD27334	GD27334			unmatched
FBgn0268625	Dsim\GD27335	GD27335			unmatched
FBgn0268626	Dsim\GD27336	GD27336			unmatched
FBgn0268627	Dsim\GD27337	GD27337			unmatched
FBgn0268628	Dsim\GD27338	GD27338			unmatched
FBgn0268629	Dsim\GD27339	GD27339			unmatched
FBgn0268630	Dsim\GD27340	GD27340			unmatched
FBgn0268631	Dsim\GD27341	GD27341			unmatched
FBgn0268632	Dsim\GD27342	GD27342			unmatched
FBgn0268633	Dsim\GD27343	GD27343			unmatched
FBgn0268634	Dsim\GD27344	GD27344			unmatched
FBgn0268635	Dsim\GD27345	GD27345			unmatched
FBgn0268636	Dsim\GD27346	GD27346			unmatched
FBgn0268637	Dsim\GD27347	GD27347			unmatched
FBgn0268638	Dsim\GD27348	GD27348			unmatched
FBgn0268639	Dsim\GD27349	GD27349			unmatched
FBgn0268640	Dsim\GD27350	GD27350			unmatched
FBgn0268641	Dsim\GD27351	GD27351			unmatched
FBgn0268642	Dsim\GD27352	GD27352			unmatched
FBgn0268643	Dsim\GD27353	GD27353			unmatched
FBgn0268644	Dsim\GD27354	GD27354			unmatched
FBgn0268645	Dsim\GD27355	GD27355			unmatched
FBgn0268646	Dsim\GD27356	GD27356			unmatched
FBgn0268647	Dsim\GD27357	GD27357			unmatched
FBgn0268648	Dsim\GD27358	GD27358			unmatched
FBgn0268649	Dsim\GD27359	GD27359			unmatched
FBgn0268650	Dsim\GD27360	GD27360			unmatched
FBgn0268651	Dsim\GD27361	GD27361			unmatched
FBgn0268652	Dsim\GD27362	GD27362			unmatched
FBgn0268653	Dsim\GD27363	GD27363			unmatched
FBgn0268654	Dsim\GD27364	GD27364			unmatched
FBgn0268655	Dsim\GD27365	GD27365			unmatched
FBgn0268656	Dsim\GD27366	GD27366			unmatched
FBgn0268657	Dsim\GD27367	GD27367			unmatched
FBgn0268658	Dsim\GD27368	GD27368			unmatched
FBgn0268659	Dsim\GD27369	GD27369			unmatched
FBgn0268660	Dsim\GD27370	GD27370			unmatched
FBgn0268661	Dsim\GD27371	GD27371			unmatched
FBgn0268662	Dsim\GD27372	GD27372			unmatched
FBgn0268663	Dsim\GD27373	GD27373			unmatched
FBgn0268664	Dsim\GD27374	GD27374			unmatched
FBgn0268665	Dsim\GD27375	GD27375			unmatched
FBgn0268666	Dsim\GD27376	GD27376			unmatched
FBgn0268667	Dsim\GD27377	GD27377			unmatched
FBgn0268668	Dsim\GD27378	GD27378			unmatched
FBgn0268669	Dsim\GD27379	GD27379			unmatched
FBgn0268670	Dsim\GD27380	GD27380			unmatched
FBgn0268671	Dsim\GD27381	GD27381			unmatched
FBgn0268672	Dsim\GD27382	GD27382			unmatched
FBgn0268673	Dsim\GD27383	GD27383			unmatched
FBgn0268674	Dsim\GD27384	GD27384			unmatched
FBgn0268675	Dsim\GD27385	GD27385			unmatched
FBgn0268676	Dsim\GD27386	GD27386			unmatched
FBgn0268677	Dsim\GD27387	GD27387			unmatched
FBgn0268678	Dsim\GD27388	GD27388			unmatched
FBgn0268679	Dsim\GD27389	GD27389			unmatched
FBgn0268680	Dsim\GD27390	GD27390			unmatched
FBgn0268681	Dsim\GD27391	GD27391			unmatched
FBgn0268682	Dsim\GD27392	GD27392			unmatched
FBgn0268683	Dsim\GD27393	GD27393			unmatched
FBgn0268684	Dsim\GD27394	GD27394			unmatched
FBgn0268685	Dsim\GD27395	GD27395			unmatched
FBgn0268686	Dsim\GD27396	GD27396			unmatched
FBgn0268687	Dsim\GD27397	GD27397			unmatched
FBgn0268688	Dsim\GD27398	GD27398			unmatched
FBgn0268689	Dsim\GD27399	GD27399			unmatched
FBgn0268690	Dsim\GD27400	GD27400			unmatched
FBgn0268691	Dsim\GD27401	GD27401			unmatched
FBgn0268692	Dsim\GD27402	GD27402			unmatched
FBgn0268693	Dsim\GD27403	GD27403			unmatched
FBgn0268694	Dsim\GD27404	GD27404			unmatched
FBgn0268695	Dsim\GD27405	GD27405			unmatched
FBgn0268696	Dsim\GD27406	GD27406			unmatched
FBgn0268697	Dsim\GD27407	GD27407			unmatched
FBgn0268698	Dsim\GD27408	GD27408			unmatched
FBgn0268699	Dsim\GD27409	GD27409			unmatched
FBgn0268700	Dsim\GD27410	GD27410			unmatched
FBgn0268701	Dsim\GD27411	GD27411			unmatched
FBgn0268702	Dsim\GD27412	GD27412			unmatched
FBgn0268703	Dsim\GD27413	GD27413			unmatched
FBgn0268704	Dsim\GD27414	GD27414			unmatched
FBgn0268705	Dsim\GD27415	GD27415			unmatched
FBgn0268706	Dsim\GD27416	GD27416			unmatched
FBgn0268707	Dsim\GD27417	GD27417			unmatched
FBgn0268708	Dsim\GD27418	GD27418			unmatched
FBgn0268709	Dsim\GD27419	GD27419			unmatched
FBgn0268710	Dsim\GD27420	GD27420			unmatched
FBgn0268711	Dsim\GD27421	GD27421			unmatched
FBgn0268712	Dsim\GD27422	GD27422			unmatched
FBgn0268713	Dsim\GD27423	GD27423			unmatched
FBgn0268714	Dsim\GD27424	GD27424			unmatched
FBgn0268715	Dsim\GD27425	GD27425			unmatched
FBgn0268716	Dsim\GD27426	GD27426			unmatched
FBgn0268717	Dsim\GD27427	GD27427			unmatched
FBgn0268718	Dsim\GD27428	GD27428			unmatched
FBgn0268719	Dsim\GD27429	GD27429			unmatched
FBgn0268720	Dsim\GD27430	GD27430			unmatched
FBgn0268721	Dsim\GD27431	GD27431			unmatched
FBgn0268722	Dsim\GD27432	GD27432			unmatched
FBgn0268723	Dsim\GD27433	GD27433			unmatched
FBgn0268724	Dsim\GD27434	GD27434			unmatched
FBgn0268725	Dsim\GD27435	GD27435			unmatched
FBgn0268726	Dsim\GD27436	GD27436			unmatched
FBgn0268727	Dsim\GD27437	GD27437			unmatched
FBgn0268728	Dsim\GD27438	GD27438			unmatched
FBgn0268729	Dsim\GD27439	GD27439			unmatched
FBgn0268730	Dsim\GD27440	GD27440			unmatched
FBgn0268731	Dsim\GD27441	GD27441			unmatched
FBgn0268732	Dsim\GD27442	GD27442			unmatched
FBgn0268733	Dsim\GD27443	GD27443			unmatched
FBgn0268734	Dsim\GD27444	GD27444			unmatched
FBgn0268735	Dsim\GD27445	GD27445			unmatched
FBgn0268736	Dsim\GD27446	GD27446			unmatched
FBgn0268737	Dsim\GD27447	GD27447			unmatched
FBgn0268738	Dsim\GD27448	GD27448			unmatched
FBgn0268739	Dsim\GD27449	GD27449			unmatched
FBgn0268740	Dsim\GD27450	GD27450			unmatched
FBgn0268741	Dsim\GD27451	GD27451			unmatched
FBgn0268742	Dsim\GD27452	GD27452			unmatched
FBgn0268743	Dsim\GD27453	GD27453			unmatched
FBgn0268744	Dsim\GD27454	GD27454			unmatched
FBgn0268745	Dsim\GD27455	GD27455			unmatched
FBgn0268746	Dsim\GD27456	GD27456			unmatched
FBgn0268747	Dsim\GD27457	GD27457			unmatched
FBgn0268748	Dsim\GD27458	GD27458			unmatched
FBgn0268749	Dsim\GD27459	GD27459			unmatched
FBgn0268750	Dsim\GD27460	GD27460			unmatched
FBgn0268751	Dsim\GD27461	GD27461			unmatched
FBgn0268752	Dsim\GD27462	GD27462			unmatched
FBgn0268753	Dsim\GD27463	GD27463			unmatched
FBgn0268754	Dsim\GD27464	GD27464			unmatched
FBgn0268755	Dsim\GD27465	GD27465			unmatched
FBgn0268756	Dsim\GD27466	GD27466			unmatched
FBgn0268757	Dsim\GD27467	GD27467			unmatched
FBgn0268758	Dsim\GD27468	GD27468			unmatched
FBgn0268759	Dsim\GD27469	GD27469			unmatched
FBgn0268760	Dsim\GD27470	GD27470			unmatched
FBgn0268761	Dsim\GD27471	GD27471			unmatched
FBgn0268762	Dsim\GD27472	GD27472			unmatched
FBgn0268763	Dsim\GD27473	GD27473			unmatched
FBgn0268764	Dsim\GD27474	GD27474			unmatched
FBgn0268765	Dsim\GD27475	GD27475			unmatched
FBgn0268766	Dsim\GD27476	GD27476			unmatched
FBgn0268767	Dsim\GD27477	GD27477			unmatched
FBgn0268768	Dsim\GD27478	GD27478			unmatched
FBgn0268769	Dsim\GD27479	GD27479			unmatched
FBgn0268770	Dsim\GD27480	GD27480			unmatched
FBgn0268771	Dsim\GD27481	GD27481			unmatched
FBgn0268772	Dsim\GD27482	GD27482			unmatched
FBgn0268773	Dsim\GD27483	GD27483			unmatched
FBgn0268774	Dsim\GD27484	GD27484			unmatched
FBgn0268775	Dsim\GD27485	GD27485			unmatched
FBgn0268776	Dsim\GD27486	GD27486			unmatched
FBgn0268777	Dsim\GD27487	GD27487			unmatched
FBgn0268778	Dsim\GD27488	GD27488			unmatched
FBgn0268779	Dsim\GD27489	GD27489			unmatched
FBgn0268780	Dsim\GD27490	GD27490			unmatched
FBgn0268781	Dsim\GD27491	GD27491			unmatched
FBgn0268782	Dsim\GD27492	GD27492			unmatched
FBgn0268783	Dsim\GD27493	GD27493			unmatched
FBgn0268784	Dsim\GD27494	GD27494			unmatched
FBgn0268785	Dsim\GD27495	GD27495			unmatched
FBgn0268786	Dsim\GD27496	GD27496			unmatched
FBgn0268787	Dsim\GD27497	GD27497			unmatched
FBgn0268788	Dsim\GD27498	GD27498			unmatched
FBgn0268789	Dsim\GD27499	GD27499			unmatched
FBgn0268790	Dsim\GD27500	GD27500			unmatched
FBgn0268791	Dsim\GD27501	GD27501			unmatched
FBgn0268792	Dsim\GD27502	GD27502			unmatched
FBgn0268793	Dsim\GD27503	GD27503			unmatched
FBgn0268794	Dsim\GD27504	GD27504			unmatched
FBgn0268795	Dsim\GD27505	GD27505			unmatched
FBgn0268796	Dsim\GD27506	GD27506			unmatched
FBgn0268797	Dsim\GD27507	GD27507			unmatched
FBgn0268798	Dsim\GD27508	GD27508			unmatched
FBgn0268799	Dsim\GD27509	GD27509			unmatched
FBgn0268800	Dsim\GD27510	GD27510			unmatched
FBgn0268801	Dsim\GD27511	GD27511			unmatched
FBgn0268802	Dsim\GD27512	GD27512			unmatched
FBgn0268803	Dsim\GD27513	GD27513			unmatched
FBgn0268804	Dsim\GD27514	GD27514			unmatched
FBgn0268805	Dsim\GD27515	GD27515			unmatched
FBgn0268806	Dsim\GD27516	GD27516			unmatched
FBgn0268807	Dsim\GD27517	GD27517			unmatched
FBgn0268808	Dsim\GD27518	GD27518			unmatched
FBgn0268809	Dsim\GD27519	GD27519			unmatched
FBgn0268810	Dsim\GD27520	GD27520			unmatched
FBgn0268811	Dsim\GD27521	GD27521			unmatched
FBgn0268812	Dsim\GD27522	GD27522			unmatched
FBgn0268813	Dsim\GD27523	GD27523			unmatched
FBgn0268814	Dsim\GD27524	GD27524			unmatched
FBgn0268815	Dsim\GD27525	GD27525			unmatched
FBgn0268816	Dsim\GD27526	GD27526			unmatched
FBgn0268817	Dsim\GD27527	GD27527			unmatched
FBgn0268818	Dsim\GD27528	GD27528			unmatched
FBgn0268819	Dsim\GD27529	GD27529			unmatched
FBgn0268820	Dsim\GD27530	GD27530			unmatched
FBgn0268821	Dsim\GD27531	GD27531			unmatched
FBgn0268822	Dsim\GD27532	GD27532			unmatched
FBgn0268823	Dsim\GD27533	GD27533			unmatched
FBgn0268824	Dsim\GD27534	GD27534			unmatched
FBgn0268825	Dsim\GD27535	GD27535			unmatched
FBgn0268826	Dsim\GD27536	GD27536			unmatched
FBgn0268827	Dsim\GD27537	GD27537			unmatched
FBgn0268828	Dsim\GD27538	GD27538			unmatched
FBgn0268829	Dsim\GD27539	GD27539			unmatched
FBgn0268830	Dsim\GD27540	GD27540			unmatched
FBgn0268831	Dsim\GD27541	GD27541			unmatched
FBgn0268832	Dsim\GD27542	GD27542			unmatched
FBgn0268833	Dsim\GD27543	GD27543			unmatched
FBgn0268834	Dsim\GD27544	GD27544			unmatched
FBgn0268835	Dsim\GD27545	GD27545			unmatched
FBgn0268836	Dsim\GD27546	GD27546			unmatched
FBgn0268837	Dsim\GD27547	GD27547			unmatched
FBgn0268838	Dsim\GD27548	GD27548			unmatched
FBgn0268839	Dsim\GD27549	GD27549			unmatched
FBgn0268840	Dsim\GD27550	GD27550			unmatched
FBgn0268841	Dsim\GD27551	GD27551			unmatched
FBgn0268842	Dsim\GD27552	GD27552			unmatched
FBgn0268843	Dsim\GD27553	GD27553			unmatched
FBgn0268844	Dsim\GD27554	GD27554			unmatched
FBgn0268845	Dsim\GD27555	GD27555			unmatched
FBgn0268846	Dsim\GD27556	GD27556			unmatched
FBgn0268847	Dsim\GD27557	GD27557			unmatched
FBgn0268848	Dsim\GD27558	GD27558			unmatched
FBgn0268849	Dsim\GD27559	GD27559			unmatched
FBgn0268850	Dsim\GD27560	GD27560			unmatched
FBgn0268851	Dsim\GD27561	GD27561			unmatched
FBgn0268852	Dsim\GD27562	GD27562			unmatched
FBgn0268853	Dsim\GD27563	GD27563			unmatched
FBgn0268854	Dsim\GD27564	GD27564			unmatched
FBgn0268855	Dsim\GD27565	GD27565			unmatched
FBgn0268856	Dsim\GD27566	GD27566			unmatched
FBgn0268857	Dsim\GD27567	GD27567			unmatched
FBgn0268858	Dsim\GD27568	GD27568			unmatched
FBgn0268859	Dsim\GD27569	GD27569			unmatched
FBgn0268860	Dsim\GD27570	GD27570			unmatched
FBgn0268861	Dsim\GD27571	GD27571			unmatched
FBgn0268862	Dsim\GD27572	GD27572			unmatched
FBgn0268863	Dsim\GD27573	GD27573			unmatched
FBgn0268864	Dsim\GD27574	GD27574			unmatched
FBgn0268865	Dsim\GD27575	GD27575			unmatched
FBgn0268866	Dsim\GD27576	GD27576			unmatched
FBgn0268867	Dsim\GD27577	GD27577			unmatched
FBgn0268868	Dsim\GD27578	GD27578			unmatched
FBgn0268869	Dsim\GD27579	GD27579			unmatched
FBgn0268870	Dsim\GD27580	GD27580			unmatched
FBgn0268871	Dsim\GD27581	GD27581			unmatched
FBgn0268872	Dsim\GD27582	GD27582			unmatched
FBgn0268873	Dsim\GD27583	GD27583			unmatched
FBgn0268874	Dsim\GD27584	GD27584			unmatched
FBgn0268875	Dsim\GD27585	GD27585			unmatched
FBgn0268876	Dsim\GD27586	GD27586			unmatched
FBgn0268877	Dsim\GD27587	GD27587			unmatched
FBgn0268878	Dsim\GD27588	GD27588			unmatched
FBgn0268879	Dsim\GD27589	GD27589			unmatched
FBgn0268880	Dsim\GD27590	GD27590			unmatched
FBgn0268881	Dsim\GD27591	GD27591			unmatched
FBgn0268882	Dsim\GD27592	GD27592			unmatched
FBgn0268883	Dsim\GD27593	GD27593			unmatched
FBgn0268884	Dsim\GD27594	GD27594			unmatched
FBgn0268885	Dsim\GD27595	GD27595			unmatched
FBgn0268886	Dsim\GD27596	GD27596			unmatched
FBgn0268887	Dsim\GD27597	GD27597			unmatched
FBgn0268888	Dsim\GD27598	GD27598			unmatched
FBgn0268889	Dsim\GD27599	GD27599			unmatched
FBgn0268890	Dsim\GD27600	GD27600			unmatched
FBgn0268891	Dsim\GD27601	GD27601			unmatched
FBgn0268892	Dsim\GD27602	GD27602			unmatched
FBgn0268893	Dsim\GD27603	GD27603			unmatched
FBgn0268894	Dsim\GD27604	GD27604			unmatched
FBgn0268895	Dsim\GD27605	GD27605			unmatched
FBgn0268896	Dsim\GD27606	GD27606			unmatched
FBgn0268897	Dsim\GD27607	GD27607			unmatched
FBgn0268898	Dsim\GD27608	GD27608			unmatched
FBgn0268899	Dsim\GD27609	GD27609			unmatched
FBgn0268900	Dsim\GD27610	GD27610			unmatched
FBgn0268901	Dsim\GD27611	GD27611			unmatched
FBgn0268902	Dsim\GD27612	GD27612			unmatched
FBgn0268903	Dsim\GD27613	GD27613			unmatched
FBgn0268904	Dsim\GD27614	GD27614			unmatched
FBgn0268905	Dsim\GD27615	GD27615			unmatched
FBgn0268906	Dsim\GD27616	GD27616			unmatched
FBgn0268907	Dsim\GD27617	GD27617			unmatched
FBgn0268908	Dsim\GD27618	GD27618			unmatched
FBgn0268909	Dsim\GD27619	GD27619			unmatched
FBgn0268910	Dsim\GD27620	GD27620			unmatched
FBgn0268911	Dsim\GD27621	GD27621			unmatched
FBgn0268912	Dsim\GD27622	GD27622			unmatched
FBgn0268913	Dsim\GD27623	GD27623			unmatched
FBgn0268914	Dsim\GD27624	GD27624			unmatched
FBgn0268915	Dsim\GD27625	GD27625			unmatched
FBgn0268916	Dsim\GD27626	GD27626			unmatched
FBgn0268917	Dsim\GD27627	GD27627			unmatched
FBgn0268918	Dsim\GD27628	GD27628			unmatched
FBgn0268919	Dsim\GD27629	GD27629			unmatched
FBgn0268920	Dsim\GD27630	GD27630			unmatched
FBgn0268921	Dsim\GD27631	GD27631			unmatched
FBgn0268922	Dsim\GD27632	GD27632			unmatched
FBgn0268923	Dsim\GD27633	GD27633			unmatched
FBgn0268924	Dsim\GD27634	GD27634			unmatched
FBgn0268925	Dsim\GD27635	GD27635			unmatched
FBgn0268926	Dsim\GD27636	GD27636			unmatched
FBgn0268927	Dsim\GD27637	GD27637			unmatched
FBgn0268928	Dsim\GD27638	GD27638			unmatched
FBgn0268929	Dsim\GD27639	GD27639			unmatched
FBgn0268930	Dsim\GD27640	GD27640			unmatched
FBgn0268931	Dsim\GD27641	GD27641			unmatched
FBgn0268932	Dsim\GD27642	GD27642			unmatched
FBgn0268933	Dsim\GD27643	GD27643			unmatched
FBgn0268934	Dsim\GD27644	GD27644			unmatched
FBgn0268935	Dsim\GD27645	GD27645			unmatched
FBgn0268936	Dsim\GD27646	GD27646			unmatched
FBgn0268937	Dsim\GD27647	GD27647			unmatched
FBgn0268938	Dsim\GD27648	GD27648			unmatched
FBgn0268939	Dsim\GD27649	GD27649			unmatched
FBgn0268940	Dsim\GD27650	GD27650			unmatched
FBgn0268941	Dsim\GD27651	GD27651			unmatched
FBgn0268942	Dsim\GD27652	GD27652			unmatched
FBgn0268943	Dsim\GD27653	GD27653			unmatched
FBgn0268944	Dsim\GD27654	GD27654			unmatched
FBgn0268945	Dsim\GD27655	GD27655			unmatched
FBgn0268946	Dsim\GD27656	GD27656			unmatched
FBgn0268947	Dsim\GD27657	GD27657			unmatched
FBgn0268948	Dsim\GD27658	GD27658			unmatched
FBgn0268949	Dsim\GD27659	GD27659			unmatched
FBgn0268950	Dsim\GD27660	GD27660			unmatched
FBgn0268951	Dsim\GD27661	GD27661			unmatched
FBgn0268952	Dsim\GD27662	GD27662			unmatched
FBgn0268953	Dsim\GD27663	GD27663			unmatched
FBgn0268954	Dsim\GD27664	GD27664			unmatched
FBgn0268955	Dsim\GD27665	GD27665			unmatched
FBgn0268956	Dsim\GD27666	GD27666			unmatched
FBgn0268957	Dsim\GD27667	GD27667			unmatched
FBgn0268958	Dsim\GD27668	GD27668			unmatched
FBgn0268959	Dsim\GD27669	GD27669			unmatched
FBgn0268960	Dsim\GD27670	GD27670			unmatched
FBgn0268961	Dsim\GD27671	GD27671			unmatched
FBgn0268962	Dsim\GD27672	GD27672			unmatched
FBgn0268963	Dsim\GD27673	GD27673			unmatched
FBgn0268964	Dsim\GD27674	GD27674			unmatched
FBgn0268965	Dsim\GD27675	GD27675			unmatched
FBgn0268966	Dsim\GD27676	GD27676			unmatched
FBgn0268967	Dsim\GD27677	GD27677			unmatched
FBgn0268968	Dsim\GD27678	GD27678			unmatched
FBgn0268969	Dsim\GD27679	GD27679			unmatched
FBgn0268970	Dsim\GD27680	GD27680			unmatched
FBgn0268971	Dsim\GD27681	GD27681			unmatched
FBgn0268972	Dsim\GD27682	GD27682			unmatched
FBgn0268973	Dsim\GD27683	GD27683			unmatched
FBgn0268974	Dsim\GD27684	GD27684			unmatched
FBgn0268975	Dsim\GD27685	GD27685			unmatched
FBgn0268976	Dsim\GD27686	GD27686			unmatched
FBgn0268977	Dsim\GD27687	GD27687			unmatched
FBgn0268978	Dsim\GD27688	GD27688			unmatched
FBgn0268979	Dsim\GD27689	GD27689			unmatched
FBgn0268980	Dsim\GD27690	GD27690			unmatched
FBgn0268981	Dsim\GD27691	GD27691			unmatched
FBgn0268982	Dsim\GD27692	GD27692			unmatched
FBgn0268983	Dsim\GD27693	GD27693			unmatched
FBgn0268984	Dsim\GD27694	GD27694			unmatched
FBgn0268985	Dsim\GD27695	GD27695			unmatched
FBgn0268986	Dsim\GD27696	GD27696			unmatched
FBgn0268987	Dsim\GD27697	GD27697			unmatched
FBgn0268988	Dsim\GD27698	GD27698			unmatched
FBgn0268989	Dsim\GD27699	GD27699			unmatched
FBgn0268990	Dsim\GD27700	GD27700			unmatched
FBgn0268991	Dsim\GD27701	GD27701			unmatched
FBgn0268992	Dsim\GD27702	GD27702			unmatched
FBgn0268993	Dsim\GD27703	GD27703			unmatched
FBgn0268994	Dsim\GD27704	GD27704			unmatched
FBgn0268995	Dsim\GD27705	GD27705			unmatched
FBgn0268996	Dsim\GD27706	GD27706			unmatched
FBgn0268997	Dsim\GD27707	GD27707			unmatched
FBgn0268998	Dsim\GD27708	GD27708			unmatched
FBgn0268999	Dsim\GD27709	GD27709			unmatched
FBgn0269000	Dsim\GD27710	GD27710			unmatched
FBgn0269001	Dsim\GD27711	GD27711			unmatched
FBgn0269002	Dsim\GD27712	GD27712			unmatched
FBgn0269003	Dsim\GD27713	GD27713			unmatched
FBgn0269004	Dsim\GD27714	GD27714			unmatched
FBgn0269005	Dsim\GD27715	GD27715			unmatched
FBgn0269006	Dsim\GD27716	GD27716			unmatched
FBgn0269007	Dsim\GD27717	GD27717			unmatched
FBgn0269008	Dsim\GD27718	GD27718			unmatched
FBgn0269009	Dsim\GD27719	GD27719			unmatched
FBgn0269010	Dsim\GD27720	GD27720			unmatched
FBgn0269011	Dsim\GD27721	GD27721			unmatched
FBgn0269012	Dsim\GD27722	GD27722			unmatched
FBgn0269013	Dsim\GD27723	GD27723			unmatched
FBgn0269014	Dsim\GD27724	GD27724			unmatched
FBgn0269015	Dsim\GD27725	GD27725			unmatched
FBgn0269016	Dsim\GD27726	GD27726			unmatched
FBgn0269017	Dsim\GD27727	GD27727			unmatched
FBgn0269018	Dsim\GD27728	GD27728			unmatched
FBgn0269019	Dsim\GD27729	GD27729			unmatched
FBgn0269020	Dsim\GD27730	GD27730			unmatched
FBgn0269021	Dsim\GD27731	GD27731			unmatched
FBgn0269022	Dsim\GD27732	GD27732			unmatched
FBgn0269023	Dsim\GD27733	GD27733			unmatched
FBgn0269024	Dsim\GD27734	GD27734			unmatched
FBgn0269025	Dsim\GD27735	GD27735			unmatched
FBgn0269026	Dsim\GD27736	GD27736			unmatched
FBgn0269027	Dsim\GD27737	GD27737			unmatched
FBgn0269028	Dsim\GD27738	GD27738			unmatched
FBgn0269029	Dsim\GD27739	GD27739			unmatched
FBgn0269030	Dsim\GD27740	GD27740			unmatched
FBgn0269031	Dsim\GD27741	GD27741			unmatched
FBgn0269032	Dsim\GD27742	GD27742			unmatched
FBgn0269033	Dsim\GD27743	GD27743			unmatched
FBgn0269034	Dsim\GD27744	GD27744			unmatched
FBgn0269035	Dsim\GD27745	GD27745			unmatched
FBgn0269036	Dsim\GD27746	GD27746			unmatched
FBgn0269037	Dsim\GD27747	GD27747			unmatched
FBgn0269038	Dsim\GD27748	GD27748			unmatched
FBgn0269039	Dsim\GD27749	GD27749			unmatched
FBgn0269040	Dsim\GD27750	GD27750			unmatched
FBgn0269041	Dsim\GD27751	GD27751			unmatched
FBgn0269042	Dsim\GD27752	GD27752			unmatched
FBgn0269043	Dsim\GD27753	GD27753			unmatched
FBgn0269044	Dsim\GD27754	GD27754			unmatched
FBgn0269045	Dsim\GD27755	GD27755			unmatched
FBgn0269046	Dsim\GD27756	GD27756			unmatched
FBgn0269047	Dsim\GD27757	GD27757			unmatched
FBgn0269048	Dsim\GD27758	GD27758			unmatched
FBgn0269049	Dsim\GD27759	GD27759			unmatched
FBgn0269050	Dsim\GD27760	GD27760			unmatched
FBgn0269051	Dsim\GD27761	GD27761			unmatched
FBgn0269052	Dsim\GD27762	GD27762			unmatched
FBgn0269053	Dsim\GD27763	GD27763			unmatched
FBgn0269054	Dsim\GD27764	GD27764			unmatched
FBgn0269055	Dsim\GD27765	GD27765			unmatched
FBgn0269056	Dsim\GD27766	GD27766			unmatched
FBgn0269057	Dsim\GD27767	GD27767			unmatched
FBgn0269058	Dsim\GD27768	GD27768			unmatched
FBgn0269059	Dsim\GD27769	GD27769			unmatched
FBgn0269060	Dsim\GD27770	GD27770			unmatched
FBgn0269061	Dsim\GD27771	GD27771			unmatched
FBgn0269062	Dsim\GD27772	GD27772			unmatched
FBgn0269063	Dsim\GD27773	GD27773			unmatched
FBgn0269064	Dsim\GD27774	GD27774			unmatched
FBgn0269065	Dsim\GD27775	GD27775			unmatched
FBgn0269066	Dsim\GD27776	GD27776			unmatched
FBgn0269067	Dsim\GD27777	GD27777			unmatched
FBgn0269068	Dsim\GD27778	GD27778			unmatched
FBgn0269069	Dsim\GD27779	GD27779			unmatched
FBgn0269070	Dsim\GD27780	GD27780			unmatched
FBgn0269071	Dsim\GD27781	GD27781			unmatched
FBgn0269072	Dsim\GD27782	GD27782			unmatched
FBgn0269073	Dsim\GD27783	GD27783			unmatched
FBgn0269074	Dsim\GD27784	GD27784			unmatched
FBgn0269075	Dsim\GD27785	GD27785			unmatched
FBgn0269076	Dsim\GD27786	GD27786			unmatched
FBgn0269077	Dsim\GD27787	GD27787			unmatched
FBgn0269078	Dsim\GD27788	GD27788			unmatched
FBgn0269079	Dsim\GD27789	GD27789			unmatched
FBgn0269080	Dsim\GD27790	GD27790			unmatched
FBgn0269081	Dsim\GD27791	GD27791			unmatched
FBgn0269082	Dsim\GD27792	GD27792			unmatched
FBgn0269083	Dsim\GD27793	GD27793			unmatched
FBgn0269084	Dsim\GD27794	GD27794			unmatched
FBgn0269085	Dsim\GD27795	GD27795			unmatched
FBgn0269086	Dsim\GD27796	GD27796			unmatched
FBgn0269087	Dsim\GD27797	GD27797			unmatched
FBgn0269088	Dsim\GD27798	GD27798			unmatched
FBgn0269089	Dsim\GD27799	GD27799			unmatched
FBgn0269090	Dsim\GD27800	GD27800			unmatched
FBgn0269091	Dsim\GD27801	GD27801			unmatched
FBgn0269092	Dsim\GD27802	GD27802			unmatched
FBgn0269093	Dsim\GD27803	GD27803			unmatched
FBgn0269094	Dsim\GD27804	GD27804			unmatched
FBgn0269095	Dsim\GD27805	GD27805			unmatched
FBgn0269096	Dsim\GD27806	GD27806			unmatched
FBgn0269097	Dsim\GD27807	GD27807			unmatched
FBgn0269098	Dsim\GD27808	GD27808			unmatched
FBgn0269099	Dsim\GD27809	GD27809			unmatched
FBgn0269100	Dsim\GD27810	GD27810			unmatched
FBgn0269101	Dsim\GD27811	GD27811			unmatched
FBgn0269102	Dsim\GD27812	GD27812			unmatched
FBgn0269103	Dsim\GD27813	GD27813			unmatched
FBgn0269104	Dsim\GD27814	GD27814			unmatched
FBgn0269105	Dsim\GD27815	GD27815			unmatched
FBgn0269106	Dsim\GD27816	GD27816			unmatched
FBgn0269107	Dsim\GD27817	GD27817			unmatched
FBgn0269108	Dsim\GD27818	GD27818			unmatched
FBgn0269109	Dsim\GD27819	GD27819			unmatched
FBgn0269110	Dsim\GD27820	GD27820			unmatched
FBgn0269111	Dsim\GD27821	GD27821			unmatched
FBgn0269112	Dsim\GD27822	GD27822			unmatched
FBgn0269113	Dsim\GD27823	GD27823			unmatched
FBgn0269114	Dsim\GD27824	GD27824			unmatched
FBgn0269115	Dsim\GD27825	GD27825			unmatched
FBgn0269116	Dsim\GD27826	GD27826			unmatched
FBgn0269117	Dsim\GD27827	GD27827			unmatched
FBgn0269118	Dsim\GD27828	GD27828			unmatched
FBgn0269119	Dsim\GD27829	GD27829			unmatched
FBgn0269120	Dsim\GD27830	GD27830			unmatched
FBgn0269121	Dsim\GD27831	GD27831			unmatched
FBgn0269122	Dsim\GD27832	GD27832			unmatched
FBgn0269123	Dsim\GD27833	GD27833			unmatched
FBgn0269124	Dsim\GD27834	GD27834			unmatched
FBgn0269125	Dsim\GD27835	GD27835			unmatched
FBgn0269126	Dsim\GD27836	GD27836			unmatched
FBgn0269127	Dsim\GD27837	GD27837			unmatched
FBgn0269128	Dsim\GD27838	GD27838			unmatched
FBgn0269129	Dsim\GD27839	GD27839			unmatched
FBgn0269130	Dsim\GD27840	GD27840			unmatched
FBgn0269131	Dsim\GD27841	GD27841			unmatched
FBgn0269132	Dsim\GD27842	GD27842			unmatched
FBgn0269133	Dsim\GD27843	GD27843			unmatched
FBgn0269134	Dsim\GD27844	GD27844			unmatched
FBgn0269135	Dsim\GD27845	GD27845			unmatched
FBgn0269136	Dsim\GD27846	GD27846			unmatched
FBgn0269137	Dsim\GD27847	GD27847			unmatched
FBgn0269138	Dsim\GD27848	GD27848			unmatched
FBgn0269139	Dsim\GD27849	GD27849			unmatched
FBgn0269140	Dsim\GD27850	GD27850			unmatched
FBgn0269141	Dsim\GD27851	GD27851			unmatched
FBgn0269142	Dsim\GD27852	GD27852			unmatched
FBgn0269143	Dsim\GD27853	GD27853			unmatched
FBgn0269144	Dsim\GD27854	GD27854			unmatched
FBgn0269145	Dsim\GD27855	GD27855			unmatched
FBgn0269146	Dsim\GD27856	GD27856			unmatched
FBgn0269147	Dsim\GD27857	GD27857			unmatched
FBgn0269148	Dsim\GD27858	GD27858			unmatched
FBgn0269149	Dsim\GD27859	GD27859			unmatched
FBgn0269150	Dsim\GD27860	GD27860			unmatched
FBgn0269151	Dsim\GD27861	GD27861			unmatched
FBgn0269152	Dsim\GD27862	GD27862			unmatched
FBgn0269153	Dsim\GD27863	GD27863			unmatched
FBgn0269154	Dsim\GD27864	GD27864			unmatched
FBgn0269155	Dsim\GD27865	GD27865			unmatched
FBgn0269156	Dsim\GD27866	GD27866			unmatched
FBgn0269157	Dsim\GD27867	GD27867			unmatched
FBgn0269158	Dsim\GD27868	GD27868			unmatched
FBgn0269159	Dsim\GD27869	GD27869			unmatched
FBgn0269160	Dsim\GD27870	GD27870			unmatched
FBgn0269161	Dsim\GD27871	GD27871			unmatched
FBgn0269162	Dsim\GD27872	GD27872			unmatched
FBgn0269163	Dsim\GD27873	GD27873			unmatched
FBgn0269164	Dsim\GD27874	GD27874			unmatched
FBgn0269165	Dsim\GD27875	GD27875			unmatched
FBgn0269166	Dsim\GD27876	GD27876			unmatched
FBgn0269167	Dsim\GD27877	GD27877			unmatched
FBgn0269168	Dsim\GD27878	GD27878			unmatched
FBgn0269169	Dsim\GD27879	GD27879			unmatched
FBgn0269170	Dsim\GD27880	GD27880			unmatched
FBgn0269171	Dsim\GD27881	GD27881			unmatched
FBgn0269172	Dsim\GD27882	GD27882			unmatched
FBgn0269173	Dsim\GD27883	GD27883			unmatched
FBgn0269174	Dsim\GD27884	GD27884			unmatched
FBgn0269175	Dsim\GD27885	GD27885			unmatched
FBgn0269176	Dsim\GD27886	GD27886			unmatched
FBgn0269177	Dsim\GD27887	GD27887			unmatched
FBgn0269178	Dsim\GD27888	GD27888			unmatched
FBgn0269179	Dsim\GD27889	GD27889			unmatched
FBgn0269180	Dsim\GD27890	GD27890			unmatched
FBgn0269181	Dsim\GD27891	GD27891			unmatched
FBgn0269182	Dsim\GD27892	GD27892			unmatched
FBgn0269183	Dsim\GD27893	GD27893			unmatched
FBgn0269184	Dsim\GD27894	GD27894			unmatched
FBgn0269185	Dsim\GD27895	GD27895			unmatched
FBgn0269186	Dsim\GD27896	GD27896			unmatched
FBgn0269187	Dsim\GD27897	GD27897			unmatched
FBgn0269188	Dsim\GD27898	GD27898			unmatched
FBgn0269189	Dsim\GD27899	GD27899			unmatched
FBgn0269190	Dsim\GD27900	GD27900			unmatched
FBgn0269191	Dsim\GD27901	GD27901			unmatched
FBgn0269192	Dsim\GD27902	GD27902			unmatched
FBgn0269193	Dsim\GD27903	GD27903			unmatched
FBgn0269194	Dsim\GD27904	GD27904			unmatched
FBgn0269195	Dsim\GD27905	GD27905			unmatched
FBgn0269196	Dsim\GD27906	GD27906			unmatched
FBgn0269197	Dsim\GD27907	GD27907			unmatched
FBgn0269198	Dsim\GD27908	GD27908			unmatched
FBgn0269199	Dsim\GD27909	GD27909			unmatched
FBgn0269200	Dsim\GD27910	GD27910			unmatched
FBgn0269201	Dsim\GD27911	GD27911			unmatched
FBgn0269202	Dsim\GD27912	GD27912			unmatched
FBgn0269203	Dsim\GD27913	GD27913			unmatched
FBgn0269204	Dsim\GD27914	GD27914			unmatched
FBgn0269205	Dsim\GD27915	GD27915			unmatched
FBgn0269206	Dsim\GD27916	GD27916			unmatched
FBgn0269207	Dsim\GD27917	GD27917			unmatched
FBgn0269208	Dsim\GD27918	GD27918			unmatched
FBgn0269209	Dsim\GD27919	GD27919			unmatched
FBgn0269210	Dsim\GD27920	GD27920			unmatched
FBgn0269211	Dsim\GD27921	GD27921			unmatched
FBgn0269212	Dsim\GD27922	GD27922			unmatched
FBgn0269213	Dsim\GD27923	GD27923			unmatched
FBgn0269214	Dsim\GD27924	GD27924			unmatched
FBgn0269215	Dsim\GD27925	GD27925			unmatched
FBgn0269216	Dsim\GD27926	GD27926			unmatched
FBgn0269217	Dsim\GD27927	GD27927			unmatched
FBgn0269218	Dsim\GD27928	GD27928			unmatched
FBgn0269219	Dsim\GD27929	GD27929			unmatched
FBgn0269220	Dsim\GD27930	GD27930			unmatched
FBgn0269221	Dsim\GD27931	GD27931			unmatched
FBgn0269222	Dsim\GD27932	GD27932			unmatched
FBgn0269223	Dsim\GD27933	GD27933			unmatched
FBgn0269224	Dsim\GD27934	GD27934			unmatched
FBgn0269225	Dsim\GD27935	GD27935			unmatched
FBgn0269226	Dsim\GD27936	GD27936			unmatched
FBgn0269227	Dsim\GD27937	GD27937			unmatched
FBgn0269228	Dsim\GD27938	GD27938			unmatched
FBgn0269229	Dsim\GD27939	GD27939			unmatched
FBgn0269230	Dsim\GD27940	GD27940			unmatched
FBgn0269231	Dsim\GD27941	GD27941			unmatched
FBgn0269232	Dsim\GD27942	GD27942			unmatched
FBgn0269233	Dsim\GD27943	GD27943			unmatched
FBgn0269234	Dsim\GD27944	GD27944			unmatched
FBgn0269235	Dsim\GD27945	GD27945			unmatched
FBgn0269236	Dsim\GD27946	GD27946			unmatched
FBgn0269237	Dsim\GD27947	GD27947			unmatched
FBgn0269238	Dsim\GD27948	GD27948			unmatched
FBgn0269239	Dsim\GD27949	GD27949			unmatched
FBgn0269240	Dsim\GD27950	GD27950			unmatched
FBgn0269241	Dsim\GD27951	GD27951			unmatched
FBgn0269242	Dsim\GD27952	GD27952			unmatched
FBgn0269243	Dsim\GD27953	GD27953			unmatched
FBgn0269244	Dsim\GD27954	GD27954			unmatched
FBgn0269245	Dsim\GD27955	GD27955			unmatched
FBgn0269246	Dsim\GD27956	GD27956			unmatched
FBgn0269247	Dsim\GD27957	GD27957			unmatched
FBgn0269248	Dsim\GD27958	GD27958			unmatched
FBgn0269249	Dsim\GD27959	GD27959			unmatched
FBgn0269250	Dsim\GD27960	GD27960			unmatched
FBgn0269251	Dsim\GD27961	GD27961			unmatched
FBgn0269252	Dsim\GD27962	GD27962			unmatched
FBgn0269253	Dsim\GD27963	GD27963			unmatched
FBgn0269254	Dsim\GD27964	GD27964			unmatched
FBgn0269255	Dsim\GD27965	GD27965			unmatched
FBgn0269256	Dsim\GD27966	GD27966			unmatched
FBgn0269257	Dsim\GD27967	GD27967			unmatched
FBgn0269258	Dsim\GD27968	GD27968			unmatched
FBgn0269259	Dsim\GD27969	GD27969			unmatched
FBgn0269260	Dsim\GD27970	GD27970			unmatched
FBgn0269261	Dsim\GD27971	GD27971			unmatched
FBgn0269262	Dsim\GD27972	GD27972			unmatched
FBgn0269263	Dsim\GD27973	GD27973			unmatched
FBgn0269264	Dsim\GD27974	GD27974			unmatched
FBgn0269265	Dsim\GD27975	GD27975			unmatched
FBgn0269266	Dsim\GD27976	GD27976			unmatched
FBgn0269267	Dsim\GD27977	GD27977			unmatched
FBgn0269268	Dsim\GD27978	GD27978			unmatched
FBgn0269269	Dsim\GD27979	GD27979			unmatched
FBgn0269270	Dsim\GD27980	GD27980			unmatched
FBgn0269271	Dsim\GD27981	GD27981			unmatched
FBgn0269272	Dsim\GD27982	GD27982			unmatched
FBgn0269273	Dsim\GD27983	GD27983			unmatched
FBgn0269274	Dsim\GD27984	GD27984			unmatched
FBgn0269275	Dsim\GD27985	GD27985			unmatched
FBgn0269276	Dsim\GD27986	GD27986			unmatched
FBgn0269277	Dsim\GD27987	GD27987			unmatched
FBgn0269278	Dsim\GD27988	GD27988			unmatched
FBgn0269279	Dsim\GD27989	GD27989			unmatched
FBgn0269280	Dsim\GD27990	GD27990			unmatched
FBgn0269281	Dsim\GD27991	GD27991			unmatched
FBgn0269282	Dsim\GD27992	GD27992			unmatched
FBgn0269283	Dsim\GD27993	GD27993			unmatched
FBgn0269284	Dsim\GD27994	GD27994			unmatched
FBgn0269285	Dsim\GD27995	GD27995			unmatched
FBgn0269286	Dsim\GD27996	GD27996			unmatched
FBgn0269287	Dsim\GD27997	GD27997			unmatched
FBgn0269288	Dsim\GD27998	GD27998			unmatched
FBgn0269289	Dsim\GD27999	GD27999			unmatched
FBgn0269290	Dsim\GD28000	GD28000			unmatched
FBgn0269291	Dsim\GD28001	GD28001			unmatched
FBgn0269292	Dsim\GD28002	GD28002			unmatched
FBgn0269293	Dsim\GD28003	GD28003			unmatched
FBgn0269294	Dsim\GD28004	GD28004			unmatched
FBgn0269295	Dsim\GD28005	GD28005			unmatched
FBgn0269296	Dsim\GD28006	GD28006			unmatched
FBgn0269297	Dsim\GD28007	GD28007			unmatched
FBgn0269298	Dsim\GD28008	GD28008			unmatched
FBgn0269299	Dsim\GD28009	GD28009			unmatched
FBgn0269300	Dsim\GD28010	GD28010			unmatched
FBgn0269301	Dsim\GD28011	GD28011			unmatched
FBgn0269302	Dsim\GD28012	GD28012			unmatched
FBgn0269303	Dsim\GD28013	GD28013			unmatched
FBgn0269304	Dsim\GD28014	GD28014			unmatched
FBgn0269305	Dsim\GD28015	GD28015			unmatched
FBgn0269306	Dsim\GD28016	GD28016			unmatched
FBgn0269307	Dsim\GD28017	GD28017			unmatched
FBgn0269308	Dsim\GD28018	GD28018			unmatched
FBgn0269309	Dsim\GD28019	GD28019			unmatched
FBgn0269310	Dsim\GD28020	GD28020			unmatched
FBgn0269311	Dsim\GD28021	GD28021			unmatched
FBgn0269312	Dsim\GD28022	GD28022			unmatched
FBgn0269313	Dsim\GD28023	GD28023			unmatched
FBgn0269314	Dsim\GD28024	GD28024			unmatched
FBgn0269315	Dsim\GD28025	GD28025			unmatched
FBgn0269316	Dsim\GD28026	GD28026			unmatched
FBgn0269317	Dsim\GD28027	GD28027			unmatched
FBgn0269318	Dsim\GD28028	GD28028			unmatched
FBgn0269319	Dsim\GD28029	GD28029			unmatched
FBgn0269320	Dsim\GD28030	GD28030			unmatched
FBgn0269321	Dsim\GD28031	GD28031			unmatched
FBgn0269322	Dsim\GD28032	GD28032			unmatched
FBgn0269323	Dsim\GD28033	GD28033			unmatched
FBgn0269324	Dsim\GD28034	GD28034			unmatched
FBgn0269325	Dsim\GD28035	GD28035			unmatched
FBgn0269326	Dsim\GD28036	GD28036			unmatched
FBgn0269327	Dsim\GD28037	GD28037			unmatched
FBgn0269328	Dsim\GD28038	GD28038			unmatched
FBgn0269329	Dsim\GD28039	GD28039			unmatched
FBgn0269330	Dsim\GD28040	GD28040			unmatched
FBgn0269331	Dsim\GD28041	GD28041			unmatched
FBgn0269332	Dsim\GD28042	GD28042			unmatched
FBgn0269333	Dsim\GD28043	GD28043			unmatched
FBgn0269334	Dsim\GD28044	GD28044			unmatched
FBgn0269335	Dsim\GD28045	GD28045			unmatched
FBgn0269336	Dsim\GD28046	GD28046			unmatched
FBgn0269337	Dsim\GD28047	GD28047			unmatched
FBgn0269338	Dsim\GD28048	GD28048			unmatched
FBgn0269339	Dsim\GD28049	GD28049			unmatched
FBgn0269340	Dsim\GD28050	GD28050			unmatched
FBgn0269341	Dsim\GD28051	GD28051			unmatched
FBgn0269342	Dsim\GD28052	GD28052			unmatched
FBgn0269343	Dsim\GD28053	GD28053			unmatched
FBgn0269344	Dsim\GD28054	GD28054			unmatched
FBgn0269345	Dsim\GD28055	GD28055			unmatched
FBgn0269346	Dsim\GD28056	GD28056			unmatched
FBgn0269347	Dsim\GD28057	GD28057			unmatched
FBgn0269348	Dsim\GD28058	GD28058			unmatched
FBgn0269349	Dsim\GD28059	GD28059			unmatched
FBgn0269350	Dsim\GD28060	GD28060			unmatched
FBgn0269351	Dsim\GD28061	GD28061			unmatched
FBgn0269352	Dsim\GD28062	GD28062			unmatched
FBgn0269353	Dsim\GD28063	GD28063			unmatched
FBgn0269354	Dsim\GD28064	GD28064			unmatched
FBgn0269355	Dsim\GD28065	GD28065			unmatched
FBgn0269356	Dsim\GD28066	GD28066			unmatched
FBgn0269357	Dsim\GD28067	GD28067			unmatched
FBgn0269358	Dsim\GD28068	GD28068			unmatched
FBgn0269359	Dsim\GD28069	GD28069			unmatched
FBgn0269360	Dsim\GD28070	GD28070			unmatched
FBgn0269361	Dsim\GD28071	GD28071			unmatched
FBgn0269362	Dsim\GD28072	GD28072			unmatched
FBgn0269363	Dsim\GD28073	GD28073			unmatched
FBgn0269364	Dsim\GD28074	GD28074			unmatched
FBgn0269365	Dsim\GD28075	GD28075			unmatched
FBgn0269366	Dsim\GD28076	GD28076			unmatched
FBgn0269367	Dsim\GD28077	GD28077			unmatched
FBgn0269368	Dsim\GD28078	GD28078			unmatched
FBgn0269369	Dsim\GD28079	GD28079			unmatched
FBgn0269370	Dsim\GD28080	GD28080			unmatched
FBgn0269371	Dsim\GD28081	GD28081			unmatched
FBgn0269372	Dsim\GD28082	GD28082			unmatched
FBgn0269373	Dsim\GD28083	GD28083			unmatched
FBgn0269374	Dsim\GD28084	GD28084			unmatched
FBgn0269375	Dsim\GD28085	GD28085			unmatched
FBgn0269376	Dsim\GD28086	GD28086			unmatched
FBgn0269377	Dsim\GD28087	GD28087			unmatched
FBgn0269378	Dsim\GD28088	GD28088			unmatched
FBgn0269379	Dsim\GD28089	GD28089			unmatched
FBgn0269380	Dsim\GD28090	GD28090			unmatched
FBgn0269381	Dsim\GD28091	GD28091			unmatched
FBgn0269382	Dsim\GD28092	GD28092			unmatched
FBgn0269383	Dsim\GD28093	GD28093			unmatched
FBgn0269384	Dsim\GD28094	GD28094			unmatched
FBgn0269385	Dsim\GD28095	GD28095			unmatched
FBgn0269386	Dsim\GD28096	GD28096			unmatched
FBgn0269387	Dsim\GD28097	GD28097			unmatched
FBgn0269388	Dsim\GD28098	GD28098			unmatched
FBgn0269389	Dsim\GD28099	GD28099			unmatched
FBgn0269390	Dsim\GD28100	GD28100			unmatched
FBgn0269391	Dsim\GD28101	GD28101			unmatched
FBgn0269392	Dsim\GD28102	GD28102			unmatched
FBgn0269393	Dsim\GD28103	GD28103			unmatched
FBgn0269394	Dsim\GD28104	GD28104			unmatched
FBgn0269395	Dsim\GD28105	GD28105			unmatched
FBgn0269396	Dsim\GD28106	GD28106			unmatched
FBgn0269397	Dsim\GD28107	GD28107			unmatched
FBgn0269398	Dsim\GD28108	GD28108			unmatched
FBgn0269399	Dsim\GD28109	GD28109			unmatched
FBgn0269400	Dsim\GD28110	GD28110			unmatched
FBgn0269401	Dsim\GD28111	GD28111			unmatched
FBgn0269402	Dsim\GD28112	GD28112			unmatched
FBgn0269403	Dsim\GD28113	GD28113			unmatched
FBgn0269404	Dsim\GD28114	GD28114			unmatched
FBgn0269405	Dsim\GD28115	GD28115			unmatched
FBgn0269406	Dsim\GD28116	GD28116			unmatched
FBgn0269407	Dsim\GD28117	GD28117			unmatched
FBgn0269408	Dsim\GD28118	GD28118			unmatched
FBgn0269409	Dsim\GD28119	GD28119			unmatched
FBgn0269410	Dsim\GD28120	GD28120			unmatched
FBgn0269411	Dsim\GD28121	GD28121			unmatched
FBgn0269412	Dsim\GD28122	GD28122			unmatched
FBgn0269413	Dsim\GD28123	GD28123			unmatched
FBgn0269414	Dsim\GD28124	GD28124			unmatched
FBgn0269415	Dsim\GD28125	GD28125			unmatched
FBgn0269416	Dsim\GD28126	GD28126			unmatched
FBgn0269417	Dsim\GD28127	GD28127			unmatched
FBgn0269418	Dsim\GD28128	GD28128			unmatched
FBgn0269419	Dsim\GD28129	GD28129			unmatched
FBgn0269420	Dsim\GD28130	GD28130			unmatched
FBgn0269421	Dsim\GD28131	GD28131			unmatched
FBgn0269422	Dsim\GD28132	GD28132			unmatched
FBgn0269423	Dsim\GD28133	GD28133			unmatched
FBgn0269424	Dsim\GD28134	GD28134			unmatched
FBgn0269425	Dsim\GD28135	GD28135			unmatched
FBgn0269426	Dsim\GD28136	GD28136			unmatched
FBgn0269427	Dsim\GD28137	GD28137			unmatched
FBgn0269428	Dsim\GD28138	GD28138			unmatched
FBgn0269429	Dsim\GD28139	GD28139			unmatched
FBgn0269430	Dsim\GD28140	GD28140			unmatched
FBgn0269431	Dsim\GD28141	GD28141			unmatched
FBgn0269432	Dsim\GD28142	GD28142			unmatched
FBgn0269433	Dsim\GD28143	GD28143			unmatched
FBgn0269434	Dsim\GD28144	GD28144			unmatched
FBgn0269435	Dsim\GD28145	GD28145			unmatched
FBgn0269436	Dsim\GD28146	GD28146			unmatched
FBgn0269437	Dsim\GD28147	GD28147			unmatched
FBgn0269438	Dsim\GD28148	GD28148			unmatched
FBgn0269439	Dsim\GD28149	GD28149			unmatched
FBgn0269440	Dsim\GD28150	GD28150			unmatched
FBgn0269441	Dsim\GD28151	GD28151			unmatched
FBgn0269442	Dsim\GD28152	GD28152			unmatched
FBgn0269443	Dsim\GD28153	GD28153			unmatched
FBgn0269444	Dsim\GD28154	GD28154			unmatched
FBgn0269445	Dsim\GD28155	GD28155			unmatched
FBgn0269446	Dsim\GD28156	GD28156			unmatched
FBgn0269447	Dsim\GD28157	GD28157			unmatched
FBgn0269448	Dsim\GD28158	GD28158			unmatched
FBgn0269449	Dsim\GD28159	GD28159			unmatched
FBgn0269450	Dsim\GD28160	GD28160			unmatched
FBgn0269451	Dsim\GD28161	GD28161			unmatched
FBgn0269452	Dsim\GD28162	GD28162			unmatched
FBgn0269453	Dsim\GD28163	GD28163			unmatched
FBgn0269454	Dsim\GD28164	GD28164			unmatched
FBgn0269455	Dsim\GD28165	GD28165			unmatched
FBgn0269456	Dsim\GD28166	GD28166			unmatched
FBgn0269457	Dsim\GD28167	GD28167			unmatched
FBgn0269458	Dsim\GD28168	GD28168			unmatched
FBgn0269459	Dsim\GD28169	GD28169			unmatched
FBgn0269460	Dsim\GD28170	GD28170			unmatched
FBgn0269461	Dsim\GD28171	GD28171			unmatched
FBgn0269462	Dsim\GD28172	GD28172			unmatched
FBgn0269463	Dsim\GD28173	GD28173			unmatched
FBgn0269464	Dsim\GD28174	GD28174			unmatched
FBgn0269465	Dsim\GD28175	GD28175			unmatched
FBgn0269466	Dsim\GD28176	GD28176			unmatched
FBgn0269467	Dsim\GD28177	GD28177			unmatched
FBgn0269468	Dsim\GD28178	GD28178			unmatched
FBgn0269469	Dsim\GD28179	GD28179			unmatched
FBgn0269470	Dsim\GD28180	GD28180			unmatched
FBgn0269471	Dsim\GD28181	GD28181			unmatched
FBgn0269472	Dsim\GD28182	GD28182			unmatched
FBgn0269473	Dsim\GD28183	GD28183			unmatched
FBgn0269474	Dsim\GD28184	GD28184			unmatched
FBgn0269475	Dsim\GD28185	GD28185			unmatched
FBgn0269476	Dsim\GD28186	GD28186			unmatched
FBgn0269477	Dsim\GD28187	GD28187			unmatched
FBgn0269478	Dsim\GD28188	GD28188			unmatched
FBgn0269479	Dsim\GD28189	GD28189			unmatched
FBgn0269480	Dsim\GD28190	GD28190			unmatched
FBgn0269481	Dsim\GD28191	GD28191			unmatched
FBgn0269482	Dsim\GD28192	GD28192			unmatched
FBgn0269483	Dsim\GD28193	GD28193			unmatched
FBgn0269484	Dsim\GD28194	GD28194			unmatched
FBgn0269485	Dsim\GD28195	GD28195			unmatched
FBgn0269486	Dsim\GD28196	GD28196			unmatched
FBgn0269487	Dsim\GD28197	GD28197			unmatched
FBgn0269488	Dsim\GD28198	GD28198			unmatched
FBgn0269489	Dsim\GD28199	GD28199			unmatched
FBgn0269490	Dsim\GD28200	GD28200			unmatched
FBgn0269491	Dsim\GD28201	GD28201			unmatched
FBgn0269492	Dsim\GD28202	GD28202			unmatched
FBgn0269493	Dsim\GD28203	GD28203			unmatched
FBgn0269494	Dsim\GD28204	GD28204			unmatched
FBgn0269495	Dsim\GD28205	GD28205			unmatched
FBgn0269496	Dsim\GD28206	GD28206			unmatched
FBgn0269497	Dsim\GD28207	GD28207			unmatched
FBgn0269498	Dsim\GD28208	GD28208			unmatched
FBgn0269499	Dsim\GD28209	GD28209			unmatched
FBgn0269500	Dsim\GD28210	GD28210			unmatched
FBgn0269501	Dsim\GD28211	GD28211			unmatched
FBgn0269502	Dsim\GD28212	GD28212			unmatched
FBgn0269503	Dsim\GD28213	GD28213			unmatched
FBgn0269504	Dsim\GD28214	GD28214			unmatched
FBgn0269505	Dsim\GD28215	GD28215			unmatched
FBgn0269506	Dsim\GD28216	GD28216			unmatched
FBgn0269507	Dsim\GD28217	GD28217			unmatched
FBgn0269508	Dsim\GD28218	GD28218			unmatched
FBgn0269509	Dsim\GD28219	GD28219			unmatched
FBgn0269510	Dsim\GD28220	GD28220			unmatched
FBgn0269511	Dsim\GD28221	GD28221			unmatched
FBgn0269512	Dsim\GD28222	GD28222			unmatched
FBgn0269513	Dsim\GD28223	GD28223			unmatched
FBgn0269514	Dsim\GD28224	GD28224			unmatched
FBgn0269515	Dsim\GD28225	GD28225			unmatched
FBgn0269516	Dsim\GD28226	GD28226			unmatched
FBgn0269517	Dsim\GD28227	GD28227			unmatched
FBgn0269518	Dsim\GD28228	GD28228			unmatched
FBgn0269519	Dsim\GD28229	GD28229			unmatched
FBgn0269520	Dsim\GD28230	GD28230			unmatched
FBgn0269521	Dsim\GD28231	GD28231			unmatched
FBgn0269522	Dsim\GD28232	GD28232			unmatched
FBgn0269523	Dsim\GD28233	GD28233			unmatched
FBgn0269524	Dsim\GD28234	GD28234			unmatched
FBgn0269525	Dsim\GD28235	GD28235			unmatched
FBgn0269526	Dsim\GD28236	GD28236			unmatched
FBgn0269527	Dsim\GD28237	GD28237			unmatched
FBgn0269528	Dsim\GD28238	GD28238			unmatched
FBgn0269529	Dsim\GD28239	GD28239			unmatched
FBgn0269530	Dsim\GD28240	GD28240			unmatched
FBgn0269531	Dsim\GD28241	GD28241			unmatched
FBgn0269532	Dsim\GD28242	GD28242			unmatched
FBgn0269533	Dsim\GD28243	GD28243			unmatched
FBgn0269534	Dsim\GD28244	GD28244			unmatched
FBgn0269535	Dsim\GD28245	GD28245			unmatched
FBgn0269536	Dsim\GD28246	GD28246			unmatched
FBgn0269537	Dsim\GD28247	GD28247			unmatched
FBgn0269538	Dsim\GD28248	GD28248			unmatched
FBgn0269539	Dsim\GD28249	GD28249			unmatched
FBgn0269540	Dsim\GD28250	GD28250			unmatched
FBgn0269541	Dsim\GD28251	GD28251			unmatched
FBgn0269542	Dsim\GD28252	GD28252			unmatched
FBgn0269543	Dsim\GD28253	GD28253			unmatched
FBgn0269544	Dsim\GD28254	GD28254			unmatched
FBgn0269545	Dsim\GD28255	GD28255			unmatched
FBgn0269546	Dsim\GD28256	GD28256			unmatched
FBgn0269547	Dsim\GD28257	GD28257			unmatched
FBgn0269548	Dsim\GD28258	GD28258			unmatched
FBgn0269549	Dsim\GD28259	GD28259			unmatched
FBgn0269550	Dsim\GD28260	GD28260			unmatched
FBgn0269551	Dsim\GD28261	GD28261			unmatched
FBgn0269552	Dsim\GD28262	GD28262			unmatched
FBgn0269553	Dsim\GD28263	GD28263			unmatched
FBgn0269554	Dsim\GD28264	GD28264			unmatched
FBgn0269555	Dsim\GD28265	GD28265			unmatched
FBgn0269556	Dsim\GD28266	GD28266			unmatched
FBgn0269557	Dsim\GD28267	GD28267			unmatched
FBgn0269558	Dsim\GD28268	GD28268			unmatched
FBgn0269559	Dsim\GD28269	GD28269			unmatched
FBgn0269560	Dsim\GD28270	GD28270			unmatched
FBgn0269561	Dsim\GD28271	GD28271			unmatched
FBgn0269562	Dsim\GD28272	GD28272			unmatched
FBgn0269563	Dsim\GD28273	GD28273			unmatched
FBgn0269564	Dsim\GD28274	GD28274			unmatched
FBgn0269565	Dsim\GD28275	GD28275			unmatched
FBgn0269566	Dsim\GD28276	GD28276			unmatched
FBgn0269567	Dsim\GD28277	GD28277			unmatched
FBgn0269568	Dsim\GD28278	GD28278			unmatched
FBgn0269569	Dsim\GD28279	GD28279			unmatched
FBgn0269570	Dsim\GD28280	GD28280			unmatched
FBgn0269571	Dsim\GD28281	GD28281			unmatched
FBgn0269572	Dsim\GD28282	GD28282			unmatched
FBgn0269573	Dsim\GD28283	GD28283			unmatched
FBgn0269574	Dsim\GD28284	GD28284			unmatched
FBgn0269575	Dsim\GD28285	GD28285			unmatched
FBgn0269576	Dsim\GD28286	GD28286			unmatched
FBgn0269577	Dsim\GD28287	GD28287			unmatched
FBgn0269578	Dsim\GD28288	GD28288			unmatched
FBgn0269579	Dsim\GD28289	GD28289			unmatched
FBgn0269580	Dsim\GD28290	GD28290			unmatched
FBgn0269581	Dsim\GD28291	GD28291			unmatched
FBgn0269582	Dsim\GD28292	GD28292			unmatched
FBgn0269583	Dsim\GD28293	GD28293			unmatched
FBgn0269584	Dsim\GD28294	GD28294			unmatched
FBgn0269585	Dsim\GD28295	GD28295			unmatched
FBgn0269586	Dsim\GD28296	GD28296			unmatched
FBgn0269587	Dsim\GD28297	GD28297			unmatched
FBgn0269588	Dsim\GD28298	GD28298			unmatched
FBgn0269589	Dsim\GD28299	GD28299			unmatched
FBgn0269590	Dsim\GD28300	GD28300			unmatched
FBgn0269591	Dsim\GD28301	GD28301			unmatched
FBgn0269592	Dsim\GD28302	GD28302			unmatched
FBgn0269593	Dsim\GD28303	GD28303			unmatched
FBgn0269594	Dsim\GD28304	GD28304			unmatched
FBgn0269595	Dsim\GD28305	GD28305			unmatched
FBgn0269596	Dsim\GD28306	GD28306			unmatched
FBgn0269597	Dsim\GD28307	GD28307			unmatched
FBgn0269598	Dsim\GD28308	GD28308			unmatched
FBgn0269599	Dsim\GD28309	GD28309			unmatched
FBgn0269600	Dsim\GD28310	GD28310			unmatched
FBgn0269601	Dsim\GD28311	GD28311			unmatched
FBgn0269602	Dsim\GD28312	GD28312			unmatched
FBgn0269603	Dsim\GD28313	GD28313			unmatched
FBgn0269604	Dsim\GD28314	GD28314			unmatched
FBgn0269605	Dsim\GD28315	GD28315			unmatched
FBgn0269606	Dsim\GD28316	GD28316			unmatched
FBgn0269607	Dsim\GD28317	GD28317			unmatched
FBgn0269608	Dsim\GD28318	GD28318			unmatched
FBgn0269609	Dsim\GD28319	GD28319			unmatched
FBgn0269610	Dsim\GD28320	GD28320			unmatched
FBgn0269611	Dsim\GD28321	GD28321			unmatched
FBgn0269612	Dsim\GD28322	GD28322			unmatched
FBgn0269613	Dsim\GD28323	GD28323			unmatched
FBgn0269614	Dsim\GD28324	GD28324			unmatched
FBgn0269615	Dsim\GD28325	GD28325			unmatched
FBgn0269616	Dsim\GD28326	GD28326			unmatched
FBgn0269617	Dsim\GD28327	GD28327			unmatched
FBgn0269618	Dsim\GD28328	GD28328			unmatched
FBgn0269619	Dsim\GD28329	GD28329			unmatched
FBgn0269620	Dsim\GD28330	GD28330			unmatched
FBgn0269621	Dsim\GD28331	GD28331			unmatched
FBgn0269622	Dsim\GD28332	GD28332			unmatched
FBgn0269623	Dsim\GD28333	GD28333			unmatched
FBgn0269624	Dsim\GD28334	GD28334			unmatched
FBgn0269625	Dsim\GD28335	GD28335			unmatched
FBgn0269626	Dsim\GD28336	GD28336			unmatched
FBgn0269627	Dsim\GD28337	GD28337			unmatched
FBgn0269628	Dsim\GD28338	GD28338			unmatched
FBgn0269629	Dsim\GD28339	GD28339			unmatched
FBgn0269630	Dsim\GD28340	GD28340			unmatched
FBgn0269631	Dsim\GD28341	GD28341			unmatched
FBgn0269632	Dsim\GD28342	GD28342			unmatched
FBgn0269633	Dsim\GD28343	GD28343			unmatched
FBgn0269634	Dsim\GD28344	GD28344			unmatched
FBgn0269635	Dsim\GD28345	GD28345			unmatched
FBgn0269636	Dsim\GD28346	GD28346			unmatched
FBgn0269637	Dsim\GD28347	GD28347			unmatched
FBgn0269638	Dsim\GD28348	GD28348			unmatched
FBgn0269639	Dsim\GD28349	GD28349			unmatched
FBgn0269640	Dsim\GD28350	GD28350			unmatched
FBgn0269641	Dsim\GD28351	GD28351			unmatched
FBgn0269642	Dsim\GD28352	GD28352			unmatched
FBgn0269643	Dsim\GD28353	GD28353			unmatched
FBgn0269644	Dsim\GD28354	GD28354			unmatched
FBgn0269645	Dsim\GD28355	GD28355			unmatched
FBgn0269646	Dsim\GD28356	GD28356			unmatched
FBgn0269647	Dsim\GD28357	GD28357			unmatched
FBgn0269648	Dsim\GD28358	GD28358			unmatched
FBgn0269649	Dsim\GD28359	GD28359			unmatched
FBgn0269650	Dsim\GD28360	GD28360			unmatched
FBgn0269651	Dsim\GD28361	GD28361			unmatched
FBgn0269652	Dsim\GD28362	GD28362			unmatched
FBgn0269653	Dsim\GD28363	GD28363			unmatched
FBgn0269654	Dsim\GD28364	GD28364			unmatched
FBgn0269655	Dsim\GD28365	GD28365			unmatched
FBgn0269656	Dsim\GD28366	GD28366			unmatched
FBgn0269657	Dsim\GD28367	GD28367			unmatched
FBgn0269658	Dsim\GD28368	GD28368			unmatched
FBgn0269659	Dsim\GD28369	GD28369			unmatched
FBgn0269660	Dsim\GD28370	GD28370			unmatched
FBgn0269661	Dsim\GD28371	GD28371			unmatched
FBgn0269662	Dsim\GD28372	GD28372			unmatched
FBgn0269663	Dsim\GD28373	GD28373			unmatched
FBgn0269664	Dsim\GD28374	GD28374			unmatched
FBgn0269665	Dsim\GD28375	GD28375			unmatched
FBgn0269666	Dsim\GD28376	GD28376			unmatched
FBgn0269667	Dsim\GD28377	GD28377			unmatched
FBgn0269668	Dsim\GD28378	GD28378			unmatched
FBgn0269669	Dsim\GD28379	GD28379			unmatched
FBgn0269670	Dsim\GD28380	GD28380			unmatched
FBgn0269671	Dsim\GD28381	GD28381			unmatched
FBgn0269672	Dsim\GD28382	GD28382			unmatched
FBgn0269673	Dsim\GD28383	GD28383			unmatched
FBgn0269674	Dsim\GD28384	GD28384			unmatched
FBgn0269675	Dsim\GD28385	GD28385			unmatched
FBgn0269676	Dsim\GD28386	GD28386			unmatched
FBgn0269677	Dsim\GD28387	GD28387			unmatched
FBgn0269678	Dsim\GD28388	GD28388			unmatched
FBgn0269679	Dsim\GD28389	GD28389			unmatched
FBgn0269680	Dsim\GD28390	GD28390			unmatched
FBgn0269681	Dsim\GD28391	GD28391			unmatched
FBgn0269682	Dsim\GD28392	GD28392			unmatched
FBgn0269683	Dsim\GD28393	GD28393			unmatched
FBgn0269684	Dsim\GD28394	GD28394			unmatched
FBgn0269685	Dsim\GD28395	GD28395			unmatched
FBgn0269686	Dsim\GD28396	GD28396			unmatched
FBgn0269687	Dsim\GD28397	GD28397			unmatched
FBgn0269688	Dsim\GD28398	GD28398			unmatched
FBgn0269689	Dsim\GD28399	GD28399			unmatched
FBgn0269690	Dsim\GD28400	GD28400			unmatched
FBgn0269691	Dsim\GD28401	GD28401			unmatched
FBgn0269692	Dsim\GD28402	GD28402			unmatched
FBgn0269693	Dsim\GD28403	GD28403			unmatched
FBgn0269694	Dsim\GD28404	GD28404			unmatched
FBgn0269695	Dsim\GD28405	GD28405			unmatched
FBgn0269696	Dsim\GD28406	GD28406			unmatched
FBgn0269697	Dsim\GD28407	GD28407			unmatched
FBgn0269698	Dsim\GD28408	GD28408			unmatched
FBgn0269699	Dsim\GD28409	GD28409			unmatched
FBgn0269700	Dsim\GD28410	GD28410			unmatched
FBgn0269701	Dsim\GD28411	GD28411			unmatched
FBgn0269702	Dsim\GD28412	GD28412			unmatched
FBgn0269703	Dsim\GD28413	GD28413			unmatched
FBgn0269704	Dsim\GD28414	GD28414			unmatched
FBgn0269705	Dsim\GD28415	GD28415			unmatched
FBgn0269706	Dsim\GD28416	GD28416			unmatched
FBgn0269707	Dsim\GD28417	GD28417			unmatched
FBgn0269708	Dsim\GD28418	GD28418			unmatched
FBgn0269709	Dsim\GD28419	GD28419			unmatched
FBgn0269710	Dsim\GD28420	GD28420			unmatched
FBgn0269711	Dsim\GD28421	GD28421			unmatched
FBgn0269712	Dsim\GD28422	GD28422			unmatched
FBgn0269713	Dsim\GD28423	GD28423			unmatched
FBgn0269714	Dsim\GD28424	GD28424			unmatched
FBgn0269715	Dsim\GD28425	GD28425			unmatched
FBgn0269716	Dsim\GD28426	GD28426			unmatched
FBgn0269717	Dsim\GD28427	GD28427			unmatched
FBgn0269718	Dsim\GD28428	GD28428			unmatched
FBgn0269719	Dsim\GD28429	GD28429			unmatched
FBgn0269720	Dsim\GD28430	GD28430			unmatched
FBgn0269721	Dsim\GD28431	GD28431			unmatched
FBgn0269722	Dsim\GD28432	GD28432			unmatched
FBgn0269723	Dsim\GD28433	GD28433			unmatched
FBgn0269724	Dsim\GD28434	GD28434			unmatched
FBgn0269725	Dsim\GD28435	GD28435			unmatched
FBgn0269726	Dsim\GD28436	GD28436			unmatched
FBgn0269727	Dsim\GD28437	GD28437			unmatched
FBgn0269728	Dsim\GD28438	GD28438			unmatched
FBgn0269729	Dsim\GD28439	GD28439			unmatched
FBgn0269730	Dsim\GD28440	GD28440			unmatched
FBgn0269731	Dsim\GD28441	GD28441			unmatched
FBgn0269732	Dsim\GD28442	GD28442			unmatched
FBgn0269733	Dsim\GD28443	GD28443			unmatched
FBgn0269734	Dsim\GD28444	GD28444			unmatched
FBgn0269735	Dsim\GD28445	GD28445			unmatched
FBgn0269736	Dsim\GD28446	GD28446			unmatched
FBgn0269737	Dsim\GD28447	GD28447			unmatched
FBgn0269738	Dsim\GD28448	GD28448			unmatched
FBgn0269739	Dsim\GD28449	GD28449			unmatched
FBgn0269740	Dsim\GD28450	GD28450			unmatched
FBgn0269741	Dsim\GD28451	GD28451			unmatched
FBgn0269742	Dsim\GD28452	GD28452			unmatched
FBgn0269743	Dsim\GD28453	GD28453			unmatched
FBgn0269744	Dsim\GD28454	GD28454			unmatched
FBgn0269745	Dsim\GD28455	GD28455			unmatched
FBgn0269746	Dsim\GD28456	GD28456			unmatched
FBgn0269747	Dsim\GD28457	GD28457			unmatched
FBgn0269748	Dsim\GD28458	GD28458			unmatched
FBgn0269749	Dsim\GD28459	GD28459			unmatched
FBgn0269750	Dsim\GD28460	GD28460			unmatched
FBgn0269751	Dsim\GD28461	GD28461			unmatched
FBgn0269752	Dsim\GD28462	GD28462			unmatched
FBgn0269753	Dsim\GD28463	GD28463			unmatched
FBgn0269754	Dsim\GD28464	GD28464			unmatched
FBgn0269755	Dsim\GD28465	GD28465			unmatched
FBgn0269756	Dsim\GD28466	GD28466			unmatched
FBgn0269757	Dsim\GD28467	GD28467			unmatched
FBgn0269758	Dsim\GD28468	GD28468			unmatched
FBgn0269759	Dsim\GD28469	GD28469			unmatched
FBgn0269760	Dsim\GD28470	GD28470			unmatched
FBgn0269761	Dsim\GD28471	GD28471			unmatched
FBgn0269762	Dsim\GD28472	GD28472			unmatched
FBgn0269763	Dsim\GD28473	GD28473			unmatched
FBgn0269764	Dsim\GD28474	GD28474			unmatched
FBgn0269765	Dsim\GD28475	GD28475			unmatched
FBgn0269766	Dsim\GD28476	GD28476			unmatched
FBgn0269767	Dsim\GD28477	GD28477			unmatched
FBgn0269768	Dsim\GD28478	GD28478			unmatched
FBgn0269769	Dsim\GD28479	GD28479			unmatched
FBgn0269770	Dsim\GD28480	GD28480			unmatched
FBgn0269771	Dsim\GD28481	GD28481			unmatched
FBgn0269772	Dsim\GD28482	GD28482			unmatched
FBgn0269773	Dsim\GD28483	GD28483			unmatched
FBgn0269774	Dsim\GD28484	GD28484			unmatched
FBgn0269775	Dsim\GD28485	GD28485			unmatched
FBgn0269776	Dsim\GD28486	GD28486			unmatched
FBgn0269777	Dsim\GD28487	GD28487			unmatched
FBgn0269778	Dsim\GD28488	GD28488			unmatched
FBgn0269779	Dsim\GD28489	GD28489			unmatched
FBgn0269780	Dsim\GD28490	GD28490			unmatched
FBgn0269781	Dsim\GD28491	GD28491			unmatched
FBgn0269782	Dsim\GD28492	GD28492			unmatched
FBgn0269783	Dsim\GD28493	GD28493			unmatched
FBgn0269784	Dsim\GD28494	GD28494			unmatched
FBgn0269785	Dsim\GD28495	GD28495			unmatched
FBgn0269786	Dsim\GD28496	GD28496			unmatched
FBgn0269787	Dsim\GD28497	GD28497			unmatched
FBgn0269788	Dsim\GD28498	GD28498			unmatched
FBgn0269789	Dsim\GD28499	GD28499			unmatched
FBgn0269790	Dsim\GD28500	GD28500			unmatched
FBgn0269791	Dsim\GD28501	GD28501			unmatched
FBgn0269792	Dsim\GD28502	GD28502			unmatched
FBgn0269793	Dsim\GD28503	GD28503			unmatched
FBgn0269794	Dsim\GD28504	GD28504			unmatched
FBgn0269795	Dsim\GD28505	GD28505			unmatched
FBgn0269796	Dsim\GD28506	GD28506			unmatched
FBgn0269797	Dsim\GD28507	GD28507			unmatched
FBgn0269798	Dsim\GD28508	GD28508			unmatched
FBgn0269799	Dsim\GD28509	GD28509			unmatched
FBgn0269800	Dsim\GD28510	GD28510			unmatched
FBgn0269801	Dsim\GD28511	GD28511			unmatched
FBgn0269802	Dsim\GD28512	GD28512			unmatched
FBgn0269803	Dsim\GD28513	GD28513			unmatched
FBgn0269804	Dsim\GD28514	GD28514			unmatched
FBgn0269805	Dsim\GD28515	GD28515			unmatched
FBgn0269806	Dsim\GD28516	GD28516			unmatched
FBgn0269807	Dsim\GD28517	GD28517			unmatched
FBgn0269808	Dsim\GD28518	GD28518			unmatched
FBgn0269809	Dsim\GD28519	GD28519			unmatched
FBgn0269810	Dsim\GD28520	GD28520			unmatched
FBgn0269811	Dsim\GD28521	GD28521			unmatched
FBgn0269812	Dsim\GD28522	GD28522			unmatched
FBgn0269813	Dsim\GD28523	GD28523			unmatched
FBgn0269814	Dsim\GD28524	GD28524			unmatched
FBgn0269815	Dsim\GD28525	GD28525			unmatched
FBgn0269816	Dsim\GD28526	GD28526			unmatched
FBgn0269817	Dsim\GD28527	GD28527			unmatched
FBgn0269818	Dsim\GD28528	GD28528			unmatched
FBgn0269819	Dsim\GD28529	GD28529			unmatched
FBgn0269820	Dsim\GD28530	GD28530			unmatched
FBgn0269821	Dsim\GD28531	GD28531			unmatched
FBgn0269822	Dsim\GD28532	GD28532			unmatched
FBgn0269823	Dsim\GD28533	GD28533			unmatched
FBgn0269824	Dsim\GD28534	GD28534			unmatched
FBgn0269825	Dsim\GD28535	GD28535			unmatched
FBgn0269826	Dsim\GD28536	GD28536			unmatched
FBgn0269827	Dsim\GD28537	GD28537			unmatched
FBgn0269828	Dsim\GD28538	GD28538			unmatched
FBgn0269829	Dsim\GD28539	GD28539			unmatched
FBgn0269830	Dsim\GD28540	GD28540			unmatched
FBgn0269831	Dsim\GD28541	GD28541			unmatched
FBgn0269832	Dsim\GD28542	GD28542			unmatched
FBgn0269833	Dsim\GD28543	GD28543			unmatched
FBgn0269834	Dsim\GD28544	GD28544			unmatched
FBgn0269835	Dsim\GD28545	GD28545			unmatched
FBgn0269836	Dsim\GD28546	GD28546			unmatched
FBgn0269837	Dsim\GD28547	GD28547			unmatched
FBgn0269838	Dsim\GD28548	GD28548			unmatched
FBgn0269839	Dsim\GD28549	GD28549			unmatched
FBgn0269840	Dsim\GD28550	GD28550			unmatched
FBgn0269841	Dsim\GD28551	GD28551			unmatched
FBgn0269842	Dsim\GD28552	GD28552			unmatched
FBgn0269843	Dsim\GD28553	GD28553			unmatched
FBgn0269844	Dsim\GD28554	GD28554			unmatched
FBgn0269845	Dsim\GD28555	GD28555			unmatched
FBgn0269846	Dsim\GD28556	GD28556			unmatched
FBgn0269847	Dsim\GD28557	GD28557			unmatched
FBgn0269848	Dsim\GD28558	GD28558			unmatched
FBgn0269849	Dsim\GD28559	GD28559			unmatched
FBgn0269850	Dsim\GD28560	GD28560			unmatched
FBgn0269851	Dsim\GD28561	GD28561			unmatched
FBgn0269852	Dsim\GD28562	GD28562			unmatched
FBgn0269853	Dsim\GD28563	GD28563			unmatched
FBgn0269854	Dsim\GD28564	GD28564			unmatched
FBgn0269855	Dsim\GD28565	GD28565			unmatched
FBgn0269856	Dsim\GD28566	GD28566			unmatched
FBgn0269857	Dsim\GD28567	GD28567			unmatched
FBgn0269858	Dsim\GD28568	GD28568			unmatched
FBgn0269859	Dsim\GD28569	GD28569			unmatched
FBgn0269860	Dsim\GD28570	GD28570			unmatched
FBgn0269861	Dsim\GD28571	GD28571			unmatched
FBgn0269862	Dsim\GD28572	GD28572			unmatched
FBgn0269863	Dsim\GD28573	GD28573			unmatched
FBgn0269864	Dsim\GD28574	GD28574			unmatched
FBgn0269865	Dsim\GD28575	GD28575			unmatched
FBgn0269866	Dsim\GD28576	GD28576			unmatched
FBgn0269867	Dsim\GD28577	GD28577			unmatched
FBgn0269868	Dsim\GD28578	GD28578			unmatched
FBgn0269869	Dsim\GD28579	GD28579			unmatched
FBgn0269870	Dsim\GD28580	GD28580			unmatched
FBgn0269871	Dsim\GD28581	GD28581			unmatched
FBgn0269872	Dsim\GD28582	GD28582			unmatched
FBgn0269873	Dsim\GD28583	GD28583			unmatched
FBgn0269874	Dsim\GD28584	GD28584			unmatched
FBgn0269875	Dsim\GD28585	GD28585			unmatched
FBgn0269876	Dsim\GD28586	GD28586			unmatched
FBgn0269877	Dsim\GD28587	GD28587			unmatched
FBgn0269878	Dsim\GD28588	GD28588			unmatched
FBgn0269879	Dsim\GD28589	GD28589			unmatched
FBgn0269880	Dsim\GD28590	GD28590			unmatched
FBgn0269881	Dsim\GD28591	GD28591			unmatched
FBgn0269882	Dsim\GD28592	GD28592			unmatched
FBgn0269883	Dsim\GD28593	GD28593			unmatched
FBgn0269884	Dsim\GD28594	GD28594			unmatched
FBgn0269885	Dsim\wg	wg	FBgn0284084	wg	matched
FBgn0269886	Dsim\GD28596	GD28596			unmatched
FBgn0269887	Dsim\GD28597	GD28597			unmatched
FBgn0269888	Dsim\GD28598	GD28598			unmatched
FBgn0269889	Dsim\GD28599	GD28599			unmatched
FBgn0269890	Dsim\GD28600	GD28600			unmatched
FBgn0269891	Dsim\GD28601	GD28601			unmatched
FBgn0269892	Dsim\GD28602	GD28602			unmatched
FBgn0269893	Dsim\GD28603	GD28603			unmatched
FBgn0269894	Dsim\GD28604	GD28604			unmatched
FBgn0269895	Dsim\GD28605	GD28605			unmatched
FBgn0269896	Dsim\GD28606	GD28606			unmatched
FBgn0269897	Dsim\GD28607	GD28607			unmatched
FBgn0269898	Dsim\GD28608	GD28608			unmatched
FBgn0269899	Dsim\GD28609	GD28609			unmatched
FBgn0269900	Dsim\GD28610	GD28610			unmatched
FBgn0269901	Dsim\GD28611	GD28611			unmatched
FBgn0269902	Dsim\GD28612	GD28612			unmatched
FBgn0269903	Dsim\GD28613	GD28613			unmatched
FBgn0269904	Dsim\GD28614	GD28614			unmatched
FBgn0269905	Dsim\GD28615	GD28615			unmatched
FBgn0269906	Dsim\GD28616	GD28616			unmatched
FBgn0269907	Dsim\GD28617	GD28617			unmatched
FBgn0269908	Dsim\GD28618	GD28618			unmatched
FBgn0269909	Dsim\GD28619	GD28619			unmatched
FBgn0269910	Dsim\GD28620	GD28620			unmatched
FBgn0269911	Dsim\GD28621	GD28621			unmatched
FBgn0269912	Dsim\GD28622	GD28622			unmatched
FBgn0269913	Dsim\GD28623	GD28623			unmatched
FBgn0269914	Dsim\GD28624	GD28624			unmatched
FBgn0269915	Dsim\GD28625	GD28625			unmatched
FBgn0269916	Dsim\GD28626	GD28626			unmatched
FBgn0269917	Dsim\GD28627	GD28627			unmatched
FBgn0269918	Dsim\GD28628	GD28628			unmatched
FBgn0269919	Dsim\GD28629	GD28629			unmatched
FBgn0269920	Dsim\GD28630	GD28630			unmatched
FBgn0269921	Dsim\GD28631	GD28631			unmatched
FBgn0269922	Dsim\GD28632	GD28632			unmatched
FBgn0269923	Dsim\GD28633	GD28633			unmatched
FBgn0269924	Dsim\GD28634	GD28634			unmatched
FBgn0269925	Dsim\GD28635	GD28635			unmatched
FBgn0269926	Dsim\GD28636	GD28636			unmatched
FBgn0269927	Dsim\GD28637	GD28637			unmatched
FBgn0269928	Dsim\GD28638	GD28638			unmatched
FBgn0269929	Dsim\GD28639	GD28639			unmatched
FBgn0269930	Dsim\GD28640	GD28640			unmatched
FBgn0269931	Dsim\GD28641	GD28641			unmatched
FBgn0269932	Dsim\GD28642	GD28642			unmatched
FBgn0269933	Dsim\GD28643	GD28643			unmatched
FBgn0269934	Dsim\GD28644	GD28644			unmatched
FBgn0269935	Dsim\GD28645	GD28645			unmatched
FBgn0269936	Dsim\GD28646	GD28646			unmatched
FBgn0269937	Dsim\GD28647	GD28647			unmatched
FBgn0269938	Dsim\GD28648	GD28648			unmatched
FBgn0269939	Dsim\GD28649	GD28649			unmatched
FBgn0269940	Dsim\GD28650	GD28650			unmatched
FBgn0269941	Dsim\GD28651	GD28651			unmatched
FBgn0269942	Dsim\GD28652	GD28652			unmatched
FBgn0269943	Dsim\GD28653	GD28653			unmatched
FBgn0269944	Dsim\GD28654	GD28654			unmatched
FBgn0269945	Dsim\GD28655	GD28655			unmatched
FBgn0269946	Dsim\GD28656	GD28656			unmatched
FBgn0269947	Dsim\GD28657	GD28657			unmatched
FBgn0269948	Dsim\GD28658	GD28658			unmatched
FBgn0269949	Dsim\GD28659	GD28659			unmatched
FBgn0269950	Dsim\GD28660	GD28660			unmatched
FBgn0269951	Dsim\GD28661	GD28661			unmatched
FBgn0269952	Dsim\GD28662	GD28662			unmatched
FBgn0269953	Dsim\GD28663	GD28663			unmatched
FBgn0269954	Dsim\GD28664	GD28664			unmatched
FBgn0269955	Dsim\GD28665	GD28665			unmatched
FBgn0269956	Dsim\GD28666	GD28666			unmatched
FBgn0269957	Dsim\GD28667	GD28667			unmatched
FBgn0269958	Dsim\GD28668	GD28668			unmatched
FBgn0269959	Dsim\GD28669	GD28669			unmatched
FBgn0269960	Dsim\GD28670	GD28670			unmatched
FBgn0269961	Dsim\GD28671	GD28671			unmatched
FBgn0269962	Dsim\GD28672	GD28672			unmatched
FBgn0269963	Dsim\GD28673	GD28673			unmatched
FBgn0269964	Dsim\GD28674	GD28674			unmatched
FBgn0269965	Dsim\GD28675	GD28675			unmatched
FBgn0269966	Dsim\GD28676	GD28676			unmatched
FBgn0269967	Dsim\GD28677	GD28677			unmatched
FBgn0269968	Dsim\GD28678	GD28678			unmatched
FBgn0269969	Dsim\GD28679	GD28679			unmatched
FBgn0269970	Dsim\GD28680	GD28680			unmatched
FBgn0269971	Dsim\GD28681	GD28681			unmatched
FBgn0269972	Dsim\GD28682	GD28682			unmatched
FBgn0269973	Dsim\GD28683	GD28683			unmatched
FBgn0269974	Dsim\GD28684	GD28684			unmatched
FBgn0269975	Dsim\GD28685	GD28685			unmatched
FBgn0269976	Dsim\GD28686	GD28686			unmatched
FBgn0269977	Dsim\GD28687	GD28687			unmatched
FBgn0269978	Dsim\GD28688	GD28688			unmatched
FBgn0269979	Dsim\GD28689	GD28689			unmatched
FBgn0269980	Dsim\GD28690	GD28690			unmatched
FBgn0269981	Dsim\GD28691	GD28691			unmatched
FBgn0269982	Dsim\GD28692	GD28692			unmatched
FBgn0269983	Dsim\GD28693	GD28693			unmatched
FBgn0269984	Dsim\GD28694	GD28694			unmatched
FBgn0269985	Dsim\GD28695	GD28695			unmatched
FBgn0269986	Dsim\GD28696	GD28696			unmatched
FBgn0269987	Dsim\GD28697	GD28697			unmatched
FBgn0269988	Dsim\GD28698	GD28698			unmatched
FBgn0269989	Dsim\GD28699	GD28699			unmatched
FBgn0269990	Dsim\GD28700	GD28700			unmatched
FBgn0269991	Dsim\GD28701	GD28701			unmatched
FBgn0269992	Dsim\GD28702	GD28702			unmatched
FBgn0269993	Dsim\GD28703	GD28703			unmatched
FBgn0269994	Dsim\GD28704	GD28704			unmatched
FBgn0269995	Dsim\GD28705	GD28705			unmatched
FBgn0269996	Dsim\GD28706	GD28706			unmatched
FBgn0269997	Dsim\GD28707	GD28707			unmatched
FBgn0269998	Dsim\GD28708	GD28708			unmatched
FBgn0269999	Dsim\GD28709	GD28709			unmatched
FBgn0270000	Dsim\GD28710	GD28710			unmatched
FBgn0270001	Dsim\GD28711	GD28711			unmatched
FBgn0270002	Dsim\GD28712	GD28712			unmatched
FBgn0270003	Dsim\GD28713	GD28713			unmatched
FBgn0270004	Dsim\GD28714	GD28714			unmatched
FBgn0270005	Dsim\GD28715	GD28715			unmatched
FBgn0270006	Dsim\GD28716	GD28716			unmatched
FBgn0270007	Dsim\GD28717	GD28717			unmatched
FBgn0270008	Dsim\GD28718	GD28718			unmatched
FBgn0270009	Dsim\GD28719	GD28719			unmatched
FBgn0270010	Dsim\GD28720	GD28720			unmatched
FBgn0270011	Dsim\GD28721	GD28721			unmatched
FBgn0270012	Dsim\GD28722	GD28722			unmatched
FBgn0270013	Dsim\GD28723	GD28723			unmatched
FBgn0270014	Dsim\GD28724	GD28724			unmatched
FBgn0270015	Dsim\GD28725	GD28725			unmatched
FBgn0270016	Dsim\GD28726	GD28726			unmatched
FBgn0270017	Dsim\GD28727	GD28727			unmatched
FBgn0270018	Dsim\GD28728	GD28728			unmatched
FBgn0270019	Dsim\GD28729	GD28729			unmatched
FBgn0270020	Dsim\GD28730	GD28730			unmatched
FBgn0270021	Dsim\GD28731	GD28731			unmatched
FBgn0270022	Dsim\GD28732	GD28732			unmatched
FBgn0270023	Dsim\GD28733	GD28733			unmatched
FBgn0270024	Dsim\GD28734	GD28734			unmatched
FBgn0270025	Dsim\GD28735	GD28735			unmatched
FBgn0270026	Dsim\GD28736	GD28736			unmatched
FBgn0270027	Dsim\GD28737	GD28737			unmatched
FBgn0270028	Dsim\GD28738	GD28738			unmatched
FBgn0270029	Dsim\GD28739	GD28739			unmatched
FBgn0270030	Dsim\GD28740	GD28740			unmatched
FBgn0270031	Dsim\GD28741	GD28741			unmatched
FBgn0270032	Dsim\GD28742	GD28742			unmatched
FBgn0270033	Dsim\GD28743	GD28743			unmatched
FBgn0270034	Dsim\GD28744	GD28744			unmatched
FBgn0270035	Dsim\GD28745	GD28745			unmatched
FBgn0270036	Dsim\GD28746	GD28746			unmatched
FBgn0270037	Dsim\GD28747	GD28747			unmatched
FBgn0270038	Dsim\GD28748	GD28748			unmatched
FBgn0270039	Dsim\GD28749	GD28749			unmatched
FBgn0270040	Dsim\GD28750	GD28750			unmatched
FBgn0270041	Dsim\GD28751	GD28751			unmatched
FBgn0270042	Dsim\GD28752	GD28752			unmatched
FBgn0270043	Dsim\GD28753	GD28753			unmatched
FBgn0270044	Dsim\GD28754	GD28754			unmatched
FBgn0270045	Dsim\GD28755	GD28755			unmatched
FBgn0270046	Dsim\GD28756	GD28756			unmatched
FBgn0270047	Dsim\GD28757	GD28757			unmatched
FBgn0270048	Dsim\GD28758	GD28758			unmatched
FBgn0270049	Dsim\GD28759	GD28759			unmatched
FBgn0270050	Dsim\GD28760	GD28760			unmatched
FBgn0270051	Dsim\GD28761	GD28761			unmatched
FBgn0270052	Dsim\GD28762	GD28762			unmatched
FBgn0270053	Dsim\GD28763	GD28763			unmatched
FBgn0270054	Dsim\GD28764	GD28764			unmatched
FBgn0270055	Dsim\GD28765	GD28765			unmatched
FBgn0270056	Dsim\GD28766	GD28766			unmatched
FBgn0270057	Dsim\GD28767	GD28767			unmatched
FBgn0270058	Dsim\GD28768	GD28768			unmatched
FBgn0270059	Dsim\GD28769	GD28769			unmatched
FBgn0270060	Dsim\GD28770	GD28770			unmatched
FBgn0270061	Dsim\GD28771	GD28771			unmatched
FBgn0270062	Dsim\GD28772	GD28772			unmatched
FBgn0270063	Dsim\GD28773	GD28773			unmatched
FBgn0270064	Dsim\GD28774	GD28774			unmatched
FBgn0270065	Dsim\GD28775	GD28775			unmatched
FBgn0270066	Dsim\GD28776	GD28776			unmatched
FBgn0270067	Dsim\GD28777	GD28777			unmatched
FBgn0270068	Dsim\GD28778	GD28778			unmatched
FBgn0270069	Dsim\GD28779	GD28779			unmatched
FBgn0270070	Dsim\GD28780	GD28780			unmatched
FBgn0270071	Dsim\GD28781	GD28781			unmatched
FBgn0270072	Dsim\GD28782	GD28782			unmatched
FBgn0270073	Dsim\GD28783	GD28783			unmatched
FBgn0270074	Dsim\GD28784	GD28784			unmatched
FBgn0270075	Dsim\GD28785	GD28785			unmatched
FBgn0270076	Dsim\GD28786	GD28786			unmatched
FBgn0270077	Dsim\GD28787	GD28787			unmatched
FBgn0270078	Dsim\GD28788	GD28788			unmatched
FBgn0270079	Dsim\GD28789	GD28789			unmatched
FBgn0270080	Dsim\GD28790	GD28790			unmatched
FBgn0270081	Dsim\GD28791	GD28791			unmatched
FBgn0270082	Dsim\GD28792	GD28792			unmatched
FBgn0270083	Dsim\GD28793	GD28793			unmatched
FBgn0270084	Dsim\GD28794	GD28794			unmatched
FBgn0270085	Dsim\GD28795	GD28795			unmatched
FBgn0270086	Dsim\GD28796	GD28796			unmatched
FBgn0270087	Dsim\GD28797	GD28797			unmatched
FBgn0270088	Dsim\GD28798	GD28798			unmatched
FBgn0270089	Dsim\GD28799	GD28799			unmatched
FBgn0270090	Dsim\GD28800	GD28800			unmatched
FBgn0270091	Dsim\GD28801	GD28801			unmatched
FBgn0270092	Dsim\GD28802	GD28802			unmatched
FBgn0270093	Dsim\GD28803	GD28803			unmatched
FBgn0270094	Dsim\GD28804	GD28804			unmatched
FBgn0270095	Dsim\GD28805	GD28805			unmatched
FBgn0270096	Dsim\GD28806	GD28806			unmatched
FBgn0270097	Dsim\GD28807	GD28807			unmatched
FBgn0270098	Dsim\GD28808	GD28808			unmatched
FBgn0270099	Dsim\GD28809	GD28809			unmatched
FBgn0270100	Dsim\GD28810	GD28810			unmatched
FBgn0270101	Dsim\GD28811	GD28811			unmatched
FBgn0270102	Dsim\GD28812	GD28812			unmatched
FBgn0270103	Dsim\GD28813	GD28813			unmatched
FBgn0270104	Dsim\GD28814	GD28814			unmatched
FBgn0270105	Dsim\GD28815	GD28815			unmatched
FBgn0270106	Dsim\GD28816	GD28816			unmatched
FBgn0270107	Dsim\GD28817	GD28817			unmatched
FBgn0270108	Dsim\GD28818	GD28818			unmatched
FBgn0270109	Dsim\GD28819	GD28819			unmatched
FBgn0270110	Dsim\GD28820	GD28820			unmatched
FBgn0270111	Dsim\GD28821	GD28821			unmatched
FBgn0270112	Dsim\GD28822	GD28822			unmatched
FBgn0270113	Dsim\GD28823	GD28823			unmatched
FBgn0270114	Dsim\GD28824	GD28824			unmatched
FBgn0270115	Dsim\GD28825	GD28825			unmatched
FBgn0270116	Dsim\GD28826	GD28826			unmatched
FBgn0270117	Dsim\GD28827	GD28827			unmatched
FBgn0270118	Dsim\GD28828	GD28828			unmatched
FBgn0270119	Dsim\GD28829	GD28829			unmatched
FBgn0270120	Dsim\GD28830	GD28830			unmatched
FBgn0270121	Dsim\GD28831	GD28831			unmatched
FBgn0270122	Dsim\GD28832	GD28832			unmatched
FBgn0270123	Dsim\GD28833	GD28833			unmatched
FBgn0270124	Dsim\GD28834	GD28834			unmatched
FBgn0270125	Dsim\GD28835	GD28835			unmatched
FBgn0270126	Dsim\GD28836	GD28836			unmatched
FBgn0270127	Dsim\GD28837	GD28837			unmatched
FBgn0270128	Dsim\GD28838	GD28838			unmatched
FBgn0270129	Dsim\GD28839	GD28839			unmatched
FBgn0270130	Dsim\GD28840	GD28840			unmatched
FBgn0270131	Dsim\GD28841	GD28841			unmatched
FBgn0270132	Dsim\GD28842	GD28842			unmatched
FBgn0270133	Dsim\GD28843	GD28843			unmatched
FBgn0270134	Dsim\GD28844	GD28844			unmatched
FBgn0270135	Dsim\GD28845	GD28845			unmatched
FBgn0270136	Dsim\GD28846	GD28846			unmatched
FBgn0270137	Dsim\GD28847	GD28847			unmatched
FBgn0270138	Dsim\GD28848	GD28848			unmatched
FBgn0270139	Dsim\GD28849	GD28849			unmatched
FBgn0270140	Dsim\GD28850	GD28850			unmatched
FBgn0270141	Dsim\GD28851	GD28851			unmatched
FBgn0270142	Dsim\GD28852	GD28852			unmatched
FBgn0270143	Dsim\GD28853	GD28853			unmatched
FBgn0270144	Dsim\GD28854	GD28854			unmatched
FBgn0270145	Dsim\GD28855	GD28855			unmatched
FBgn0270146	Dsim\GD28856	GD28856			unmatched
FBgn0270147	Dsim\GD28857	GD28857			unmatched
FBgn0270148	Dsim\GD28858	GD28858			unmatched
FBgn0270149	Dsim\GD28859	GD28859			unmatched
FBgn0270150	Dsim\GD28860	GD28860			unmatched
FBgn0270151	Dsim\GD28861	GD28861			unmatched
FBgn0270152	Dsim\GD28862	GD28862			unmatched
FBgn0270153	Dsim\GD28863	GD28863			unmatched
FBgn0270154	Dsim\GD28864	GD28864			unmatched
FBgn0270155	Dsim\GD28865	GD28865			unmatched
FBgn0270156	Dsim\GD28866	GD28866			unmatched
FBgn0270157	Dsim\GD28867	GD28867			unmatched
FBgn0270158	Dsim\GD28868	GD28868			unmatched
FBgn0270159	Dsim\GD28869	GD28869			unmatched
FBgn0270160	Dsim\GD28870	GD28870			unmatched
FBgn0270161	Dsim\GD28871	GD28871			unmatched
FBgn0270162	Dsim\GD28872	GD28872			unmatched
FBgn0270163	Dsim\GD28873	GD28873			unmatched
FBgn0270164	Dsim\GD28874	GD28874			unmatched
FBgn0270165	Dsim\GD28875	GD28875			unmatched
FBgn0270166	Dsim\GD28876	GD28876			unmatched
FBgn0270167	Dsim\GD28877	GD28877			unmatched
FBgn0270168	Dsim\GD28878	GD28878			unmatched
FBgn0270169	Dsim\GD28879	GD28879			unmatched
FBgn0270170	Dsim\GD28880	GD28880			unmatched
FBgn0270171	Dsim\GD28881	GD28881			unmatched
FBgn0270172	Dsim\GD28882	GD28882			unmatched
FBgn0270173	Dsim\GD28883	GD28883			unmatched
FBgn0270174	Dsim\GD28884	GD28884			unmatched
FBgn0270175	Dsim\GD28885	GD28885			unmatched
FBgn0270176	Dsim\GD28886	GD28886			unmatched
FBgn0270177	Dsim\GD28887	GD28887			unmatched
FBgn0270178	Dsim\GD28888	GD28888			unmatched
FBgn0270179	Dsim\GD28889	GD28889			unmatched
FBgn0270180	Dsim\GD28890	GD28890			unmatched
FBgn0270181	Dsim\GD28891	GD28891			unmatched
FBgn0270182	Dsim\GD28892	GD28892			unmatched
FBgn0270183	Dsim\GD28893	GD28893			unmatched
FBgn0270184	Dsim\GD28894	GD28894			unmatched
FBgn0270185	Dsim\GD28895	GD28895			unmatched
FBgn0270186	Dsim\GD28896	GD28896			unmatched
FBgn0270187	Dsim\GD28897	GD28897			unmatched
FBgn0270188	Dsim\GD28898	GD28898			unmatched
FBgn0270189	Dsim\GD28899	GD28899			unmatched
FBgn0270190	Dsim\GD28900	GD28900			unmatched
FBgn0270191	Dsim\GD28901	GD28901			unmatched
FBgn0270192	Dsim\GD28902	GD28902			unmatched
FBgn0270193	Dsim\GD28903	GD28903			unmatched
FBgn0270194	Dsim\GD28904	GD28904			unmatched
FBgn0270195	Dsim\GD28905	GD28905			unmatched
FBgn0270196	Dsim\GD28906	GD28906			unmatched
FBgn0270197	Dsim\GD28907	GD28907			unmatched
FBgn0270198	Dsim\GD28908	GD28908			unmatched
FBgn0270199	Dsim\GD28909	GD28909			unmatched
FBgn0270200	Dsim\GD28910	GD28910			unmatched
FBgn0270201	Dsim\GD28911	GD28911			unmatched
FBgn0270202	Dsim\GD28912	GD28912			unmatched
FBgn0270203	Dsim\GD28913	GD28913			unmatched
FBgn0270204	Dsim\GD28914	GD28914			unmatched
FBgn0270205	Dsim\GD28915	GD28915			unmatched
FBgn0270206	Dsim\GD28916	GD28916			unmatched
FBgn0270207	Dsim\GD28917	GD28917			unmatched
FBgn0270208	Dsim\GD28918	GD28918			unmatched
FBgn0270209	Dsim\GD28919	GD28919			unmatched
FBgn0270210	Dsim\GD28920	GD28920			unmatched
FBgn0270211	Dsim\GD28921	GD28921			unmatched
FBgn0270212	Dsim\GD28922	GD28922			unmatched
FBgn0270213	Dsim\GD28923	GD28923			unmatched
FBgn0270214	Dsim\GD28924	GD28924			unmatched
FBgn0270215	Dsim\GD28925	GD28925			unmatched
FBgn0270216	Dsim\GD28926	GD28926			unmatched
FBgn0270217	Dsim\GD28927	GD28927			unmatched
FBgn0270218	Dsim\GD28928	GD28928			unmatched
FBgn0270219	Dsim\GD28929	GD28929			unmatched
FBgn0270220	Dsim\GD28930	GD28930			unmatched
FBgn0270221	Dsim\GD28931	GD28931			unmatched
FBgn0270222	Dsim\GD28932	GD28932			unmatched
FBgn0270223	Dsim\GD28933	GD28933			unmatched
FBgn0270224	Dsim\GD28934	GD28934			unmatched
FBgn0270225	Dsim\GD28935	GD28935			unmatched
FBgn0270226	Dsim\GD28936	GD28936			unmatched
FBgn0270227	Dsim\GD28937	GD28937			unmatched
FBgn0270228	Dsim\GD28938	GD28938			unmatched
FBgn0270229	Dsim\GD28939	GD28939			unmatched
FBgn0270230	Dsim\GD28940	GD28940			unmatched
FBgn0270231	Dsim\GD28941	GD28941			unmatched
FBgn0270232	Dsim\GD28942	GD28942			unmatched
FBgn0270233	Dsim\GD28943	GD28943			unmatched
FBgn0270234	Dsim\GD28944	GD28944			unmatched
FBgn0270235	Dsim\GD28945	GD28945			unmatched
FBgn0270236	Dsim\GD28946	GD28946			unmatched
FBgn0270237	Dsim\GD28947	GD28947			unmatched
FBgn0270238	Dsim\GD28948	GD28948			unmatched
FBgn0270239	Dsim\GD28949	GD28949			unmatched
FBgn0270240	Dsim\GD28950	GD28950			unmatched
FBgn0270241	Dsim\GD28951	GD28951			unmatched
FBgn0270242	Dsim\GD28952	GD28952			unmatched
FBgn0270243	Dsim\GD28953	GD28953			unmatched
FBgn0270244	Dsim\GD28954	GD28954			unmatched
FBgn0270245	Dsim\GD28955	GD28955			unmatched
FBgn0270246	Dsim\GD28956	GD28956			unmatched
FBgn0270247	Dsim\GD28957	GD28957			unmatched
FBgn0270248	Dsim\GD28958	GD28958			unmatched
FBgn0270249	Dsim\GD28959	GD28959			unmatched
FBgn0270250	Dsim\GD28960	GD28960			unmatched
FBgn0270251	Dsim\GD28961	GD28961			unmatched
FBgn0270252	Dsim\GD28962	GD28962			unmatched
FBgn0270253	Dsim\GD28963	GD28963			unmatched
FBgn0270254	Dsim\GD28964	GD28964			unmatched
FBgn0270255	Dsim\GD28965	GD28965			unmatched
FBgn0270256	Dsim\GD28966	GD28966			unmatched
FBgn0270257	Dsim\GD28967	GD28967			unmatched
FBgn0270258	Dsim\GD28968	GD28968			unmatched
FBgn0270259	Dsim\GD28969	GD28969			unmatched
FBgn0270260	Dsim\GD28970	GD28970			unmatched
FBgn0270261	Dsim\GD28971	GD28971			unmatched
FBgn0270262	Dsim\GD28972	GD28972			unmatched
FBgn0270263	Dsim\GD28973	GD28973			unmatched
FBgn0270264	Dsim\GD28974	GD28974			unmatched
FBgn0270265	Dsim\GD28975	GD28975			unmatched
FBgn0270266	Dsim\GD28976	GD28976			unmatched
FBgn0270267	Dsim\GD28977	GD28977			unmatched
FBgn0270268	Dsim\GD28978	GD28978			unmatched
FBgn0270269	Dsim\GD28979	GD28979			unmatched
FBgn0270270	Dsim\GD28980	GD28980			unmatched
FBgn0270271	Dsim\GD28981	GD28981			unmatched
FBgn0270272	Dsim\GD28982	GD28982			unmatched
FBgn0270273	Dsim\GD28983	GD28983			unmatched
FBgn0270274	Dsim\GD28984	GD28984			unmatched
FBgn0270275	Dsim\GD28985	GD28985			unmatched
FBgn0270276	Dsim\GD28986	GD28986			unmatched
FBgn0270277	Dsim\GD28987	GD28987			unmatched
FBgn0270278	Dsim\GD28988	GD28988			unmatched
FBgn0270279	Dsim\GD28989	GD28989			unmatched
FBgn0270280	Dsim\GD28990	GD28990			unmatched
FBgn0270281	Dsim\GD28991	GD28991			unmatched
FBgn0270282	Dsim\GD28992	GD28992			unmatched
FBgn0270283	Dsim\GD28993	GD28993			unmatched
FBgn0270284	Dsim\GD28994	GD28994			unmatched
FBgn0270285	Dsim\GD28995	GD28995			unmatched
FBgn0270286	Dsim\GD28996	GD28996			unmatched
FBgn0270287	Dsim\GD28997	GD28997			unmatched
FBgn0270288	Dsim\GD28998	GD28998			unmatched
FBgn0270289	Dsim\GD28999	GD28999			unmatched
FBgn0270290	Dsim\GD29000	GD29000			unmatched
FBgn0270291	Dsim\GD29001	GD29001			unmatched
FBgn0270292	Dsim\GD29002	GD29002			unmatched
FBgn0270293	Dsim\GD29003	GD29003			unmatched
FBgn0270294	Dsim\GD29004	GD29004			unmatched
FBgn0270295	Dsim\GD29005	GD29005			unmatched
FBgn0270296	Dsim\GD29006	GD29006			unmatched
FBgn0270297	Dsim\GD29007	GD29007			unmatched
FBgn0270298	Dsim\GD29008	GD29008			unmatched
FBgn0270299	Dsim\GD29009	GD29009			unmatched
FBgn0270300	Dsim\GD29010	GD29010			unmatched
FBgn0270301	Dsim\GD29011	GD29011			unmatched
FBgn0270302	Dsim\GD29012	GD29012			unmatched
FBgn0270303	Dsim\GD29013	GD29013			unmatched
FBgn0270304	Dsim\GD29014	GD29014			unmatched
FBgn0270305	Dsim\GD29015	GD29015			unmatched
FBgn0270306	Dsim\GD29016	GD29016			unmatched
FBgn0270307	Dsim\GD29017	GD29017			unmatched
FBgn0270308	Dsim\GD29018	GD29018			unmatched
FBgn0270309	Dsim\GD29019	GD29019			unmatched
FBgn0270310	Dsim\GD29020	GD29020			unmatched
FBgn0270311	Dsim\GD29021	GD29021			unmatched
FBgn0270312	Dsim\GD29022	GD29022			unmatched
FBgn0270313	Dsim\GD29023	GD29023			unmatched
FBgn0270314	Dsim\GD29024	GD29024			unmatched
FBgn0270315	Dsim\GD29025	GD29025			unmatched
FBgn0270316	Dsim\GD29026	GD29026			unmatched
FBgn0270317	Dsim\GD29027	GD29027			unmatched
FBgn0270318	Dsim\GD29028	GD29028			unmatched
FBgn0270319	Dsim\GD29029	GD29029			unmatched
FBgn0270320	Dsim\GD29030	GD29030			unmatched
FBgn0270321	Dsim\GD29031	GD29031			unmatched
FBgn0270322	Dsim\GD29032	GD29032			unmatched
FBgn0270323	Dsim\GD29033	GD29033			unmatched
FBgn0270324	Dsim\GD29034	GD29034			unmatched
FBgn0270325	Dsim\GD29035	GD29035			unmatched
FBgn0270326	Dsim\GD29036	GD29036			unmatched
FBgn0270327	Dsim\GD29037	GD29037			unmatched
FBgn0270328	Dsim\GD29038	GD29038			unmatched
FBgn0270329	Dsim\GD29039	GD29039			unmatched
FBgn0270330	Dsim\GD29040	GD29040			unmatched
FBgn0270331	Dsim\GD29041	GD29041			unmatched
FBgn0270332	Dsim\GD29042	GD29042			unmatched
FBgn0270333	Dsim\GD29043	GD29043			unmatched
FBgn0270334	Dsim\GD29044	GD29044			unmatched
FBgn0270335	Dsim\GD29045	GD29045			unmatched
FBgn0270336	Dsim\GD29046	GD29046			unmatched
FBgn0270337	Dsim\GD29047	GD29047			unmatched
FBgn0270338	Dsim\GD29048	GD29048			unmatched
FBgn0270339	Dsim\GD29049	GD29049			unmatched
FBgn0270340	Dsim\GD29050	GD29050			unmatched
FBgn0270341	Dsim\GD29051	GD29051			unmatched
FBgn0270342	Dsim\GD29052	GD29052			unmatched
FBgn0270343	Dsim\GD29053	GD29053			unmatched
FBgn0270344	Dsim\GD29054	GD29054			unmatched
FBgn0270345	Dsim\GD29055	GD29055			unmatched
FBgn0270346	Dsim\GD29056	GD29056			unmatched
FBgn0270347	Dsim\GD29057	GD29057			unmatched
FBgn0270348	Dsim\GD29058	GD29058			unmatched
FBgn0270349	Dsim\GD29059	GD29059			unmatched
FBgn0270350	Dsim\GD29060	GD29060			unmatched
FBgn0270351	Dsim\GD29061	GD29061			unmatched
FBgn0270352	Dsim\GD29062	GD29062			unmatched
FBgn0270353	Dsim\GD29063	GD29063			unmatched
FBgn0270354	Dsim\GD29064	GD29064			unmatched
FBgn0270355	Dsim\GD29065	GD29065			unmatched
FBgn0270356	Dsim\GD29066	GD29066			unmatched
FBgn0270357	Dsim\GD29067	GD29067			unmatched
FBgn0270358	Dsim\GD29068	GD29068			unmatched
FBgn0270359	Dsim\GD29069	GD29069			unmatched
FBgn0270360	Dsim\GD29070	GD29070			unmatched
FBgn0270361	Dsim\GD29071	GD29071			unmatched
FBgn0270362	Dsim\GD29072	GD29072			unmatched
FBgn0270363	Dsim\GD29073	GD29073			unmatched
FBgn0270364	Dsim\GD29074	GD29074			unmatched
FBgn0270365	Dsim\GD29075	GD29075			unmatched
FBgn0270366	Dsim\GD29076	GD29076			unmatched
FBgn0270367	Dsim\GD29077	GD29077			unmatched
FBgn0270368	Dsim\GD29078	GD29078			unmatched
FBgn0270369	Dsim\GD29079	GD29079			unmatched
FBgn0270370	Dsim\GD29080	GD29080			unmatched
FBgn0270371	Dsim\GD29081	GD29081			unmatched
FBgn0270372	Dsim\GD29082	GD29082			unmatched
FBgn0270373	Dsim\GD29083	GD29083			unmatched
FBgn0270374	Dsim\GD29084	GD29084			unmatched
FBgn0270375	Dsim\GD29085	GD29085			unmatched
FBgn0270376	Dsim\GD29086	GD29086			unmatched
FBgn0270377	Dsim\GD29087	GD29087			unmatched
FBgn0270378	Dsim\GD29088	GD29088			unmatched
FBgn0270379	Dsim\GD29089	GD29089			unmatched
FBgn0270380	Dsim\GD29090	GD29090			unmatched
FBgn0270381	Dsim\GD29091	GD29091			unmatched
FBgn0270382	Dsim\GD29092	GD29092			unmatched
FBgn0270383	Dsim\GD29093	GD29093			unmatched
FBgn0270384	Dsim\GD29094	GD29094			unmatched
FBgn0270385	Dsim\GD29095	GD29095			unmatched
FBgn0270386	Dsim\GD29096	GD29096			unmatched
FBgn0270387	Dsim\GD29097	GD29097			unmatched
FBgn0270388	Dsim\GD29098	GD29098			unmatched
FBgn0270389	Dsim\GD29099	GD29099			unmatched
FBgn0270390	Dsim\GD29100	GD29100			unmatched
FBgn0270391	Dsim\GD29101	GD29101			unmatched
FBgn0270392	Dsim\GD29102	GD29102			unmatched
FBgn0270393	Dsim\GD29103	GD29103			unmatched
FBgn0270394	Dsim\GD29104	GD29104			unmatched
FBgn0270395	Dsim\GD29105	GD29105			unmatched
FBgn0270396	Dsim\GD29106	GD29106			unmatched
FBgn0270397	Dsim\GD29107	GD29107			unmatched
FBgn0270398	Dsim\GD29108	GD29108			unmatched
FBgn0270399	Dsim\GD29109	GD29109			unmatched
FBgn0270400	Dsim\GD29110	GD29110			unmatched
FBgn0270401	Dsim\GD29111	GD29111			unmatched
FBgn0270402	Dsim\GD29112	GD29112			unmatched
FBgn0270403	Dsim\GD29113	GD29113			unmatched
FBgn0270404	Dsim\GD29114	GD29114			unmatched
FBgn0270405	Dsim\GD29115	GD29115			unmatched
FBgn0270406	Dsim\GD29116	GD29116			unmatched
FBgn0270407	Dsim\GD29117	GD29117			unmatched
FBgn0270408	Dsim\GD29118	GD29118			unmatched
FBgn0270409	Dsim\GD29119	GD29119			unmatched
FBgn0270410	Dsim\GD29120	GD29120			unmatched
FBgn0270411	Dsim\GD29121	GD29121			unmatched
FBgn0270412	Dsim\GD29122	GD29122			unmatched
FBgn0270413	Dsim\GD29123	GD29123			unmatched
FBgn0270414	Dsim\GD29124	GD29124			unmatched
FBgn0270415	Dsim\GD29125	GD29125			unmatched
FBgn0270416	Dsim\GD29126	GD29126			unmatched
FBgn0270417	Dsim\GD29127	GD29127			unmatched
FBgn0270418	Dsim\GD29128	GD29128			unmatched
FBgn0270419	Dsim\GD29129	GD29129			unmatched
FBgn0270420	Dsim\GD29130	GD29130			unmatched
FBgn0270421	Dsim\GD29131	GD29131			unmatched
FBgn0270422	Dsim\GD29132	GD29132			unmatched
FBgn0270423	Dsim\GD29133	GD29133			unmatched
FBgn0270424	Dsim\GD29134	GD29134			unmatched
FBgn0270425	Dsim\GD29135	GD29135			unmatched
FBgn0270426	Dsim\GD29136	GD29136			unmatched
FBgn0270427	Dsim\GD29137	GD29137			unmatched
FBgn0270428	Dsim\GD29138	GD29138			unmatched
FBgn0270429	Dsim\GD29139	GD29139			unmatched
FBgn0270430	Dsim\GD29140	GD29140			unmatched
FBgn0270431	Dsim\GD29141	GD29141			unmatched
FBgn0270432	Dsim\GD29142	GD29142			unmatched
FBgn0270433	Dsim\GD29143	GD29143			unmatched
FBgn0270434	Dsim\GD29144	GD29144			unmatched
FBgn0270435	Dsim\GD29145	GD29145			unmatched
FBgn0270436	Dsim\GD29146	GD29146			unmatched
FBgn0270437	Dsim\GD29147	GD29147			unmatched
FBgn0270438	Dsim\GD29148	GD29148			unmatched
FBgn0270439	Dsim\GD29149	GD29149			unmatched
FBgn0270440	Dsim\GD29150	GD29150			unmatched
FBgn0270441	Dsim\GD29151	GD29151			unmatched
FBgn0270442	Dsim\GD29152	GD29152			unmatched
FBgn0270443	Dsim\GD29153	GD29153			unmatched
FBgn0270444	Dsim\GD29154	GD29154			unmatched
FBgn0270445	Dsim\GD29155	GD29155			unmatched
FBgn0270446	Dsim\GD29156	GD29156			unmatched
FBgn0270447	Dsim\GD29157	GD29157			unmatched
FBgn0270448	Dsim\GD29158	GD29158			unmatched
FBgn0270449	Dsim\GD29159	GD29159			unmatched
FBgn0270450	Dsim\GD29160	GD29160			unmatched
FBgn0270451	Dsim\GD29161	GD29161			unmatched
FBgn0270452	Dsim\GD29162	GD29162			unmatched
FBgn0270453	Dsim\GD29163	GD29163			unmatched
FBgn0270454	Dsim\GD29164	GD29164			unmatched
FBgn0270455	Dsim\GD29165	GD29165			unmatched
FBgn0270456	Dsim\GD29166	GD29166			unmatched
FBgn0270457	Dsim\GD29167	GD29167			unmatched
FBgn0270458	Dsim\GD29168	GD29168			unmatched
FBgn0270459	Dsim\GD29169	GD29169			unmatched
FBgn0270460	Dsim\GD29170	GD29170			unmatched
FBgn0270461	Dsim\GD29171	GD29171			unmatched
FBgn0270462	Dsim\GD29172	GD29172			unmatched
FBgn0270463	Dsim\GD29173	GD29173			unmatched
FBgn0270464	Dsim\GD29174	GD29174			unmatched
FBgn0270465	Dsim\GD29175	GD29175			unmatched
FBgn0270466	Dsim\GD29176	GD29176			unmatched
FBgn0270467	Dsim\GD29177	GD29177			unmatched
FBgn0270468	Dsim\GD29178	GD29178			unmatched
FBgn0270469	Dsim\GD29179	GD29179			unmatched
FBgn0270470	Dsim\GD29180	GD29180			unmatched
FBgn0270471	Dsim\GD29181	GD29181			unmatched
FBgn0270472	Dsim\GD29182	GD29182			unmatched
FBgn0270473	Dsim\GD29183	GD29183			unmatched
FBgn0270474	Dsim\GD29184	GD29184			unmatched
FBgn0270475	Dsim\GD29185	GD29185			unmatched
FBgn0270476	Dsim\GD29186	GD29186			unmatched
FBgn0270477	Dsim\GD29187	GD29187			unmatched
FBgn0270478	Dsim\GD29188	GD29188			unmatched
FBgn0270479	Dsim\GD29189	GD29189			unmatched
FBgn0270480	Dsim\GD29190	GD29190			unmatched
FBgn0270481	Dsim\GD29191	GD29191			unmatched
FBgn0270482	Dsim\GD29192	GD29192			unmatched
FBgn0270483	Dsim\GD29193	GD29193			unmatched
FBgn0270484	Dsim\GD29194	GD29194			unmatched
FBgn0270485	Dsim\GD29195	GD29195			unmatched
FBgn0270486	Dsim\GD29196	GD29196			unmatched
FBgn0270487	Dsim\GD29197	GD29197			unmatched
FBgn0270488	Dsim\GD29198	GD29198			unmatched
FBgn0270489	Dsim\GD29199	GD29199			unmatched
FBgn0270490	Dsim\GD29200	GD29200			unmatched
FBgn0270491	Dsim\GD29201	GD29201			unmatched
FBgn0270492	Dsim\GD29202	GD29202			unmatched
FBgn0270493	Dsim\GD29203	GD29203			unmatched
FBgn0270494	Dsim\GD29204	GD29204			unmatched
FBgn0270495	Dsim\GD29205	GD29205			unmatched
FBgn0270496	Dsim\GD29206	GD29206			unmatched
FBgn0270497	Dsim\GD29207	GD29207			unmatched
FBgn0270498	Dsim\GD29208	GD29208			unmatched
FBgn0270499	Dsim\GD29209	GD29209			unmatched
FBgn0270500	Dsim\GD29210	GD29210			unmatched
FBgn0270501	Dsim\GD29211	GD29211			unmatched
FBgn0270502	Dsim\GD29212	GD29212			unmatched
FBgn0270503	Dsim\GD29213	GD29213			unmatched
FBgn0270504	Dsim\GD29214	GD29214			unmatched
FBgn0270505	Dsim\GD29215	GD29215			unmatched
FBgn0270506	Dsim\GD29216	GD29216			unmatched
FBgn0270507	Dsim\GD29217	GD29217			unmatched
FBgn0270508	Dsim\GD29218	GD29218			unmatched
FBgn0270509	Dsim\GD29219	GD29219			unmatched
FBgn0270510	Dsim\GD29220	GD29220			unmatched
FBgn0270511	Dsim\GD29221	GD29221			unmatched
FBgn0270512	Dsim\GD29222	GD29222			unmatched
FBgn0270513	Dsim\GD29223	GD29223			unmatched
FBgn0270514	Dsim\GD29224	GD29224			unmatched
FBgn0270515	Dsim\GD29225	GD29225			unmatched
FBgn0270516	Dsim\GD29226	GD29226			unmatched
FBgn0270517	Dsim\GD29227	GD29227			unmatched
FBgn0270518	Dsim\GD29228	GD29228			unmatched
FBgn0270519	Dsim\GD29229	GD29229			unmatched
FBgn0270520	Dsim\GD29230	GD29230			unmatched
FBgn0270521	Dsim\GD29231	GD29231			unmatched
FBgn0270522	Dsim\GD29232	GD29232			unmatched
FBgn0270523	Dsim\GD29233	GD29233			unmatched
FBgn0270524	Dsim\GD29234	GD29234			unmatched
FBgn0270525	Dsim\GD29235	GD29235			unmatched
FBgn0270526	Dsim\GD29236	GD29236			unmatched
FBgn0270527	Dsim\GD29237	GD29237			unmatched
FBgn0270528	Dsim\GD29238	GD29238			unmatched
FBgn0270529	Dsim\GD29239	GD29239			unmatched
FBgn0270530	Dsim\GD29240	GD29240			unmatched
FBgn0270531	Dsim\GD29241	GD29241			unmatched
FBgn0270532	Dsim\GD29242	GD29242			unmatched
FBgn0270533	Dsim\GD29243	GD29243			unmatched
FBgn0270534	Dsim\GD29244	GD29244			unmatched
FBgn0270535	Dsim\GD29245	GD29245			unmatched
FBgn0270536	Dsim\GD29246	GD29246			unmatched
FBgn0270537	Dsim\GD29247	GD29247			unmatched
FBgn0270538	Dsim\GD29248	GD29248			unmatched
FBgn0270539	Dsim\GD29249	GD29249			unmatched
FBgn0270540	Dsim\GD29250	GD29250			unmatched
FBgn0270541	Dsim\GD29251	GD29251			unmatched
FBgn0270542	Dsim\GD29252	GD29252			unmatched
FBgn0270543	Dsim\GD29253	GD29253			unmatched
FBgn0270544	Dsim\GD29254	GD29254			unmatched
FBgn0270545	Dsim\GD29255	GD29255			unmatched
FBgn0270546	Dsim\GD29256	GD29256			unmatched
FBgn0270547	Dsim\GD29257	GD29257			unmatched
FBgn0270548	Dsim\GD29258	GD29258			unmatched
FBgn0270549	Dsim\GD29259	GD29259			unmatched
FBgn0270550	Dsim\GD29260	GD29260			unmatched
FBgn0270551	Dsim\GD29261	GD29261			unmatched
FBgn0270552	Dsim\GD29262	GD29262			unmatched
FBgn0270553	Dsim\GD29263	GD29263			unmatched
FBgn0270554	Dsim\GD29264	GD29264			unmatched
FBgn0270555	Dsim\GD29265	GD29265			unmatched
FBgn0270556	Dsim\GD29266	GD29266			unmatched
FBgn0270557	Dsim\GD29267	GD29267			unmatched
FBgn0270558	Dsim\GD29268	GD29268			unmatched
FBgn0270559	Dsim\GD29269	GD29269			unmatched
FBgn0270560	Dsim\GD29270	GD29270			unmatched
FBgn0270561	Dsim\GD29271	GD29271			unmatched
FBgn0270562	Dsim\GD29272	GD29272			unmatched
FBgn0270563	Dsim\GD29273	GD29273			unmatched
FBgn0270564	Dsim\GD29274	GD29274			unmatched
FBgn0270565	Dsim\GD29275	GD29275			unmatched
FBgn0270566	Dsim\GD29276	GD29276			unmatched
FBgn0270567	Dsim\GD29277	GD29277			unmatched
FBgn0270568	Dsim\GD29278	GD29278			unmatched
FBgn0270569	Dsim\GD29279	GD29279			unmatched
FBgn0270570	Dsim\GD29280	GD29280			unmatched
FBgn0270571	Dsim\GD29281	GD29281			unmatched
FBgn0270572	Dsim\GD29282	GD29282			unmatched
FBgn0270573	Dsim\GD29283	GD29283			unmatched
FBgn0270574	Dsim\GD29284	GD29284			unmatched
FBgn0270575	Dsim\GD29285	GD29285			unmatched
FBgn0270576	Dsim\GD29286	GD29286			unmatched
FBgn0270577	Dsim\GD29287	GD29287			unmatched
FBgn0270578	Dsim\GD29288	GD29288			unmatched
FBgn0270579	Dsim\GD29289	GD29289			unmatched
FBgn0270580	Dsim\GD29290	GD29290			unmatched
FBgn0270581	Dsim\GD29291	GD29291			unmatched
FBgn0270582	Dsim\GD29292	GD29292			unmatched
FBgn0270583	Dsim\GD29293	GD29293			unmatched
FBgn0270584	Dsim\GD29294	GD29294			unmatched
FBgn0270585	Dsim\GD29295	GD29295			unmatched
FBgn0270586	Dsim\GD29296	GD29296			unmatched
FBgn0270587	Dsim\GD29297	GD29297			unmatched
FBgn0270588	Dsim\GD29298	GD29298			unmatched
FBgn0270589	Dsim\GD29299	GD29299			unmatched
FBgn0270590	Dsim\GD29300	GD29300			unmatched
FBgn0270591	Dsim\GD29301	GD29301			unmatched
FBgn0270592	Dsim\GD29302	GD29302			unmatched
FBgn0270593	Dsim\GD29303	GD29303			unmatched
FBgn0270594	Dsim\GD29304	GD29304			unmatched
FBgn0270595	Dsim\GD29305	GD29305			unmatched
FBgn0270596	Dsim\GD29306	GD29306			unmatched
FBgn0270597	Dsim\GD29307	GD29307			unmatched
FBgn0270598	Dsim\GD29308	GD29308			unmatched
FBgn0270599	Dsim\GD29309	GD29309			unmatched
FBgn0270600	Dsim\GD29310	GD29310			unmatched
FBgn0270601	Dsim\GD29311	GD29311			unmatched
FBgn0270602	Dsim\GD29312	GD29312			unmatched
FBgn0270603	Dsim\GD29313	GD29313			unmatched
FBgn0270604	Dsim\GD29314	GD29314			unmatched
FBgn0270605	Dsim\GD29315	GD29315			unmatched
FBgn0270606	Dsim\GD29316	GD29316			unmatched
FBgn0270607	Dsim\GD29317	GD29317			unmatched
FBgn0270608	Dsim\GD29318	GD29318			unmatched
FBgn0270609	Dsim\GD29319	GD29319			unmatched
FBgn0270610	Dsim\GD29320	GD29320			unmatched
FBgn0270611	Dsim\GD29321	GD29321			unmatched
FBgn0270612	Dsim\GD29322	GD29322			unmatched
FBgn0270613	Dsim\GD29323	GD29323			unmatched
FBgn0270614	Dsim\GD29324	GD29324			unmatched
FBgn0270615	Dsim\GD29325	GD29325			unmatched
FBgn0270616	Dsim\GD29326	GD29326			unmatched
FBgn0270617	Dsim\GD29327	GD29327			unmatched
FBgn0270618	Dsim\GD29328	GD29328			unmatched
FBgn0270619	Dsim\GD29329	GD29329			unmatched
FBgn0270620	Dsim\GD29330	GD29330			unmatched
FBgn0270621	Dsim\GD29331	GD29331			unmatched
FBgn0270622	Dsim\GD29332	GD29332			unmatched
FBgn0270623	Dsim\GD29333	GD29333			unmatched
FBgn0270624	Dsim\GD29334	GD29334			unmatched
FBgn0270625	Dsim\GD29335	GD29335			unmatched
FBgn0270626	Dsim\GD29336	GD29336			unmatched
FBgn0270627	Dsim\GD29337	GD29337			unmatched
FBgn0270628	Dsim\GD29338	GD29338			unmatched
FBgn0270629	Dsim\GD29339	GD29339			unmatched
FBgn0270630	Dsim\GD29340	GD29340			unmatched
FBgn0270631	Dsim\GD29341	GD29341			unmatched
FBgn0270632	Dsim\GD29342	GD29342			unmatched
FBgn0270633	Dsim\GD29343	GD29343			unmatched
FBgn0270634	Dsim\GD29344	GD29344			unmatched
FBgn0270635	Dsim\GD29345	GD29345			unmatched
FBgn0270636	Dsim\GD29346	GD29346			unmatched
FBgn0270637	Dsim\GD29347	GD29347			unmatched
FBgn0270638	Dsim\GD29348	GD29348			unmatched
FBgn0270639	Dsim\GD29349	GD29349			unmatched
FBgn0270640	Dsim\GD29350	GD29350			unmatched
FBgn0270641	Dsim\GD29351	GD29351			unmatched
FBgn0270642	Dsim\GD29352	GD29352			unmatched
FBgn0270643	Dsim\GD29353	GD29353			unmatched
FBgn0270644	Dsim\GD29354	GD29354			unmatched
FBgn0270645	Dsim\GD29355	GD29355			unmatched
FBgn0270646	Dsim\GD29356	GD29356			unmatched
FBgn0270647	Dsim\GD29357	GD29357			unmatched
FBgn0270648	Dsim\GD29358	GD29358			unmatched
FBgn0270649	Dsim\GD29359	GD29359			unmatched
FBgn0270650	Dsim\GD29360	GD29360			unmatched
FBgn0270651	Dsim\GD29361	GD29361			unmatched
FBgn0270652	Dsim\GD29362	GD29362			unmatched
FBgn0270653	Dsim\GD29363	GD29363			unmatched
FBgn0270654	Dsim\GD29364	GD29364			unmatched
FBgn0270655	Dsim\GD29365	GD29365			unmatched
FBgn0270656	Dsim\GD29366	GD29366			unmatched
FBgn0270657	Dsim\GD29367	GD29367			unmatched
FBgn0270658	Dsim\GD29368	GD29368			unmatched
FBgn0270659	Dsim\GD29369	GD29369			unmatched
FBgn0270660	Dsim\GD29370	GD29370			unmatched
FBgn0270661	Dsim\GD29371	GD29371			unmatched
FBgn0270662	Dsim\GD29372	GD29372			unmatched
FBgn0270663	Dsim\GD29373	GD29373			unmatched
FBgn0270664	Dsim\GD29374	GD29374			unmatched
FBgn0270665	Dsim\GD29375	GD29375			unmatched
FBgn0270666	Dsim\GD29376	GD29376			unmatched
FBgn0270667	Dsim\GD29377	GD29377			unmatched
FBgn0270668	Dsim\GD29378	GD29378			unmatched
FBgn0270669	Dsim\GD29379	GD29379			unmatched
FBgn0270670	Dsim\GD29380	GD29380			unmatched
FBgn0270671	Dsim\GD29381	GD29381			unmatched
FBgn0270672	Dsim\GD29382	GD29382			unmatched
FBgn0270673	Dsim\GD29383	GD29383			unmatched
FBgn0270674	Dsim\GD29384	GD29384			unmatched
FBgn0270675	Dsim\GD29385	GD29385			unmatched
FBgn0270676	Dsim\GD29386	GD29386			unmatched
FBgn0270677	Dsim\GD29387	GD29387			unmatched
FBgn0270678	Dsim\GD29388	GD29388			unmatched
FBgn0270679	Dsim\GD29389	GD29389			unmatched
FBgn0270680	Dsim\GD29390	GD29390			unmatched
FBgn0270681	Dsim\GD29391	GD29391			unmatched
FBgn0270682	Dsim\GD29392	GD29392			unmatched
FBgn0270683	Dsim\GD29393	GD29393			unmatched
FBgn0270684	Dsim\GD29394	GD29394			unmatched
FBgn0270685	Dsim\GD29395	GD29395			unmatched
FBgn0270686	Dsim\GD29396	GD29396			unmatched
FBgn0270687	Dsim\GD29397	GD29397			unmatched
FBgn0270688	Dsim\GD29398	GD29398			unmatched
FBgn0270689	Dsim\GD29399	GD29399			unmatched
FBgn0270690	Dsim\GD29400	GD29400			unmatched
FBgn0270691	Dsim\GD29401	GD29401			unmatched
FBgn0270692	Dsim\GD29402	GD29402			unmatched
FBgn0270693	Dsim\GD29403	GD29403			unmatched
FBgn0270694	Dsim\GD29404	GD29404			unmatched
FBgn0270695	Dsim\GD29405	GD29405			unmatched
FBgn0270696	Dsim\GD29406	GD29406			unmatched
FBgn0270697	Dsim\GD29407	GD29407			unmatched
FBgn0270698	Dsim\GD29408	GD29408			unmatched
FBgn0270699	Dsim\GD29409	GD29409			unmatched
FBgn0270700	Dsim\GD29410	GD29410			unmatched
FBgn0270701	Dsim\GD29411	GD29411			unmatched
FBgn0270702	Dsim\GD29412	GD29412			unmatched
FBgn0270703	Dsim\GD29413	GD29413			unmatched
FBgn0270704	Dsim\GD29414	GD29414			unmatched
FBgn0270705	Dsim\GD29415	GD29415			unmatched
FBgn0270706	Dsim\GD29416	GD29416			unmatched
FBgn0270707	Dsim\GD29417	GD29417			unmatched
FBgn0270708	Dsim\GD29418	GD29418			unmatched
FBgn0270709	Dsim\GD29419	GD29419			unmatched
FBgn0270710	Dsim\GD29420	GD29420			unmatched
FBgn0270711	Dsim\GD29421	GD29421			unmatched
FBgn0270712	Dsim\GD29422	GD29422			unmatched
FBgn0270713	Dsim\GD29423	GD29423			unmatched
FBgn0270714	Dsim\GD29424	GD29424			unmatched
FBgn0270715	Dsim\GD29425	GD29425			unmatched
FBgn0270716	Dsim\GD29426	GD29426			unmatched
FBgn0270717	Dsim\GD29427	GD29427			unmatched
FBgn0270718	Dsim\GD29428	GD29428			unmatched
FBgn0270719	Dsim\GD29429	GD29429			unmatched
FBgn0270720	Dsim\GD29430	GD29430			unmatched
FBgn0270721	Dsim\GD29431	GD29431			unmatched
FBgn0270722	Dsim\GD29432	GD29432			unmatched
FBgn0270723	Dsim\GD29433	GD29433			unmatched
FBgn0270724	Dsim\GD29434	GD29434			unmatched
FBgn0270725	Dsim\GD29435	GD29435			unmatched
FBgn0270726	Dsim\GD29436	GD29436			unmatched
FBgn0270727	Dsim\GD29437	GD29437			unmatched
FBgn0270728	Dsim\GD29438	GD29438			unmatched
FBgn0270729	Dsim\GD29439	GD29439			unmatched
FBgn0270730	Dsim\GD29440	GD29440			unmatched
FBgn0270731	Dsim\GD29441	GD29441			unmatched
FBgn0270732	Dsim\GD29442	GD29442			unmatched
FBgn0270733	Dsim\GD29443	GD29443			unmatched
FBgn0270734	Dsim\GD29444	GD29444			unmatched
FBgn0270735	Dsim\GD29445	GD29445			unmatched
FBgn0270736	Dsim\GD29446	GD29446			unmatched
FBgn0270737	Dsim\GD29447	GD29447			unmatched
FBgn0270738	Dsim\GD29448	GD29448			unmatched
FBgn0270739	Dsim\GD29449	GD29449			unmatched
FBgn0270740	Dsim\GD29450	GD29450			unmatched
FBgn0270741	Dsim\GD29451	GD29451			unmatched
FBgn0270742	Dsim\GD29452	GD29452			unmatched
FBgn0270743	Dsim\GD29453	GD29453			unmatched
FBgn0270744	Dsim\GD29454	GD29454			unmatched
FBgn0270745	Dsim\GD29455	GD29455			unmatched
FBgn0270746	Dsim\GD29456	GD29456			unmatched
FBgn0270747	Dsim\GD29457	GD29457			unmatched
FBgn0270748	Dsim\GD29458	GD29458			unmatched
FBgn0270749	Dsim\GD29459	GD29459			unmatched
FBgn0270750	Dsim\GD29460	GD29460			unmatched
FBgn0270751	Dsim\GD29461	GD29461			unmatched
FBgn0270752	Dsim\GD29462	GD29462			unmatched
FBgn0270753	Dsim\GD29463	GD29463			unmatched
FBgn0270754	Dsim\GD29464	GD29464			unmatched
FBgn0270755	Dsim\GD29465	GD29465			unmatched
FBgn0270756	Dsim\GD29466	GD29466			unmatched
FBgn0270757	Dsim\GD29467	GD29467			unmatched
FBgn0270758	Dsim\GD29468	GD29468			unmatched
FBgn0270759	Dsim\GD29469	GD29469			unmatched
FBgn0270760	Dsim\GD29470	GD29470			unmatched
FBgn0270761	Dsim\GD29471	GD29471			unmatched
FBgn0270762	Dsim\GD29472	GD29472			unmatched
FBgn0270763	Dsim\GD29473	GD29473			unmatched
FBgn0270764	Dsim\GD29474	GD29474			unmatched
FBgn0270765	Dsim\GD29475	GD29475			unmatched
FBgn0270766	Dsim\GD29476	GD29476			unmatched
FBgn0270767	Dsim\GD29477	GD29477			unmatched
FBgn0270768	Dsim\GD29478	GD29478			unmatched
FBgn0270769	Dsim\GD29479	GD29479			unmatched
FBgn0270770	Dsim\GD29480	GD29480			unmatched
FBgn0270771	Dsim\GD29481	GD29481			unmatched
FBgn0270772	Dsim\GD29482	GD29482			unmatched
FBgn0270773	Dsim\GD29483	GD29483			unmatched
FBgn0270774	Dsim\GD29484	GD29484			unmatched
FBgn0270775	Dsim\GD29485	GD29485			unmatched
FBgn0270776	Dsim\GD29486	GD29486			unmatched
FBgn0270777	Dsim\GD29487	GD29487			unmatched
FBgn0270778	Dsim\GD29488	GD29488			unmatched
FBgn0270779	Dsim\GD29489	GD29489			unmatched
FBgn0270780	Dsim\GD29490	GD29490			unmatched
FBgn0270781	Dsim\GD29491	GD29491			unmatched
FBgn0270782	Dsim\GD29492	GD29492			unmatched
FBgn0270783	Dsim\GD29493	GD29493			unmatched
FBgn0270784	Dsim\GD29494	GD29494			unmatched
FBgn0270785	Dsim\GD29495	GD29495			unmatched
FBgn0270786	Dsim\GD29496	GD29496			unmatched
FBgn0270787	Dsim\GD29497	GD29497			unmatched
FBgn0270788	Dsim\GD29498	GD29498			unmatched
FBgn0270789	Dsim\GD29499	GD29499			unmatched
FBgn0270790	Dsim\GD29500	GD29500			unmatched
FBgn0270791	Dsim\GD29501	GD29501			unmatched
FBgn0270792	Dsim\GD29502	GD29502			unmatched
FBgn0270793	Dsim\GD29503	GD29503			unmatched
FBgn0270794	Dsim\GD29504	GD29504			unmatched
FBgn0270795	Dsim\GD29505	GD29505			unmatched
FBgn0270796	Dsim\GD29506	GD29506			unmatched
FBgn0270797	Dsim\GD29507	GD29507			unmatched
FBgn0270798	Dsim\GD29508	GD29508			unmatched
FBgn0270799	Dsim\GD29509	GD29509			unmatched
FBgn0270800	Dsim\GD29510	GD29510			unmatched
FBgn0270801	Dsim\GD29511	GD29511			unmatched
FBgn0270802	Dsim\GD29512	GD29512			unmatched
FBgn0270803	Dsim\GD29513	GD29513			unmatched
FBgn0270804	Dsim\GD29514	GD29514			unmatched
FBgn0270805	Dsim\GD29515	GD29515			unmatched
FBgn0270806	Dsim\GD29516	GD29516			unmatched
FBgn0270807	Dsim\GD29517	GD29517			unmatched
FBgn0270808	Dsim\GD29518	GD29518			unmatched
FBgn0270809	Dsim\GD29519	GD29519			unmatched
FBgn0270810	Dsim\GD29520	GD29520			unmatched
FBgn0270811	Dsim\GD29521	GD29521			unmatched
FBgn0270812	Dsim\GD29522	GD29522			unmatched
FBgn0270813	Dsim\GD29523	GD29523			unmatched
FBgn0270814	Dsim\GD29524	GD29524			unmatched
FBgn0270815	Dsim\GD29525	GD29525			unmatched
FBgn0270816	Dsim\GD29526	GD29526			unmatched
FBgn0270817	Dsim\GD29527	GD29527			unmatched
FBgn0270818	Dsim\GD29528	GD29528			unmatched
FBgn0270819	Dsim\GD29529	GD29529			unmatched
FBgn0270820	Dsim\GD29530	GD29530			unmatched
FBgn0270821	Dsim\GD29531	GD29531			unmatched
FBgn0270822	Dsim\GD29532	GD29532			unmatched
FBgn0270823	Dsim\GD29533	GD29533			unmatched
FBgn0270824	Dsim\GD29534	GD29534			unmatched
FBgn0270825	Dsim\GD29535	GD29535			unmatched
FBgn0270826	Dsim\GD29536	GD29536			unmatched
FBgn0270827	Dsim\GD29537	GD29537			unmatched
FBgn0270828	Dsim\GD29538	GD29538			unmatched
FBgn0270829	Dsim\GD29539	GD29539			unmatched
FBgn0270830	Dsim\GD29540	GD29540			unmatched
FBgn0270831	Dsim\GD29541	GD29541			unmatched
FBgn0270832	Dsim\GD29542	GD29542			unmatched
FBgn0270833	Dsim\GD29543	GD29543			unmatched
FBgn0270834	Dsim\GD29544	GD29544			unmatched
FBgn0270835	Dsim\GD29545	GD29545			unmatched
FBgn0270836	Dsim\GD29546	GD29546			unmatched
FBgn0270837	Dsim\GD29547	GD29547			unmatched
FBgn0270838	Dsim\GD29548	GD29548			unmatched
FBgn0270839	Dsim\GD29549	GD29549			unmatched
FBgn0270840	Dsim\GD29550	GD29550			unmatched
FBgn0270841	Dsim\GD29551	GD29551			unmatched
FBgn0270842	Dsim\GD29552	GD29552			unmatched
FBgn0270843	Dsim\GD29553	GD29553			unmatched
FBgn0270844	Dsim\GD29554	GD29554			unmatched
FBgn0270845	Dsim\GD29555	GD29555			unmatched
FBgn0270846	Dsim\GD29556	GD29556			unmatched
FBgn0270847	Dsim\GD29557	GD29557			unmatched
FBgn0270848	Dsim\GD29558	GD29558			unmatched
FBgn0270849	Dsim\GD29559	GD29559			unmatched
FBgn0270850	Dsim\GD29560	GD29560			unmatched
FBgn0270851	Dsim\GD29561	GD29561			unmatched
FBgn0270852	Dsim\GD29562	GD29562			unmatched
FBgn0270853	Dsim\GD29563	GD29563			unmatched
FBgn0270854	Dsim\GD29564	GD29564			unmatched
FBgn0270855	Dsim\GD29565	GD29565			unmatched
FBgn0270856	Dsim\GD29566	GD29566			unmatched
FBgn0270857	Dsim\GD29567	GD29567			unmatched
FBgn0270858	Dsim\GD29568	GD29568			unmatched
FBgn0270859	Dsim\GD29569	GD29569			unmatched
FBgn0270860	Dsim\GD29570	GD29570			unmatched
FBgn0270861	Dsim\GD29571	GD29571			unmatched
FBgn0270862	Dsim\GD29572	GD29572			unmatched
FBgn0270863	Dsim\GD29573	GD29573			unmatched
FBgn0270864	Dsim\GD29574	GD29574			unmatched
FBgn0270865	Dsim\GD29575	GD29575			unmatched
FBgn0270866	Dsim\GD29576	GD29576			unmatched
FBgn0270867	Dsim\GD29577	GD29577			unmatched
FBgn0270868	Dsim\GD29578	GD29578			unmatched
FBgn0270869	Dsim\GD29579	GD29579			unmatched
FBgn0270870	Dsim\GD29580	GD29580			unmatched
FBgn0270871	Dsim\GD29581	GD29581			unmatched
FBgn0270872	Dsim\GD29582	GD29582			unmatched
FBgn0270873	Dsim\GD29583	GD29583			unmatched
FBgn0270874	Dsim\GD29584	GD29584			unmatched
FBgn0270875	Dsim\GD29585	GD29585			unmatched
FBgn0270876	Dsim\GD29586	GD29586			unmatched
FBgn0270877	Dsim\GD29587	GD29587			unmatched
FBgn0270878	Dsim\GD29588	GD29588			unmatched
FBgn0270879	Dsim\GD29589	GD29589			unmatched
FBgn0270880	Dsim\GD29590	GD29590			unmatched
FBgn0270881	Dsim\GD29591	GD29591			unmatched
FBgn0270882	Dsim\GD29592	GD29592			unmatched
FBgn0270883	Dsim\GD29593	GD29593			unmatched
FBgn0270884	Dsim\GD29594	GD29594			unmatched
FBgn0270885	Dsim\GD29595	GD29595			unmatched
FBgn0270886	Dsim\GD29596	GD29596			unmatched
FBgn0270887	Dsim\GD29597	GD29597			unmatched
FBgn0270888	Dsim\GD29598	GD29598			unmatched
FBgn0270889	Dsim\GD29599	GD29599			unmatched
FBgn0270890	Dsim\GD29600	GD29600			unmatched
FBgn0270891	Dsim\GD29601	GD29601			unmatched
FBgn0270892	Dsim\GD29602	GD29602			unmatched
FBgn0270893	Dsim\GD29603	GD29603			unmatched
FBgn0270894	Dsim\GD29604	GD29604			unmatched
FBgn0270895	Dsim\GD29605	GD29605			unmatched
FBgn0270896	Dsim\GD29606	GD29606			unmatched
FBgn0270897	Dsim\GD29607	GD29607			unmatched
FBgn0270898	Dsim\GD29608	GD29608			unmatched
FBgn0270899	Dsim\GD29609	GD29609			unmatched
FBgn0270900	Dsim\GD29610	GD29610			unmatched
FBgn0270901	Dsim\GD29611	GD29611			unmatched
FBgn0270902	Dsim\GD29612	GD29612			unmatched
FBgn0270903	Dsim\GD29613	GD29613			unmatched
FBgn0270904	Dsim\GD29614	GD29614			unmatched
FBgn0270905	Dsim\GD29615	GD29615			unmatched
FBgn0270906	Dsim\GD29616	GD29616			unmatched
FBgn0270907	Dsim\GD29617	GD29617			unmatched
FBgn0270908	Dsim\GD29618	GD29618			unmatched
FBgn0270909	Dsim\GD29619	GD29619			unmatched
FBgn0270910	Dsim\GD29620	GD29620			unmatched
FBgn0270911	Dsim\GD29621	GD29621			unmatched
FBgn0270912	Dsim\GD29622	GD29622			unmatched
FBgn0270913	Dsim\GD29623	GD29623			unmatched
FBgn0270914	Dsim\GD29624	GD29624			unmatched
FBgn0270915	Dsim\GD29625	GD29625			unmatched
FBgn0270916	Dsim\GD29626	GD29626			unmatched
FBgn0270917	Dsim\GD29627	GD29627			unmatched
FBgn0270918	Dsim\GD29628	GD29628			unmatched
FBgn0270919	Dsim\GD29629	GD29629			unmatched
FBgn0270920	Dsim\GD29630	GD29630			unmatched
FBgn0270921	Dsim\GD29631	GD29631			unmatched
FBgn0270922	Dsim\GD29632	GD29632			unmatched
FBgn0283650	Dsim\mir-987	mir-987	FBgn0262220	mir-987	matched
